worker_id,job_id,worker_experience_years,worker_completed_jobs,worker_success_rate,worker_rating,required_skill_count,matched_skill_count,skill_match_ratio,location_match,distance_km,job_complexity,job_budget,successful
22,1,0,5,0.5497,3.99,3,0,0.0,0,44.68,3,8361.48,0
172,1,4,28,0.5778,3.8,3,0,0.0,0,45.27,3,8361.48,0
89,1,6,46,0.638,4.19,3,0,0.0,0,13.16,3,8361.48,0
139,1,14,78,0.859,4.26,3,0,0.0,0,38.57,3,8361.48,1
106,1,14,82,0.8372,4.36,3,1,0.3333,1,9.05,3,8361.48,1
194,1,14,19,0.8808,4.78,3,2,0.6667,0,37.1,3,8361.48,1
151,1,15,82,0.8701,4.24,3,0,0.0,0,14.81,3,8361.48,0
59,1,15,95,0.7931,4.34,3,1,0.3333,0,16.92,3,8361.48,0
142,1,13,25,0.884,4.46,3,1,0.3333,0,48.89,3,8361.48,1
16,1,8,40,0.7872,4.37,3,0,0.0,0,15.05,3,8361.48,1
100,1,14,66,0.7598,4.33,3,0,0.0,0,49.53,3,8361.48,1
134,1,4,4,0.6145,4.23,3,0,0.0,0,49.89,3,8361.48,0
108,1,15,105,0.9144,4.52,3,1,0.3333,0,43.36,3,8361.48,1
138,1,4,8,0.5727,4.06,3,0,0.0,0,46.43,3,8361.48,0
176,1,3,25,0.6773,4.38,3,0,0.0,0,12.68,3,8361.48,1
102,2,7,52,0.6535,4.16,1,0,0.0,0,32.66,1,7876.96,1
142,2,13,25,0.884,4.46,1,0,0.0,0,48.59,1,7876.96,1
84,2,1,9,0.5276,4.17,1,0,0.0,0,14.23,1,7876.96,0
71,2,7,13,0.7505,4.18,1,0,0.0,0,41.43,1,7876.96,0
134,2,4,4,0.6145,4.23,1,1,1.0,0,45.21,1,7876.96,1
118,2,8,8,0.7519,4.41,1,0,0.0,0,20.57,1,7876.96,1
4,2,5,32,0.6362,3.89,1,0,0.0,1,5.93,1,7876.96,1
180,2,9,69,0.8003,4.17,1,0,0.0,0,16.89,1,7876.96,1
160,2,15,74,0.8858,4.7,1,1,1.0,0,34.73,1,7876.96,1
151,2,15,82,0.8701,4.24,1,0,0.0,0,26.07,1,7876.96,1
108,2,15,105,0.9144,4.52,1,1,1.0,0,45.16,1,7876.96,1
29,2,12,19,0.7796,4.05,1,0,0.0,0,11.97,1,7876.96,1
107,2,7,43,0.6939,4.41,1,0,0.0,0,20.74,1,7876.96,1
39,2,15,47,0.913,4.8,1,1,1.0,0,23.51,1,7876.96,1
38,2,4,21,0.6007,3.86,1,0,0.0,1,3.45,1,7876.96,0
179,3,11,39,0.7301,4.52,1,1,1.0,0,13.57,1,11960.41,1
176,3,3,25,0.6773,4.38,1,1,1.0,0,46.54,1,11960.41,1
26,3,10,23,0.7448,4.1,1,1,1.0,0,29.38,1,11960.41,1
59,3,15,95,0.7931,4.34,1,0,0.0,0,24.96,1,11960.41,1
35,3,3,5,0.6218,4.07,1,0,0.0,0,41.66,1,11960.41,1
77,3,10,45,0.8585,4.62,1,0,0.0,0,38.38,1,11960.41,1
191,3,12,55,0.9253,4.61,1,0,0.0,0,41.22,1,11960.41,1
114,3,5,15,0.6065,4.11,1,1,1.0,0,32.75,1,11960.41,1
199,3,15,81,0.8197,4.46,1,0,0.0,0,45.01,1,11960.41,1
83,3,7,30,0.6573,3.84,1,0,0.0,0,12.31,1,11960.41,1
69,3,6,35,0.7259,4.42,1,1,1.0,0,12.02,1,11960.41,1
187,3,10,32,0.8495,4.59,1,1,1.0,0,17.96,1,11960.41,1
107,3,7,43,0.6939,4.41,1,0,0.0,0,28.57,1,11960.41,1
155,3,2,12,0.6036,4.08,1,0,0.0,0,46.92,1,11960.41,0
166,3,9,58,0.7486,4.2,1,0,0.0,0,19.68,1,11960.41,1
115,4,7,36,0.7398,4.26,2,1,0.5,0,11.99,5,12153.1,0
46,4,9,38,0.7151,4.33,2,0,0.0,0,41.19,5,12153.1,1
122,4,5,21,0.7395,4.55,2,0,0.0,0,18.85,5,12153.1,1
151,4,15,82,0.8701,4.24,2,0,0.0,0,18.27,5,12153.1,0
142,4,13,25,0.884,4.46,2,0,0.0,0,30.53,5,12153.1,0
90,4,2,7,0.5005,3.82,2,0,0.0,0,48.69,5,12153.1,0
89,4,6,46,0.638,4.19,2,1,0.5,0,28.96,5,12153.1,1
42,4,1,5,0.5406,4.18,2,0,0.0,0,16.93,5,12153.1,0
67,4,1,6,0.5154,3.62,2,0,0.0,0,18.95,5,12153.1,0
192,4,13,23,0.8275,4.74,2,2,1.0,0,47.72,5,12153.1,1
177,4,8,36,0.813,4.2,2,0,0.0,0,38.37,5,12153.1,1
24,4,6,40,0.6238,4.33,2,0,0.0,0,45.82,5,12153.1,0
73,4,3,16,0.6979,4.29,2,0,0.0,1,4.86,5,12153.1,1
8,4,8,37,0.7644,4.24,2,0,0.0,0,22.09,5,12153.1,0
99,4,2,12,0.5454,3.7,2,1,0.5,0,34.94,5,12153.1,0
2,5,2,20,0.5759,3.7,1,0,0.0,0,49.53,4,1453.35,0
131,5,10,41,0.878,4.7,1,0,0.0,0,44.46,4,1453.35,1
170,5,11,13,0.7903,4.18,1,0,0.0,0,38.44,4,1453.35,0
96,5,1,13,0.6111,4.03,1,0,0.0,0,21.95,4,1453.35,1
144,5,9,54,0.6936,4.2,1,0,0.0,0,40.62,4,1453.35,0
166,5,9,58,0.7486,4.2,1,0,0.0,0,42.22,4,1453.35,0
153,5,15,110,0.8275,4.22,1,1,1.0,0,34.0,4,1453.35,1
156,5,10,31,0.8442,4.54,1,0,0.0,0,37.23,4,1453.35,0
73,5,3,16,0.6979,4.29,1,0,0.0,0,36.22,4,1453.35,0
77,5,10,45,0.8585,4.62,1,0,0.0,0,20.38,4,1453.35,1
176,5,3,25,0.6773,4.38,1,0,0.0,0,25.53,4,1453.35,1
28,5,0,1,0.6167,4.27,1,1,1.0,0,38.32,4,1453.35,1
124,5,8,42,0.6722,4.08,1,0,0.0,0,17.6,4,1453.35,0
17,5,11,31,0.8221,4.6,1,1,1.0,0,18.89,4,1453.35,1
87,5,2,9,0.5213,4.05,1,0,0.0,0,41.4,4,1453.35,0
172,6,4,28,0.5778,3.8,3,1,0.3333,0,42.33,1,12438.42,0
92,6,7,48,0.6518,3.98,3,0,0.0,0,17.32,1,12438.42,0
130,6,11,18,0.7967,4.2,3,1,0.3333,0,23.43,1,12438.42,1
77,6,10,45,0.8585,4.62,3,1,0.3333,0,24.21,1,12438.42,1
44,6,5,31,0.5795,4.13,3,1,0.3333,0,22.28,1,12438.42,0
169,6,12,94,0.8925,4.74,3,1,0.3333,0,23.25,1,12438.42,1
143,6,10,25,0.7739,4.57,3,0,0.0,1,3.29,1,12438.42,0
47,6,11,93,0.8167,4.53,3,0,0.0,0,28.82,1,12438.42,0
76,6,10,13,0.789,4.27,3,0,0.0,0,33.34,1,12438.42,0
25,6,3,6,0.6436,4.02,3,0,0.0,1,1.18,1,12438.42,0
121,6,10,63,0.7316,4.05,3,1,0.3333,0,30.02,1,12438.42,0
33,6,2,15,0.6183,4.1,3,0,0.0,0,25.27,1,12438.42,1
190,6,11,17,0.8808,4.43,3,2,0.6667,0,12.16,1,12438.42,1
67,6,1,6,0.5154,3.62,3,0,0.0,0,15.49,1,12438.42,1
186,6,2,13,0.5434,4.02,3,0,0.0,0,26.37,1,12438.42,0
118,7,8,8,0.7519,4.41,1,1,1.0,0,20.94,5,7024.63,1
37,7,9,22,0.844,4.25,1,0,0.0,1,2.1,5,7024.63,0
81,7,9,41,0.7165,4.37,1,0,0.0,0,29.58,5,7024.63,0
184,7,13,36,0.8696,4.27,1,0,0.0,0,13.52,5,7024.63,0
47,7,11,93,0.8167,4.53,1,0,0.0,0,35.34,5,7024.63,1
200,7,15,40,0.7721,4.55,1,0,0.0,0,48.61,5,7024.63,1
21,7,11,67,0.8869,4.52,1,1,1.0,0,11.51,5,7024.63,1
125,7,0,5,0.6092,4.08,1,0,0.0,0,24.92,5,7024.63,1
86,7,12,74,0.7633,4.4,1,0,0.0,0,22.89,5,7024.63,0
162,7,2,11,0.5831,3.72,1,0,0.0,0,17.62,5,7024.63,0
46,7,9,38,0.7151,4.33,1,0,0.0,0,35.07,5,7024.63,1
163,7,14,88,0.8498,4.65,1,1,1.0,0,37.74,5,7024.63,1
15,7,8,57,0.7654,4.09,1,0,0.0,0,15.16,5,7024.63,1
2,7,2,20,0.5759,3.7,1,0,0.0,0,33.55,5,7024.63,1
116,7,14,58,0.9278,4.5,1,0,0.0,0,42.95,5,7024.63,1
75,8,7,60,0.7932,4.25,2,0,0.0,0,16.6,2,3138.47,0
117,8,12,73,0.7692,4.26,2,0,0.0,0,42.48,2,3138.47,1
187,8,10,32,0.8495,4.59,2,1,0.5,0,18.97,2,3138.47,0
134,8,4,4,0.6145,4.23,2,1,0.5,1,2.51,2,3138.47,1
153,8,15,110,0.8275,4.22,2,1,0.5,0,30.19,2,3138.47,1
135,8,1,3,0.6085,4.06,2,0,0.0,0,38.44,2,3138.47,0
87,8,2,9,0.5213,4.05,2,1,0.5,1,4.06,2,3138.47,1
112,8,3,27,0.6391,4.32,2,0,0.0,0,40.85,2,3138.47,0
176,8,3,25,0.6773,4.38,2,1,0.5,0,33.76,2,3138.47,1
35,8,3,5,0.6218,4.07,2,0,0.0,0,14.32,2,3138.47,0
88,8,14,70,0.8035,4.45,2,0,0.0,0,11.93,2,3138.47,1
126,8,9,61,0.696,3.93,2,1,0.5,0,27.77,2,3138.47,1
92,8,7,48,0.6518,3.98,2,0,0.0,0,20.11,2,3138.47,0
193,8,10,47,0.7552,4.37,2,0,0.0,0,18.22,2,3138.47,0
49,8,3,15,0.6869,4.0,2,2,1.0,0,10.37,2,3138.47,1
26,9,10,23,0.7448,4.1,2,0,0.0,0,14.56,3,8012.48,1
170,9,11,13,0.7903,4.18,2,1,0.5,0,17.95,3,8012.48,1
134,9,4,4,0.6145,4.23,2,1,0.5,0,20.52,3,8012.48,1
70,9,9,22,0.7792,4.61,2,0,0.0,0,18.07,3,8012.48,0
160,9,15,74,0.8858,4.7,2,0,0.0,0,21.81,3,8012.48,1
156,9,10,31,0.8442,4.54,2,0,0.0,0,29.85,3,8012.48,1
180,9,9,69,0.8003,4.17,2,2,1.0,0,47.32,3,8012.48,1
36,9,9,29,0.7539,4.33,2,1,0.5,0,10.11,3,8012.48,1
108,9,15,105,0.9144,4.52,2,1,0.5,0,46.28,3,8012.48,1
27,9,8,37,0.695,4.45,2,1,0.5,0,36.76,3,8012.48,1
131,9,10,41,0.878,4.7,2,1,0.5,0,13.6,3,8012.48,1
185,9,0,4,0.6072,3.77,2,1,0.5,0,38.94,3,8012.48,1
159,9,4,19,0.5685,3.83,2,0,0.0,0,20.24,3,8012.48,1
31,9,1,1,0.5802,4.0,2,2,1.0,0,49.55,3,8012.48,1
73,9,3,16,0.6979,4.29,2,0,0.0,0,28.57,3,8012.48,1
45,10,3,15,0.682,4.39,1,0,0.0,0,35.89,2,14053.7,1
11,10,6,47,0.6899,4.42,1,1,1.0,0,45.78,2,14053.7,0
75,10,7,60,0.7932,4.25,1,0,0.0,0,20.73,2,14053.7,0
93,10,5,24,0.6821,4.37,1,0,0.0,0,24.9,2,14053.7,1
174,10,9,69,0.8377,4.27,1,0,0.0,0,14.55,2,14053.7,1
81,10,9,41,0.7165,4.37,1,0,0.0,1,4.84,2,14053.7,0
110,10,2,17,0.6407,3.96,1,1,1.0,0,37.6,2,14053.7,1
190,10,11,17,0.8808,4.43,1,0,0.0,0,26.87,2,14053.7,0
30,10,15,34,0.7842,4.19,1,0,0.0,0,16.67,2,14053.7,1
25,10,3,6,0.6436,4.02,1,0,0.0,0,39.06,2,14053.7,0
195,10,12,58,0.8424,4.62,1,1,1.0,0,43.77,2,14053.7,1
12,10,7,54,0.726,4.11,1,0,0.0,0,46.45,2,14053.7,1
3,10,6,51,0.717,4.27,1,0,0.0,0,32.76,2,14053.7,1
36,10,9,29,0.7539,4.33,1,0,0.0,0,34.45,2,14053.7,0
170,10,11,13,0.7903,4.18,1,0,0.0,0,34.45,2,14053.7,0
187,11,10,32,0.8495,4.59,2,0,0.0,0,30.99,5,4133.78,0
34,11,8,33,0.6736,4.25,2,0,0.0,0,38.95,5,4133.78,1
124,11,8,42,0.6722,4.08,2,0,0.0,0,48.23,5,4133.78,0
125,11,0,5,0.6092,4.08,2,0,0.0,0,30.76,5,4133.78,0
29,11,12,19,0.7796,4.05,2,1,0.5,0,34.73,5,4133.78,1
106,11,14,82,0.8372,4.36,2,1,0.5,0,39.07,5,4133.78,1
113,11,1,6,0.6183,3.94,2,1,0.5,0,36.55,5,4133.78,0
12,11,7,54,0.726,4.11,2,0,0.0,0,15.95,5,4133.78,0
17,11,11,31,0.8221,4.6,2,0,0.0,0,45.68,5,4133.78,0
67,11,1,6,0.5154,3.62,2,0,0.0,0,10.47,5,4133.78,0
168,11,2,20,0.6195,4.32,2,1,0.5,0,30.22,5,4133.78,1
81,11,9,41,0.7165,4.37,2,1,0.5,0,29.83,5,4133.78,1
4,11,5,32,0.6362,3.89,2,0,0.0,0,40.06,5,4133.78,0
181,11,8,21,0.8003,4.42,2,1,0.5,0,23.24,5,4133.78,1
174,11,9,69,0.8377,4.27,2,2,1.0,0,30.28,5,4133.78,1
97,12,2,17,0.5626,3.86,2,0,0.0,0,14.11,5,8235.43,0
104,12,7,36,0.7242,4.18,2,1,0.5,1,5.79,5,8235.43,1
61,12,13,65,0.8096,4.39,2,0,0.0,0,13.64,5,8235.43,0
21,12,11,67,0.8869,4.52,2,0,0.0,0,34.76,5,8235.43,1
118,12,8,8,0.7519,4.41,2,1,0.5,0,30.33,5,8235.43,1
114,12,5,15,0.6065,4.11,2,1,0.5,0,36.86,5,8235.43,0
147,12,4,29,0.5625,4.11,2,0,0.0,0,24.53,5,8235.43,1
115,12,7,36,0.7398,4.26,2,2,1.0,0,18.92,5,8235.43,1
23,12,7,11,0.788,4.58,2,1,0.5,0,32.41,5,8235.43,1
128,12,3,29,0.6131,4.0,2,0,0.0,0,28.93,5,8235.43,0
81,12,9,41,0.7165,4.37,2,0,0.0,0,38.64,5,8235.43,1
31,12,1,1,0.5802,4.0,2,0,0.0,0,40.37,5,8235.43,0
191,12,12,55,0.9253,4.61,2,1,0.5,0,23.65,5,8235.43,1
168,12,2,20,0.6195,4.32,2,2,1.0,0,48.58,5,8235.43,1
5,12,12,24,0.8146,4.32,2,0,0.0,0,30.88,5,8235.43,0
12,13,7,54,0.726,4.11,3,1,0.3333,1,2.55,5,10949.18,0
43,13,11,82,0.8841,4.49,3,1,0.3333,1,2.31,5,10949.18,1
127,13,7,41,0.6494,4.09,3,2,0.6667,0,40.29,5,10949.18,1
36,13,9,29,0.7539,4.33,3,1,0.3333,0,35.33,5,10949.18,1
184,13,13,36,0.8696,4.27,3,1,0.3333,0,14.93,5,10949.18,0
191,13,12,55,0.9253,4.61,3,1,0.3333,0,28.3,5,10949.18,1
185,13,0,4,0.6072,3.77,3,0,0.0,0,30.17,5,10949.18,0
105,13,13,56,0.9182,4.61,3,1,0.3333,0,10.17,5,10949.18,1
28,13,0,1,0.6167,4.27,3,1,0.3333,0,32.13,5,10949.18,0
66,13,10,58,0.7501,4.57,3,0,0.0,0,33.4,5,10949.18,0
157,13,3,10,0.6034,3.98,3,1,0.3333,0,41.24,5,10949.18,0
51,13,13,54,0.8224,4.31,3,1,0.3333,0,37.67,5,10949.18,1
49,13,3,15,0.6869,4.0,3,2,0.6667,0,42.61,5,10949.18,1
31,13,1,1,0.5802,4.0,3,1,0.3333,0,36.3,5,10949.18,0
101,13,4,22,0.6289,4.2,3,1,0.3333,0,22.87,5,10949.18,0
108,14,15,105,0.9144,4.52,2,1,0.5,0,45.46,5,1677.73,1
156,14,10,31,0.8442,4.54,2,0,0.0,0,43.72,5,1677.73,1
178,14,14,58,0.9175,4.55,2,0,0.0,0,22.56,5,1677.73,0
196,14,14,18,0.7727,4.18,2,1,0.5,0,32.14,5,1677.73,1
64,14,4,5,0.7132,4.29,2,0,0.0,1,2.49,5,1677.73,0
71,14,7,13,0.7505,4.18,2,1,0.5,0,37.46,5,1677.73,0
102,14,7,52,0.6535,4.16,2,1,0.5,0,15.31,5,1677.73,0
88,14,14,70,0.8035,4.45,2,2,1.0,0,49.01,5,1677.73,1
76,14,10,13,0.789,4.27,2,0,0.0,0,31.7,5,1677.73,0
116,14,14,58,0.9278,4.5,2,0,0.0,0,38.41,5,1677.73,0
35,14,3,5,0.6218,4.07,2,0,0.0,0,32.49,5,1677.73,0
36,14,9,29,0.7539,4.33,2,0,0.0,0,47.71,5,1677.73,0
106,14,14,82,0.8372,4.36,2,0,0.0,0,36.97,5,1677.73,0
155,14,2,12,0.6036,4.08,2,1,0.5,0,31.36,5,1677.73,0
180,14,9,69,0.8003,4.17,2,2,1.0,0,26.9,5,1677.73,1
28,15,0,1,0.6167,4.27,2,2,1.0,0,37.62,4,9765.37,1
7,15,1,11,0.516,3.75,2,1,0.5,0,40.14,4,9765.37,1
98,15,15,51,0.8693,4.45,2,0,0.0,0,42.56,4,9765.37,1
38,15,4,21,0.6007,3.86,2,0,0.0,0,44.72,4,9765.37,0
14,15,2,14,0.5687,4.27,2,0,0.0,0,44.59,4,9765.37,0
172,15,4,28,0.5778,3.8,2,0,0.0,1,5.83,4,9765.37,1
15,15,8,57,0.7654,4.09,2,0,0.0,0,41.37,4,9765.37,0
52,15,5,44,0.6774,4.11,2,2,1.0,0,21.51,4,9765.37,1
69,15,6,35,0.7259,4.42,2,0,0.0,0,47.06,4,9765.37,1
193,15,10,47,0.7552,4.37,2,0,0.0,0,48.27,4,9765.37,0
42,15,1,5,0.5406,4.18,2,1,0.5,0,22.51,4,9765.37,1
74,15,8,47,0.7955,4.4,2,1,0.5,0,10.52,4,9765.37,1
175,15,13,33,0.897,4.75,2,0,0.0,0,34.82,4,9765.37,0
65,15,4,33,0.5827,3.85,2,0,0.0,0,44.8,4,9765.37,0
16,15,8,40,0.7872,4.37,2,1,0.5,0,46.46,4,9765.37,1
166,16,9,58,0.7486,4.2,3,0,0.0,0,12.98,4,4050.73,0
95,16,10,42,0.7047,4.06,3,1,0.3333,0,39.4,4,4050.73,1
194,16,14,19,0.8808,4.78,3,1,0.3333,0,11.63,4,4050.73,1
151,16,15,82,0.8701,4.24,3,0,0.0,0,20.57,4,4050.73,1
140,16,7,33,0.686,4.16,3,0,0.0,0,43.84,4,4050.73,1
190,16,11,17,0.8808,4.43,3,1,0.3333,0,28.65,4,4050.73,0
155,16,2,12,0.6036,4.08,3,0,0.0,0,11.6,4,4050.73,0
51,16,13,54,0.8224,4.31,3,1,0.3333,0,33.88,4,4050.73,1
199,16,15,81,0.8197,4.46,3,1,0.3333,0,35.01,4,4050.73,0
186,16,2,13,0.5434,4.02,3,0,0.0,0,22.05,4,4050.73,0
50,16,13,21,0.9208,4.86,3,2,0.6667,0,32.01,4,4050.73,1
76,16,10,13,0.789,4.27,3,1,0.3333,1,7.22,4,4050.73,1
115,16,7,36,0.7398,4.26,3,2,0.6667,0,48.28,4,4050.73,1
46,16,9,38,0.7151,4.33,3,2,0.6667,0,41.45,4,4050.73,1
175,16,13,33,0.897,4.75,3,0,0.0,0,31.72,4,4050.73,1
90,17,2,7,0.5005,3.82,2,0,0.0,0,14.59,4,2792.17,0
57,17,7,61,0.6468,3.89,2,1,0.5,0,19.61,4,2792.17,1
55,17,0,1,0.5,3.84,2,0,0.0,0,46.74,4,2792.17,0
170,17,11,13,0.7903,4.18,2,1,0.5,0,11.6,4,2792.17,0
85,17,9,69,0.7612,4.22,2,2,1.0,1,4.12,4,2792.17,1
93,17,5,24,0.6821,4.37,2,2,1.0,0,14.53,4,2792.17,1
76,17,10,13,0.789,4.27,2,0,0.0,0,38.96,4,2792.17,1
56,17,12,43,0.7766,4.46,2,1,0.5,0,30.67,4,2792.17,1
193,17,10,47,0.7552,4.37,2,1,0.5,0,30.57,4,2792.17,1
159,17,4,19,0.5685,3.83,2,1,0.5,0,29.47,4,2792.17,1
136,17,7,46,0.6328,4.26,2,1,0.5,0,36.06,4,2792.17,1
122,17,5,21,0.7395,4.55,2,2,1.0,0,13.29,4,2792.17,1
144,17,9,54,0.6936,4.2,2,1,0.5,0,48.87,4,2792.17,1
167,17,2,12,0.517,3.99,2,0,0.0,0,31.33,4,2792.17,0
3,17,6,51,0.717,4.27,2,0,0.0,0,18.43,4,2792.17,0
55,18,0,1,0.5,3.84,2,1,0.5,0,28.37,3,9296.57,1
176,18,3,25,0.6773,4.38,2,0,0.0,0,13.5,3,9296.57,1
109,18,3,17,0.5429,4.17,2,0,0.0,0,41.77,3,9296.57,0
27,18,8,37,0.695,4.45,2,0,0.0,0,33.0,3,9296.57,1
53,18,10,69,0.7795,4.46,2,1,0.5,0,20.35,3,9296.57,1
138,18,4,8,0.5727,4.06,2,0,0.0,0,35.21,3,9296.57,0
180,18,9,69,0.8003,4.17,2,0,0.0,0,10.68,3,9296.57,0
190,18,11,17,0.8808,4.43,2,1,0.5,0,31.39,3,9296.57,1
199,18,15,81,0.8197,4.46,2,2,1.0,0,34.73,3,9296.57,1
112,18,3,27,0.6391,4.32,2,0,0.0,0,33.42,3,9296.57,0
166,18,9,58,0.7486,4.2,2,0,0.0,0,12.9,3,9296.57,0
19,18,2,4,0.6317,4.28,2,1,0.5,0,14.25,3,9296.57,0
192,18,13,23,0.8275,4.74,2,0,0.0,0,22.05,3,9296.57,1
40,18,4,20,0.5791,3.96,2,0,0.0,0,40.61,3,9296.57,0
7,18,1,11,0.516,3.75,2,0,0.0,0,25.8,3,9296.57,0
122,19,5,21,0.7395,4.55,3,1,0.3333,0,24.93,5,11529.64,0
41,19,2,6,0.5982,4.23,3,1,0.3333,0,32.14,5,11529.64,0
137,19,15,123,0.8223,4.54,3,2,0.6667,0,14.93,5,11529.64,1
57,19,7,61,0.6468,3.89,3,1,0.3333,0,33.87,5,11529.64,1
35,19,3,5,0.6218,4.07,3,1,0.3333,1,9.5,5,11529.64,1
192,19,13,23,0.8275,4.74,3,1,0.3333,1,7.61,5,11529.64,0
101,19,4,22,0.6289,4.2,3,1,0.3333,0,23.75,5,11529.64,1
140,19,7,33,0.686,4.16,3,1,0.3333,0,35.84,5,11529.64,1
76,19,10,13,0.789,4.27,3,1,0.3333,0,16.44,5,11529.64,1
163,19,14,88,0.8498,4.65,3,2,0.6667,0,43.39,5,11529.64,1
37,19,9,22,0.844,4.25,3,0,0.0,0,17.25,5,11529.64,0
77,19,10,45,0.8585,4.62,3,0,0.0,0,44.09,5,11529.64,0
174,19,9,69,0.8377,4.27,3,1,0.3333,0,47.29,5,11529.64,0
187,19,10,32,0.8495,4.59,3,0,0.0,0,28.45,5,11529.64,1
166,19,9,58,0.7486,4.2,3,1,0.3333,0,21.63,5,11529.64,1
26,20,10,23,0.7448,4.1,3,0,0.0,1,3.52,4,2276.57,1
51,20,13,54,0.8224,4.31,3,0,0.0,0,34.65,4,2276.57,1
186,20,2,13,0.5434,4.02,3,1,0.3333,0,33.37,4,2276.57,0
149,20,4,14,0.6858,3.91,3,0,0.0,0,24.58,4,2276.57,1
125,20,0,5,0.6092,4.08,3,1,0.3333,0,27.13,4,2276.57,1
85,20,9,69,0.7612,4.22,3,1,0.3333,0,19.85,4,2276.57,1
92,20,7,48,0.6518,3.98,3,0,0.0,0,39.59,4,2276.57,0
33,20,2,15,0.6183,4.1,3,2,0.6667,0,43.6,4,2276.57,1
172,20,4,28,0.5778,3.8,3,0,0.0,0,39.32,4,2276.57,0
168,20,2,20,0.6195,4.32,3,1,0.3333,0,28.51,4,2276.57,1
61,20,13,65,0.8096,4.39,3,0,0.0,0,22.22,4,2276.57,1
73,20,3,16,0.6979,4.29,3,0,0.0,1,2.17,4,2276.57,0
159,20,4,19,0.5685,3.83,3,1,0.3333,0,43.67,4,2276.57,0
18,20,10,72,0.7035,4.47,3,1,0.3333,0,15.6,4,2276.57,1
50,20,13,21,0.9208,4.86,3,1,0.3333,0,20.53,4,2276.57,0
20,21,5,21,0.67,4.22,1,0,0.0,0,45.76,4,1233.78,0
187,21,10,32,0.8495,4.59,1,1,1.0,0,36.16,4,1233.78,1
5,21,12,24,0.8146,4.32,1,0,0.0,0,25.7,4,1233.78,0
130,21,11,18,0.7967,4.2,1,0,0.0,1,6.1,4,1233.78,0
162,21,2,11,0.5831,3.72,1,0,0.0,0,15.36,4,1233.78,0
8,21,8,37,0.7644,4.24,1,0,0.0,0,13.62,4,1233.78,1
149,21,4,14,0.6858,3.91,1,0,0.0,1,0.6,4,1233.78,1
104,21,7,36,0.7242,4.18,1,0,0.0,0,48.56,4,1233.78,0
197,21,14,61,0.817,4.58,1,0,0.0,0,37.37,4,1233.78,0
152,21,6,25,0.7702,4.5,1,0,0.0,0,15.61,4,1233.78,1
55,21,0,1,0.5,3.84,1,0,0.0,1,5.88,4,1233.78,0
10,21,1,4,0.6229,4.25,1,0,0.0,0,44.89,4,1233.78,1
142,21,13,25,0.884,4.46,1,0,0.0,0,39.28,4,1233.78,0
67,21,1,6,0.5154,3.62,1,0,0.0,0,11.62,4,1233.78,0
140,21,7,33,0.686,4.16,1,0,0.0,0,19.27,4,1233.78,1
60,22,10,79,0.7145,4.03,3,1,0.3333,0,35.34,3,14039.4,1
11,22,6,47,0.6899,4.42,3,1,0.3333,0,39.68,3,14039.4,1
172,22,4,28,0.5778,3.8,3,0,0.0,0,32.81,3,14039.4,0
53,22,10,69,0.7795,4.46,3,1,0.3333,0,25.14,3,14039.4,1
133,22,8,62,0.8271,4.73,3,1,0.3333,0,45.93,3,14039.4,1
93,22,5,24,0.6821,4.37,3,0,0.0,0,20.06,3,14039.4,0
100,22,14,66,0.7598,4.33,3,2,0.6667,0,18.92,3,14039.4,1
121,22,10,63,0.7316,4.05,3,0,0.0,0,42.69,3,14039.4,1
117,22,12,73,0.7692,4.26,3,1,0.3333,1,8.03,3,14039.4,1
12,22,7,54,0.726,4.11,3,1,0.3333,0,10.26,3,14039.4,0
167,22,2,12,0.517,3.99,3,1,0.3333,0,27.6,3,14039.4,1
83,22,7,30,0.6573,3.84,3,0,0.0,0,30.58,3,14039.4,1
27,22,8,37,0.695,4.45,3,0,0.0,0,16.01,3,14039.4,1
181,22,8,21,0.8003,4.42,3,2,0.6667,0,34.08,3,14039.4,1
134,22,4,4,0.6145,4.23,3,1,0.3333,0,36.44,3,14039.4,1
85,23,9,69,0.7612,4.22,1,0,0.0,0,32.94,4,14941.56,1
185,23,0,4,0.6072,3.77,1,0,0.0,0,35.18,4,14941.56,1
30,23,15,34,0.7842,4.19,1,0,0.0,0,32.89,4,14941.56,1
124,23,8,42,0.6722,4.08,1,0,0.0,0,20.33,4,14941.56,1
173,23,13,59,0.8717,4.36,1,0,0.0,1,9.6,4,14941.56,1
123,23,4,18,0.7048,4.35,1,0,0.0,0,32.54,4,14941.56,1
54,23,10,21,0.8473,4.63,1,1,1.0,0,38.78,4,14941.56,1
152,23,6,25,0.7702,4.5,1,0,0.0,0,21.34,4,14941.56,1
42,23,1,5,0.5406,4.18,1,0,0.0,0,27.97,4,14941.56,0
166,23,9,58,0.7486,4.2,1,0,0.0,0,44.69,4,14941.56,1
106,23,14,82,0.8372,4.36,1,0,0.0,0,43.21,4,14941.56,1
6,23,3,15,0.5392,3.8,1,0,0.0,0,41.78,4,14941.56,0
63,23,15,43,0.7991,4.38,1,1,1.0,0,17.28,4,14941.56,1
12,23,7,54,0.726,4.11,1,0,0.0,0,20.58,4,14941.56,0
33,23,2,15,0.6183,4.1,1,0,0.0,0,23.71,4,14941.56,0
152,24,6,25,0.7702,4.5,2,0,0.0,0,13.85,4,1805.71,0
18,24,10,72,0.7035,4.47,2,0,0.0,0,34.59,4,1805.71,1
59,24,15,95,0.7931,4.34,2,1,0.5,0,41.35,4,1805.71,1
97,24,2,17,0.5626,3.86,2,0,0.0,0,14.7,4,1805.71,0
99,24,2,12,0.5454,3.7,2,0,0.0,0,15.21,4,1805.71,0
34,24,8,33,0.6736,4.25,2,1,0.5,0,43.1,4,1805.71,0
28,24,0,1,0.6167,4.27,2,1,0.5,0,40.99,4,1805.71,0
5,24,12,24,0.8146,4.32,2,1,0.5,0,30.88,4,1805.71,1
52,24,5,44,0.6774,4.11,2,1,0.5,1,0.91,4,1805.71,1
134,24,4,4,0.6145,4.23,2,1,0.5,0,19.18,4,1805.71,0
130,24,11,18,0.7967,4.2,2,1,0.5,0,41.58,4,1805.71,1
176,24,3,25,0.6773,4.38,2,0,0.0,0,33.56,4,1805.71,0
108,24,15,105,0.9144,4.52,2,0,0.0,0,40.46,4,1805.71,0
39,24,15,47,0.913,4.8,2,1,0.5,0,13.91,4,1805.71,1
156,24,10,31,0.8442,4.54,2,0,0.0,0,29.09,4,1805.71,1
22,25,0,5,0.5497,3.99,3,0,0.0,0,18.22,1,5616.98,0
73,25,3,16,0.6979,4.29,3,0,0.0,0,26.35,1,5616.98,1
154,25,11,20,0.7965,4.53,3,1,0.3333,0,27.04,1,5616.98,1
140,25,7,33,0.686,4.16,3,0,0.0,0,20.45,1,5616.98,1
105,25,13,56,0.9182,4.61,3,1,0.3333,0,32.59,1,5616.98,1
66,25,10,58,0.7501,4.57,3,1,0.3333,0,49.67,1,5616.98,1
49,25,3,15,0.6869,4.0,3,2,0.6667,0,18.15,1,5616.98,1
2,25,2,20,0.5759,3.7,3,1,0.3333,0,32.3,1,5616.98,1
182,25,3,4,0.5679,4.06,3,1,0.3333,1,5.81,1,5616.98,1
191,25,12,55,0.9253,4.61,3,1,0.3333,0,49.54,1,5616.98,1
148,25,6,30,0.6756,4.07,3,0,0.0,0,40.97,1,5616.98,1
134,25,4,4,0.6145,4.23,3,0,0.0,1,1.81,1,5616.98,0
31,25,1,1,0.5802,4.0,3,1,0.3333,0,14.76,1,5616.98,1
97,25,2,17,0.5626,3.86,3,0,0.0,0,41.32,1,5616.98,0
168,25,2,20,0.6195,4.32,3,1,0.3333,0,14.01,1,5616.98,1
87,26,2,9,0.5213,4.05,2,0,0.0,0,27.42,1,8282.02,1
141,26,13,53,0.8697,4.44,2,1,0.5,0,18.87,1,8282.02,1
158,26,5,9,0.6669,3.92,2,1,0.5,0,11.51,1,8282.02,1
179,26,11,39,0.7301,4.52,2,0,0.0,0,49.38,1,8282.02,1
176,26,3,25,0.6773,4.38,2,0,0.0,1,5.45,1,8282.02,0
181,26,8,21,0.8003,4.42,2,0,0.0,0,33.9,1,8282.02,0
14,26,2,14,0.5687,4.27,2,0,0.0,0,42.81,1,8282.02,0
42,26,1,5,0.5406,4.18,2,1,0.5,0,27.56,1,8282.02,1
100,26,14,66,0.7598,4.33,2,1,0.5,0,36.28,1,8282.02,1
163,26,14,88,0.8498,4.65,2,1,0.5,0,21.44,1,8282.02,1
2,26,2,20,0.5759,3.7,2,0,0.0,0,33.98,1,8282.02,0
24,26,6,40,0.6238,4.33,2,1,0.5,0,19.27,1,8282.02,1
38,26,4,21,0.6007,3.86,2,0,0.0,0,11.44,1,8282.02,1
121,26,10,63,0.7316,4.05,2,1,0.5,0,10.01,1,8282.02,1
154,26,11,20,0.7965,4.53,2,1,0.5,0,49.87,1,8282.02,1
91,27,9,67,0.6878,4.03,2,0,0.0,0,43.19,3,11575.92,0
172,27,4,28,0.5778,3.8,2,0,0.0,0,23.92,3,11575.92,0
102,27,7,52,0.6535,4.16,2,0,0.0,0,21.06,3,11575.92,0
104,27,7,36,0.7242,4.18,2,1,0.5,0,17.78,3,11575.92,0
151,27,15,82,0.8701,4.24,2,0,0.0,0,33.0,3,11575.92,1
52,27,5,44,0.6774,4.11,2,1,0.5,0,26.29,3,11575.92,1
133,27,8,62,0.8271,4.73,2,1,0.5,0,12.9,3,11575.92,1
4,27,5,32,0.6362,3.89,2,0,0.0,1,9.5,3,11575.92,0
189,27,9,74,0.7467,4.48,2,1,0.5,0,48.27,3,11575.92,0
181,27,8,21,0.8003,4.42,2,2,1.0,0,42.53,3,11575.92,1
18,27,10,72,0.7035,4.47,2,0,0.0,0,37.77,3,11575.92,0
24,27,6,40,0.6238,4.33,2,0,0.0,0,32.53,3,11575.92,0
141,27,13,53,0.8697,4.44,2,0,0.0,0,40.3,3,11575.92,0
73,27,3,16,0.6979,4.29,2,1,0.5,0,28.35,3,11575.92,1
186,27,2,13,0.5434,4.02,2,1,0.5,0,33.47,3,11575.92,1
30,28,15,34,0.7842,4.19,1,0,0.0,1,7.16,2,8769.08,1
67,28,1,6,0.5154,3.62,1,0,0.0,1,3.23,2,8769.08,1
18,28,10,72,0.7035,4.47,1,0,0.0,0,39.95,2,8769.08,1
98,28,15,51,0.8693,4.45,1,0,0.0,0,32.18,2,8769.08,1
163,28,14,88,0.8498,4.65,1,0,0.0,1,3.48,2,8769.08,1
57,28,7,61,0.6468,3.89,1,1,1.0,0,32.95,2,8769.08,1
174,28,9,69,0.8377,4.27,1,1,1.0,0,39.85,2,8769.08,1
180,28,9,69,0.8003,4.17,1,0,0.0,0,17.61,2,8769.08,0
59,28,15,95,0.7931,4.34,1,0,0.0,0,19.39,2,8769.08,1
81,28,9,41,0.7165,4.37,1,0,0.0,0,20.62,2,8769.08,1
106,28,14,82,0.8372,4.36,1,0,0.0,0,43.4,2,8769.08,0
91,28,9,67,0.6878,4.03,1,1,1.0,0,24.24,2,8769.08,1
133,28,8,62,0.8271,4.73,1,0,0.0,0,14.8,2,8769.08,1
138,28,4,8,0.5727,4.06,1,1,1.0,0,48.23,2,8769.08,1
3,28,6,51,0.717,4.27,1,1,1.0,0,10.26,2,8769.08,1
11,29,6,47,0.6899,4.42,2,1,0.5,0,40.01,4,6102.06,1
124,29,8,42,0.6722,4.08,2,0,0.0,0,31.03,4,6102.06,1
96,29,1,13,0.6111,4.03,2,0,0.0,0,47.59,4,6102.06,1
159,29,4,19,0.5685,3.83,2,0,0.0,0,23.89,4,6102.06,0
81,29,9,41,0.7165,4.37,2,1,0.5,0,41.04,4,6102.06,1
127,29,7,41,0.6494,4.09,2,0,0.0,0,14.81,4,6102.06,0
148,29,6,30,0.6756,4.07,2,0,0.0,0,22.63,4,6102.06,1
71,29,7,13,0.7505,4.18,2,0,0.0,0,36.96,4,6102.06,1
126,29,9,61,0.696,3.93,2,1,0.5,0,14.03,4,6102.06,1
47,29,11,93,0.8167,4.53,2,1,0.5,0,44.47,4,6102.06,1
196,29,14,18,0.7727,4.18,2,0,0.0,0,20.51,4,6102.06,1
131,29,10,41,0.878,4.7,2,1,0.5,0,48.34,4,6102.06,1
72,29,1,6,0.5709,4.07,2,0,0.0,1,2.25,4,6102.06,0
102,29,7,52,0.6535,4.16,2,1,0.5,0,26.76,4,6102.06,1
57,29,7,61,0.6468,3.89,2,1,0.5,0,24.6,4,6102.06,1
116,30,14,58,0.9278,4.5,3,1,0.3333,0,15.83,3,6211.6,0
47,30,11,93,0.8167,4.53,3,2,0.6667,0,15.98,3,6211.6,1
147,30,4,29,0.5625,4.11,3,0,0.0,0,17.06,3,6211.6,0
34,30,8,33,0.6736,4.25,3,1,0.3333,0,49.82,3,6211.6,0
148,30,6,30,0.6756,4.07,3,1,0.3333,0,30.68,3,6211.6,0
176,30,3,25,0.6773,4.38,3,1,0.3333,0,41.41,3,6211.6,1
59,30,15,95,0.7931,4.34,3,1,0.3333,0,32.49,3,6211.6,1
26,30,10,23,0.7448,4.1,3,1,0.3333,0,25.94,3,6211.6,1
185,30,0,4,0.6072,3.77,3,1,0.3333,0,12.4,3,6211.6,0
70,30,9,22,0.7792,4.61,3,2,0.6667,0,29.06,3,6211.6,1
61,30,13,65,0.8096,4.39,3,0,0.0,0,27.99,3,6211.6,1
143,30,10,25,0.7739,4.57,3,1,0.3333,0,24.44,3,6211.6,1
111,30,15,84,0.7565,4.05,3,1,0.3333,0,47.27,3,6211.6,1
98,30,15,51,0.8693,4.45,3,0,0.0,0,10.79,3,6211.6,1
51,30,13,54,0.8224,4.31,3,0,0.0,0,44.69,3,6211.6,0
51,31,13,54,0.8224,4.31,3,0,0.0,0,45.59,5,7882.28,1
148,31,6,30,0.6756,4.07,3,1,0.3333,0,21.46,5,7882.28,0
167,31,2,12,0.517,3.99,3,2,0.6667,0,15.79,5,7882.28,1
138,31,4,8,0.5727,4.06,3,0,0.0,1,8.17,5,7882.28,1
45,31,3,15,0.682,4.39,3,1,0.3333,0,35.25,5,7882.28,0
200,31,15,40,0.7721,4.55,3,0,0.0,0,43.96,5,7882.28,1
73,31,3,16,0.6979,4.29,3,1,0.3333,0,16.48,5,7882.28,1
91,31,9,67,0.6878,4.03,3,0,0.0,0,22.68,5,7882.28,1
84,31,1,9,0.5276,4.17,3,0,0.0,0,20.7,5,7882.28,0
173,31,13,59,0.8717,4.36,3,1,0.3333,0,20.85,5,7882.28,1
131,31,10,41,0.878,4.7,3,0,0.0,0,44.51,5,7882.28,1
125,31,0,5,0.6092,4.08,3,0,0.0,1,6.08,5,7882.28,0
199,31,15,81,0.8197,4.46,3,1,0.3333,0,26.56,5,7882.28,1
189,31,9,74,0.7467,4.48,3,1,0.3333,0,10.92,5,7882.28,0
115,31,7,36,0.7398,4.26,3,1,0.3333,0,36.48,5,7882.28,0
180,32,9,69,0.8003,4.17,1,1,1.0,0,40.6,3,2487.03,1
192,32,13,23,0.8275,4.74,1,0,0.0,0,20.5,3,2487.03,1
21,32,11,67,0.8869,4.52,1,0,0.0,0,36.19,3,2487.03,0
54,32,10,21,0.8473,4.63,1,0,0.0,0,22.37,3,2487.03,1
43,32,11,82,0.8841,4.49,1,0,0.0,0,21.37,3,2487.03,1
102,32,7,52,0.6535,4.16,1,0,0.0,0,15.25,3,2487.03,0
27,32,8,37,0.695,4.45,1,1,1.0,0,11.14,3,2487.03,1
25,32,3,6,0.6436,4.02,1,1,1.0,0,44.41,3,2487.03,1
17,32,11,31,0.8221,4.6,1,0,0.0,0,29.05,3,2487.03,0
122,32,5,21,0.7395,4.55,1,0,0.0,0,31.62,3,2487.03,1
141,32,13,53,0.8697,4.44,1,1,1.0,0,27.79,3,2487.03,1
14,32,2,14,0.5687,4.27,1,1,1.0,0,37.9,3,2487.03,1
7,32,1,11,0.516,3.75,1,0,0.0,0,33.9,3,2487.03,0
198,32,12,52,0.8669,4.36,1,0,0.0,0,35.43,3,2487.03,1
135,32,1,3,0.6085,4.06,1,0,0.0,0,30.94,3,2487.03,0
80,33,15,85,0.8456,4.43,2,1,0.5,0,30.93,5,9290.78,1
89,33,6,46,0.638,4.19,2,1,0.5,1,1.79,5,9290.78,1
124,33,8,42,0.6722,4.08,2,1,0.5,0,31.4,5,9290.78,1
139,33,14,78,0.859,4.26,2,1,0.5,0,29.68,5,9290.78,1
59,33,15,95,0.7931,4.34,2,0,0.0,0,21.98,5,9290.78,0
23,33,7,11,0.788,4.58,2,1,0.5,0,41.92,5,9290.78,1
114,33,5,15,0.6065,4.11,2,1,0.5,0,41.87,5,9290.78,1
79,33,14,115,0.7531,4.18,2,0,0.0,0,17.54,5,9290.78,0
94,33,12,46,0.8401,4.46,2,0,0.0,0,27.48,5,9290.78,1
106,33,14,82,0.8372,4.36,2,2,1.0,0,38.6,5,9290.78,1
67,33,1,6,0.5154,3.62,2,0,0.0,0,43.14,5,9290.78,0
40,33,4,20,0.5791,3.96,2,0,0.0,0,13.17,5,9290.78,0
78,33,6,11,0.6434,4.05,2,1,0.5,0,30.66,5,9290.78,0
3,33,6,51,0.717,4.27,2,0,0.0,0,34.53,5,9290.78,0
1,33,3,3,0.6585,3.98,2,1,0.5,1,3.08,5,9290.78,1
137,34,15,123,0.8223,4.54,1,1,1.0,0,34.91,4,5118.69,1
69,34,6,35,0.7259,4.42,1,0,0.0,0,10.78,4,5118.69,1
106,34,14,82,0.8372,4.36,1,1,1.0,0,31.4,4,5118.69,1
49,34,3,15,0.6869,4.0,1,0,0.0,0,14.09,4,5118.69,1
18,34,10,72,0.7035,4.47,1,0,0.0,0,38.61,4,5118.69,0
47,34,11,93,0.8167,4.53,1,0,0.0,0,19.31,4,5118.69,1
35,34,3,5,0.6218,4.07,1,1,1.0,0,29.74,4,5118.69,1
75,34,7,60,0.7932,4.25,1,0,0.0,0,22.46,4,5118.69,0
29,34,12,19,0.7796,4.05,1,0,0.0,0,49.92,4,5118.69,1
164,34,15,79,0.7772,4.09,1,0,0.0,0,41.66,4,5118.69,1
117,34,12,73,0.7692,4.26,1,0,0.0,0,43.74,4,5118.69,0
159,34,4,19,0.5685,3.83,1,0,0.0,0,12.24,4,5118.69,0
116,34,14,58,0.9278,4.5,1,0,0.0,0,12.86,4,5118.69,1
70,34,9,22,0.7792,4.61,1,0,0.0,1,2.33,4,5118.69,0
180,34,9,69,0.8003,4.17,1,0,0.0,0,42.69,4,5118.69,0
32,35,2,7,0.5123,3.61,3,1,0.3333,0,28.91,1,4846.96,0
197,35,14,61,0.817,4.58,3,1,0.3333,1,3.47,1,4846.96,1
183,35,0,5,0.5535,4.08,3,2,0.6667,0,35.17,1,4846.96,1
64,35,4,5,0.7132,4.29,3,0,0.0,0,47.5,1,4846.96,1
99,35,2,12,0.5454,3.7,3,0,0.0,0,20.13,1,4846.96,0
198,35,12,52,0.8669,4.36,3,0,0.0,0,17.95,1,4846.96,0
114,35,5,15,0.6065,4.11,3,1,0.3333,0,44.55,1,4846.96,1
189,35,9,74,0.7467,4.48,3,1,0.3333,0,14.52,1,4846.96,1
9,35,5,39,0.7062,4.02,3,1,0.3333,0,22.98,1,4846.96,1
51,35,13,54,0.8224,4.31,3,0,0.0,0,21.04,1,4846.96,1
118,35,8,8,0.7519,4.41,3,2,0.6667,0,41.57,1,4846.96,1
25,35,3,6,0.6436,4.02,3,0,0.0,0,11.68,1,4846.96,0
134,35,4,4,0.6145,4.23,3,1,0.3333,1,5.02,1,4846.96,1
171,35,4,13,0.5639,4.17,3,1,0.3333,0,24.86,1,4846.96,1
54,35,10,21,0.8473,4.63,3,0,0.0,0,16.31,1,4846.96,1
159,36,4,19,0.5685,3.83,2,1,0.5,0,49.27,1,8963.68,0
87,36,2,9,0.5213,4.05,2,0,0.0,0,40.27,1,8963.68,0
195,36,12,58,0.8424,4.62,2,0,0.0,0,27.55,1,8963.68,1
161,36,2,17,0.5796,3.87,2,1,0.5,0,37.57,1,8963.68,1
16,36,8,40,0.7872,4.37,2,0,0.0,0,15.39,1,8963.68,0
92,36,7,48,0.6518,3.98,2,0,0.0,0,29.41,1,8963.68,1
166,36,9,58,0.7486,4.2,2,1,0.5,0,21.79,1,8963.68,1
40,36,4,20,0.5791,3.96,2,1,0.5,1,2.3,1,8963.68,1
180,36,9,69,0.8003,4.17,2,1,0.5,0,23.91,1,8963.68,1
138,36,4,8,0.5727,4.06,2,0,0.0,0,21.01,1,8963.68,0
28,36,0,1,0.6167,4.27,2,0,0.0,0,46.58,1,8963.68,0
33,36,2,15,0.6183,4.1,2,1,0.5,0,12.76,1,8963.68,1
125,36,0,5,0.6092,4.08,2,1,0.5,0,21.83,1,8963.68,1
60,36,10,79,0.7145,4.03,2,1,0.5,1,3.99,1,8963.68,1
82,36,5,17,0.6139,4.05,2,1,0.5,0,35.52,1,8963.68,1
48,37,5,42,0.7483,4.16,3,1,0.3333,0,29.9,2,8961.09,1
5,37,12,24,0.8146,4.32,3,1,0.3333,0,34.52,2,8961.09,1
159,37,4,19,0.5685,3.83,3,0,0.0,0,35.64,2,8961.09,1
94,37,12,46,0.8401,4.46,3,0,0.0,0,30.93,2,8961.09,1
199,37,15,81,0.8197,4.46,3,3,1.0,0,43.41,2,8961.09,1
62,37,0,5,0.5185,3.59,3,1,0.3333,0,44.94,2,8961.09,1
83,37,7,30,0.6573,3.84,3,1,0.3333,0,29.41,2,8961.09,1
185,37,0,4,0.6072,3.77,3,1,0.3333,0,32.84,2,8961.09,0
17,37,11,31,0.8221,4.6,3,0,0.0,0,36.32,2,8961.09,1
169,37,12,94,0.8925,4.74,3,0,0.0,0,38.05,2,8961.09,1
138,37,4,8,0.5727,4.06,3,1,0.3333,0,24.65,2,8961.09,1
100,37,14,66,0.7598,4.33,3,2,0.6667,0,12.83,2,8961.09,1
49,37,3,15,0.6869,4.0,3,1,0.3333,1,2.48,2,8961.09,1
135,37,1,3,0.6085,4.06,3,2,0.6667,0,45.59,2,8961.09,1
175,37,13,33,0.897,4.75,3,1,0.3333,0,42.04,2,8961.09,1
143,38,10,25,0.7739,4.57,3,0,0.0,0,48.42,1,957.77,1
191,38,12,55,0.9253,4.61,3,0,0.0,0,39.01,1,957.77,1
107,38,7,43,0.6939,4.41,3,0,0.0,0,17.58,1,957.77,1
95,38,10,42,0.7047,4.06,3,0,0.0,0,19.95,1,957.77,1
182,38,3,4,0.5679,4.06,3,1,0.3333,0,17.16,1,957.77,0
15,38,8,57,0.7654,4.09,3,0,0.0,0,26.61,1,957.77,1
158,38,5,9,0.6669,3.92,3,1,0.3333,0,35.54,1,957.77,1
69,38,6,35,0.7259,4.42,3,1,0.3333,0,28.35,1,957.77,1
136,38,7,46,0.6328,4.26,3,0,0.0,0,45.31,1,957.77,1
11,38,6,47,0.6899,4.42,3,1,0.3333,0,17.22,1,957.77,1
188,38,14,18,0.8028,4.12,3,0,0.0,1,3.71,1,957.77,1
19,38,2,4,0.6317,4.28,3,1,0.3333,0,49.94,1,957.77,1
78,38,6,11,0.6434,4.05,3,1,0.3333,0,24.09,1,957.77,1
20,38,5,21,0.67,4.22,3,1,0.3333,1,9.92,1,957.77,1
56,38,12,43,0.7766,4.46,3,1,0.3333,0,24.87,1,957.77,1
111,39,15,84,0.7565,4.05,1,0,0.0,0,27.9,2,5048.54,1
186,39,2,13,0.5434,4.02,1,1,1.0,0,39.05,2,5048.54,0
83,39,7,30,0.6573,3.84,1,1,1.0,0,33.83,2,5048.54,1
156,39,10,31,0.8442,4.54,1,0,0.0,0,49.74,2,5048.54,1
62,39,0,5,0.5185,3.59,1,0,0.0,0,22.01,2,5048.54,1
145,39,11,25,0.8623,4.55,1,0,0.0,0,44.23,2,5048.54,1
140,39,7,33,0.686,4.16,1,0,0.0,0,42.88,2,5048.54,0
55,39,0,1,0.5,3.84,1,0,0.0,0,21.04,2,5048.54,0
97,39,2,17,0.5626,3.86,1,0,0.0,0,32.25,2,5048.54,0
197,39,14,61,0.817,4.58,1,0,0.0,0,16.19,2,5048.54,1
141,39,13,53,0.8697,4.44,1,1,1.0,0,24.23,2,5048.54,1
191,39,12,55,0.9253,4.61,1,0,0.0,1,3.99,2,5048.54,1
66,39,10,58,0.7501,4.57,1,1,1.0,0,19.32,2,5048.54,1
93,39,5,24,0.6821,4.37,1,0,0.0,0,13.68,2,5048.54,1
116,39,14,58,0.9278,4.5,1,0,0.0,0,46.72,2,5048.54,1
186,40,2,13,0.5434,4.02,2,0,0.0,0,13.14,4,11737.1,1
84,40,1,9,0.5276,4.17,2,0,0.0,0,40.84,4,11737.1,0
124,40,8,42,0.6722,4.08,2,1,0.5,0,42.69,4,11737.1,1
45,40,3,15,0.682,4.39,2,0,0.0,0,44.71,4,11737.1,0
125,40,0,5,0.6092,4.08,2,0,0.0,0,19.07,4,11737.1,0
177,40,8,36,0.813,4.2,2,1,0.5,0,34.09,4,11737.1,1
180,40,9,69,0.8003,4.17,2,0,0.0,0,41.1,4,11737.1,1
148,40,6,30,0.6756,4.07,2,0,0.0,0,22.19,4,11737.1,1
25,40,3,6,0.6436,4.02,2,1,0.5,0,31.6,4,11737.1,1
153,40,15,110,0.8275,4.22,2,0,0.0,1,5.27,4,11737.1,1
165,40,1,4,0.6024,4.33,2,0,0.0,1,0.98,4,11737.1,0
77,40,10,45,0.8585,4.62,2,0,0.0,0,25.72,4,11737.1,1
10,40,1,4,0.6229,4.25,2,1,0.5,0,33.81,4,11737.1,1
188,40,14,18,0.8028,4.12,2,0,0.0,0,18.88,4,11737.1,1
98,40,15,51,0.8693,4.45,2,0,0.0,1,4.25,4,11737.1,1
22,41,0,5,0.5497,3.99,3,1,0.3333,0,29.24,4,5213.22,1
122,41,5,21,0.7395,4.55,3,0,0.0,0,25.81,4,5213.22,0
147,41,4,29,0.5625,4.11,3,0,0.0,0,32.45,4,5213.22,0
191,41,12,55,0.9253,4.61,3,0,0.0,0,30.97,4,5213.22,1
13,41,4,36,0.6388,4.25,3,1,0.3333,0,20.65,4,5213.22,1
141,41,13,53,0.8697,4.44,3,1,0.3333,0,37.39,4,5213.22,1
103,41,3,23,0.6748,4.16,3,0,0.0,0,14.5,4,5213.22,0
68,41,6,7,0.7118,4.07,3,0,0.0,0,24.61,4,5213.22,1
129,41,6,34,0.68,4.02,3,0,0.0,0,23.78,4,5213.22,0
112,41,3,27,0.6391,4.32,3,1,0.3333,0,40.79,4,5213.22,1
199,41,15,81,0.8197,4.46,3,1,0.3333,0,23.99,4,5213.22,0
179,41,11,39,0.7301,4.52,3,2,0.6667,0,42.11,4,5213.22,1
34,41,8,33,0.6736,4.25,3,1,0.3333,0,27.62,4,5213.22,0
196,41,14,18,0.7727,4.18,3,2,0.6667,0,19.34,4,5213.22,1
35,41,3,5,0.6218,4.07,3,1,0.3333,0,16.24,4,5213.22,0
22,42,0,5,0.5497,3.99,3,0,0.0,0,23.28,3,13725.8,0
29,42,12,19,0.7796,4.05,3,1,0.3333,0,18.48,3,13725.8,1
190,42,11,17,0.8808,4.43,3,1,0.3333,0,40.01,3,13725.8,1
14,42,2,14,0.5687,4.27,3,0,0.0,0,34.92,3,13725.8,0
63,42,15,43,0.7991,4.38,3,2,0.6667,0,37.8,3,13725.8,1
159,42,4,19,0.5685,3.83,3,1,0.3333,0,25.06,3,13725.8,0
38,42,4,21,0.6007,3.86,3,0,0.0,0,31.07,3,13725.8,1
74,42,8,47,0.7955,4.4,3,2,0.6667,1,1.07,3,13725.8,1
4,42,5,32,0.6362,3.89,3,0,0.0,0,37.86,3,13725.8,1
88,42,14,70,0.8035,4.45,3,0,0.0,0,28.6,3,13725.8,0
178,42,14,58,0.9175,4.55,3,1,0.3333,0,12.66,3,13725.8,1
79,42,14,115,0.7531,4.18,3,1,0.3333,0,36.52,3,13725.8,0
116,42,14,58,0.9278,4.5,3,0,0.0,0,24.41,3,13725.8,1
121,42,10,63,0.7316,4.05,3,0,0.0,0,21.7,3,13725.8,0
6,42,3,15,0.5392,3.8,3,0,0.0,0,25.46,3,13725.8,0
131,43,10,41,0.878,4.7,3,0,0.0,1,0.88,3,14381.39,0
182,43,3,4,0.5679,4.06,3,2,0.6667,0,22.2,3,14381.39,1
26,43,10,23,0.7448,4.1,3,0,0.0,0,39.78,3,14381.39,1
81,43,9,41,0.7165,4.37,3,0,0.0,0,37.37,3,14381.39,1
125,43,0,5,0.6092,4.08,3,1,0.3333,0,22.09,3,14381.39,0
153,43,15,110,0.8275,4.22,3,0,0.0,0,49.14,3,14381.39,1
137,43,15,123,0.8223,4.54,3,2,0.6667,0,12.48,3,14381.39,1
23,43,7,11,0.788,4.58,3,2,0.6667,0,25.49,3,14381.39,0
48,43,5,42,0.7483,4.16,3,2,0.6667,0,49.61,3,14381.39,0
51,43,13,54,0.8224,4.31,3,0,0.0,0,47.96,3,14381.39,1
129,43,6,34,0.68,4.02,3,1,0.3333,0,23.67,3,14381.39,1
118,43,8,8,0.7519,4.41,3,2,0.6667,0,15.49,3,14381.39,1
144,43,9,54,0.6936,4.2,3,1,0.3333,0,30.83,3,14381.39,1
183,43,0,5,0.5535,4.08,3,2,0.6667,0,44.91,3,14381.39,1
6,43,3,15,0.5392,3.8,3,0,0.0,0,26.69,3,14381.39,0
110,44,2,17,0.6407,3.96,3,0,0.0,0,45.95,4,10721.06,0
80,44,15,85,0.8456,4.43,3,1,0.3333,0,27.2,4,10721.06,0
155,44,2,12,0.6036,4.08,3,0,0.0,0,40.8,4,10721.06,0
85,44,9,69,0.7612,4.22,3,0,0.0,0,32.59,4,10721.06,1
115,44,7,36,0.7398,4.26,3,1,0.3333,0,12.71,4,10721.06,1
139,44,14,78,0.859,4.26,3,0,0.0,0,38.78,4,10721.06,1
34,44,8,33,0.6736,4.25,3,0,0.0,0,43.58,4,10721.06,1
53,44,10,69,0.7795,4.46,3,1,0.3333,0,11.18,4,10721.06,1
168,44,2,20,0.6195,4.32,3,1,0.3333,1,9.74,4,10721.06,0
36,44,9,29,0.7539,4.33,3,0,0.0,1,3.38,4,10721.06,0
149,44,4,14,0.6858,3.91,3,1,0.3333,0,42.87,4,10721.06,0
176,44,3,25,0.6773,4.38,3,0,0.0,1,7.51,4,10721.06,1
52,44,5,44,0.6774,4.11,3,2,0.6667,0,17.52,4,10721.06,1
177,44,8,36,0.813,4.2,3,1,0.3333,0,11.05,4,10721.06,0
181,44,8,21,0.8003,4.42,3,2,0.6667,0,34.68,4,10721.06,1
157,45,3,10,0.6034,3.98,2,1,0.5,0,35.98,3,14038.66,1
60,45,10,79,0.7145,4.03,2,0,0.0,0,25.5,3,14038.66,1
153,45,15,110,0.8275,4.22,2,0,0.0,1,2.06,3,14038.66,1
176,45,3,25,0.6773,4.38,2,0,0.0,0,26.34,3,14038.66,0
7,45,1,11,0.516,3.75,2,0,0.0,0,47.02,3,14038.66,0
92,45,7,48,0.6518,3.98,2,0,0.0,0,18.9,3,14038.66,0
21,45,11,67,0.8869,4.52,2,1,0.5,0,18.11,3,14038.66,1
177,45,8,36,0.813,4.2,2,0,0.0,0,17.08,3,14038.66,0
200,45,15,40,0.7721,4.55,2,1,0.5,0,27.57,3,14038.66,1
123,45,4,18,0.7048,4.35,2,0,0.0,0,37.51,3,14038.66,0
35,45,3,5,0.6218,4.07,2,1,0.5,0,45.5,3,14038.66,1
129,45,6,34,0.68,4.02,2,1,0.5,0,41.05,3,14038.66,1
155,45,2,12,0.6036,4.08,2,0,0.0,0,42.97,3,14038.66,0
121,45,10,63,0.7316,4.05,2,0,0.0,1,4.24,3,14038.66,0
183,45,0,5,0.5535,4.08,2,1,0.5,0,32.88,3,14038.66,1
165,46,1,4,0.6024,4.33,2,0,0.0,0,30.65,4,13488.53,0
181,46,8,21,0.8003,4.42,2,1,0.5,0,11.97,4,13488.53,1
10,46,1,4,0.6229,4.25,2,1,0.5,1,4.28,4,13488.53,1
134,46,4,4,0.6145,4.23,2,0,0.0,0,43.1,4,13488.53,0
28,46,0,1,0.6167,4.27,2,0,0.0,0,26.9,4,13488.53,0
116,46,14,58,0.9278,4.5,2,0,0.0,1,1.02,4,13488.53,1
117,46,12,73,0.7692,4.26,2,0,0.0,0,15.69,4,13488.53,0
11,46,6,47,0.6899,4.42,2,0,0.0,0,28.07,4,13488.53,0
63,46,15,43,0.7991,4.38,2,0,0.0,1,1.58,4,13488.53,0
133,46,8,62,0.8271,4.73,2,1,0.5,0,47.51,4,13488.53,1
138,46,4,8,0.5727,4.06,2,1,0.5,0,15.41,4,13488.53,1
102,46,7,52,0.6535,4.16,2,2,1.0,0,28.04,4,13488.53,1
189,46,9,74,0.7467,4.48,2,0,0.0,0,33.61,4,13488.53,0
143,46,10,25,0.7739,4.57,2,0,0.0,1,2.42,4,13488.53,1
100,46,14,66,0.7598,4.33,2,0,0.0,0,20.0,4,13488.53,0
183,47,0,5,0.5535,4.08,2,1,0.5,0,39.07,1,4670.64,0
42,47,1,5,0.5406,4.18,2,0,0.0,1,6.31,1,4670.64,1
184,47,13,36,0.8696,4.27,2,0,0.0,0,32.01,1,4670.64,1
188,47,14,18,0.8028,4.12,2,0,0.0,0,16.84,1,4670.64,1
32,47,2,7,0.5123,3.61,2,1,0.5,0,44.85,1,4670.64,0
24,47,6,40,0.6238,4.33,2,0,0.0,0,16.48,1,4670.64,1
30,47,15,34,0.7842,4.19,2,0,0.0,1,7.81,1,4670.64,1
181,47,8,21,0.8003,4.42,2,2,1.0,0,22.32,1,4670.64,1
116,47,14,58,0.9278,4.5,2,1,0.5,0,48.44,1,4670.64,1
163,47,14,88,0.8498,4.65,2,1,0.5,1,2.22,1,4670.64,1
93,47,5,24,0.6821,4.37,2,1,0.5,0,48.42,1,4670.64,1
22,47,0,5,0.5497,3.99,2,0,0.0,1,7.77,1,4670.64,1
135,47,1,3,0.6085,4.06,2,0,0.0,0,29.91,1,4670.64,0
182,47,3,4,0.5679,4.06,2,1,0.5,0,42.3,1,4670.64,1
99,47,2,12,0.5454,3.7,2,0,0.0,0,29.74,1,4670.64,1
169,48,12,94,0.8925,4.74,2,0,0.0,0,11.96,5,3602.81,1
122,48,5,21,0.7395,4.55,2,1,0.5,0,36.13,5,3602.81,1
117,48,12,73,0.7692,4.26,2,1,0.5,0,44.15,5,3602.81,1
105,48,13,56,0.9182,4.61,2,2,1.0,0,43.52,5,3602.81,1
114,48,5,15,0.6065,4.11,2,1,0.5,0,46.82,5,3602.81,1
21,48,11,67,0.8869,4.52,2,0,0.0,0,26.68,5,3602.81,1
154,48,11,20,0.7965,4.53,2,1,0.5,0,36.88,5,3602.81,1
2,48,2,20,0.5759,3.7,2,0,0.0,0,37.66,5,3602.81,0
63,48,15,43,0.7991,4.38,2,1,0.5,0,41.49,5,3602.81,1
141,48,13,53,0.8697,4.44,2,0,0.0,0,28.21,5,3602.81,0
72,48,1,6,0.5709,4.07,2,1,0.5,0,47.26,5,3602.81,1
159,48,4,19,0.5685,3.83,2,0,0.0,0,21.97,5,3602.81,0
161,48,2,17,0.5796,3.87,2,0,0.0,0,25.16,5,3602.81,1
143,48,10,25,0.7739,4.57,2,1,0.5,0,27.09,5,3602.81,1
54,48,10,21,0.8473,4.63,2,0,0.0,0,21.71,5,3602.81,1
178,49,14,58,0.9175,4.55,2,0,0.0,0,29.35,5,2083.79,0
71,49,7,13,0.7505,4.18,2,0,0.0,0,47.36,5,2083.79,0
85,49,9,69,0.7612,4.22,2,1,0.5,0,21.49,5,2083.79,1
135,49,1,3,0.6085,4.06,2,0,0.0,0,22.66,5,2083.79,0
106,49,14,82,0.8372,4.36,2,1,0.5,0,49.8,5,2083.79,1
54,49,10,21,0.8473,4.63,2,0,0.0,0,15.19,5,2083.79,0
179,49,11,39,0.7301,4.52,2,0,0.0,0,30.79,5,2083.79,0
157,49,3,10,0.6034,3.98,2,1,0.5,0,29.7,5,2083.79,1
15,49,8,57,0.7654,4.09,2,0,0.0,0,34.38,5,2083.79,0
28,49,0,1,0.6167,4.27,2,0,0.0,1,9.8,5,2083.79,1
147,49,4,29,0.5625,4.11,2,1,0.5,0,10.96,5,2083.79,0
187,49,10,32,0.8495,4.59,2,0,0.0,0,14.72,5,2083.79,0
162,49,2,11,0.5831,3.72,2,0,0.0,0,41.98,5,2083.79,0
136,49,7,46,0.6328,4.26,2,1,0.5,0,26.56,5,2083.79,1
23,49,7,11,0.788,4.58,2,1,0.5,0,32.42,5,2083.79,1
3,50,6,51,0.717,4.27,1,0,0.0,0,37.43,5,10212.59,1
164,50,15,79,0.7772,4.09,1,0,0.0,0,38.98,5,10212.59,0
52,50,5,44,0.6774,4.11,1,1,1.0,1,0.78,5,10212.59,1
177,50,8,36,0.813,4.2,1,1,1.0,0,23.22,5,10212.59,1
73,50,3,16,0.6979,4.29,1,0,0.0,0,36.9,5,10212.59,0
66,50,10,58,0.7501,4.57,1,0,0.0,0,41.89,5,10212.59,0
18,50,10,72,0.7035,4.47,1,1,1.0,0,29.26,5,10212.59,1
79,50,14,115,0.7531,4.18,1,0,0.0,0,45.68,5,10212.59,0
77,50,10,45,0.8585,4.62,1,0,0.0,0,23.4,5,10212.59,0
130,50,11,18,0.7967,4.2,1,1,1.0,0,26.56,5,10212.59,1
141,50,13,53,0.8697,4.44,1,0,0.0,0,43.4,5,10212.59,1
83,50,7,30,0.6573,3.84,1,0,0.0,0,39.0,5,10212.59,1
197,50,14,61,0.817,4.58,1,0,0.0,0,31.44,5,10212.59,1
2,50,2,20,0.5759,3.7,1,0,0.0,0,37.42,5,10212.59,0
30,50,15,34,0.7842,4.19,1,0,0.0,1,8.94,5,10212.59,1
39,51,15,47,0.913,4.8,1,0,0.0,0,22.33,3,1952.87,0
72,51,1,6,0.5709,4.07,1,0,0.0,0,38.39,3,1952.87,1
8,51,8,37,0.7644,4.24,1,1,1.0,0,13.47,3,1952.87,1
87,51,2,9,0.5213,4.05,1,0,0.0,0,24.86,3,1952.87,0
97,51,2,17,0.5626,3.86,1,0,0.0,0,22.11,3,1952.87,0
161,51,2,17,0.5796,3.87,1,0,0.0,0,17.0,3,1952.87,0
137,51,15,123,0.8223,4.54,1,0,0.0,0,11.5,3,1952.87,1
43,51,11,82,0.8841,4.49,1,1,1.0,0,13.7,3,1952.87,1
147,51,4,29,0.5625,4.11,1,0,0.0,1,8.09,3,1952.87,0
156,51,10,31,0.8442,4.54,1,0,0.0,0,16.16,3,1952.87,1
100,51,14,66,0.7598,4.33,1,1,1.0,0,29.34,3,1952.87,1
48,51,5,42,0.7483,4.16,1,0,0.0,0,22.41,3,1952.87,1
153,51,15,110,0.8275,4.22,1,0,0.0,0,40.78,3,1952.87,1
30,51,15,34,0.7842,4.19,1,0,0.0,1,9.83,3,1952.87,1
193,51,10,47,0.7552,4.37,1,0,0.0,0,49.71,3,1952.87,1
10,52,1,4,0.6229,4.25,3,1,0.3333,0,30.82,2,14485.52,0
118,52,8,8,0.7519,4.41,3,1,0.3333,1,3.47,2,14485.52,1
100,52,14,66,0.7598,4.33,3,2,0.6667,0,22.49,2,14485.52,1
183,52,0,5,0.5535,4.08,3,0,0.0,0,22.84,2,14485.52,1
134,52,4,4,0.6145,4.23,3,1,0.3333,0,21.07,2,14485.52,1
30,52,15,34,0.7842,4.19,3,0,0.0,1,4.69,2,14485.52,1
2,52,2,20,0.5759,3.7,3,0,0.0,0,15.97,2,14485.52,1
80,52,15,85,0.8456,4.43,3,1,0.3333,0,10.61,2,14485.52,1
12,52,7,54,0.726,4.11,3,1,0.3333,0,30.56,2,14485.52,1
176,52,3,25,0.6773,4.38,3,1,0.3333,0,24.01,2,14485.52,1
153,52,15,110,0.8275,4.22,3,0,0.0,0,15.66,2,14485.52,0
23,52,7,11,0.788,4.58,3,1,0.3333,0,21.33,2,14485.52,1
86,52,12,74,0.7633,4.4,3,1,0.3333,1,1.18,2,14485.52,1
120,52,9,65,0.681,4.09,3,0,0.0,0,23.55,2,14485.52,1
27,52,8,37,0.695,4.45,3,0,0.0,0,15.2,2,14485.52,1
173,53,13,59,0.8717,4.36,2,1,0.5,0,27.83,3,11460.71,1
13,53,4,36,0.6388,4.25,2,0,0.0,0,23.29,3,11460.71,1
28,53,0,1,0.6167,4.27,2,2,1.0,0,40.34,3,11460.71,1
99,53,2,12,0.5454,3.7,2,0,0.0,0,13.14,3,11460.71,0
14,53,2,14,0.5687,4.27,2,0,0.0,0,40.58,3,11460.71,0
23,53,7,11,0.788,4.58,2,1,0.5,0,13.72,3,11460.71,1
110,53,2,17,0.6407,3.96,2,0,0.0,0,37.94,3,11460.71,1
101,53,4,22,0.6289,4.2,2,1,0.5,0,22.42,3,11460.71,1
46,53,9,38,0.7151,4.33,2,1,0.5,0,40.66,3,11460.71,1
181,53,8,21,0.8003,4.42,2,0,0.0,0,47.9,3,11460.71,1
153,53,15,110,0.8275,4.22,2,1,0.5,0,45.83,3,11460.71,1
152,53,6,25,0.7702,4.5,2,0,0.0,0,24.54,3,11460.71,1
162,53,2,11,0.5831,3.72,2,1,0.5,0,46.69,3,11460.71,1
177,53,8,36,0.813,4.2,2,0,0.0,0,44.43,3,11460.71,1
180,53,9,69,0.8003,4.17,2,1,0.5,0,29.5,3,11460.71,1
29,54,12,19,0.7796,4.05,2,1,0.5,0,23.03,2,9958.33,1
90,54,2,7,0.5005,3.82,2,2,1.0,0,41.7,2,9958.33,1
123,54,4,18,0.7048,4.35,2,1,0.5,0,26.03,2,9958.33,1
119,54,6,45,0.6451,4.26,2,1,0.5,0,34.83,2,9958.33,1
44,54,5,31,0.5795,4.13,2,1,0.5,0,48.96,2,9958.33,1
73,54,3,16,0.6979,4.29,2,0,0.0,0,23.63,2,9958.33,0
197,54,14,61,0.817,4.58,2,0,0.0,0,33.64,2,9958.33,0
155,54,2,12,0.6036,4.08,2,1,0.5,0,27.41,2,9958.33,0
148,54,6,30,0.6756,4.07,2,1,0.5,0,31.78,2,9958.33,1
33,54,2,15,0.6183,4.1,2,0,0.0,0,36.5,2,9958.33,1
131,54,10,41,0.878,4.7,2,0,0.0,0,47.23,2,9958.33,1
27,54,8,37,0.695,4.45,2,1,0.5,0,29.47,2,9958.33,1
104,54,7,36,0.7242,4.18,2,1,0.5,0,28.52,2,9958.33,1
183,54,0,5,0.5535,4.08,2,2,1.0,0,42.88,2,9958.33,1
28,54,0,1,0.6167,4.27,2,0,0.0,0,48.24,2,9958.33,1
28,55,0,1,0.6167,4.27,3,1,0.3333,1,6.54,1,14041.88,1
176,55,3,25,0.6773,4.38,3,1,0.3333,0,15.87,1,14041.88,1
153,55,15,110,0.8275,4.22,3,0,0.0,0,31.25,1,14041.88,1
198,55,12,52,0.8669,4.36,3,1,0.3333,0,33.12,1,14041.88,1
98,55,15,51,0.8693,4.45,3,0,0.0,0,37.26,1,14041.88,1
84,55,1,9,0.5276,4.17,3,1,0.3333,0,32.81,1,14041.88,0
127,55,7,41,0.6494,4.09,3,2,0.6667,0,22.18,1,14041.88,0
166,55,9,58,0.7486,4.2,3,0,0.0,0,27.39,1,14041.88,0
170,55,11,13,0.7903,4.18,3,0,0.0,0,23.77,1,14041.88,1
16,55,8,40,0.7872,4.37,3,1,0.3333,0,10.32,1,14041.88,0
24,55,6,40,0.6238,4.33,3,1,0.3333,0,26.17,1,14041.88,1
56,55,12,43,0.7766,4.46,3,2,0.6667,0,21.77,1,14041.88,1
36,55,9,29,0.7539,4.33,3,0,0.0,0,31.96,1,14041.88,1
149,55,4,14,0.6858,3.91,3,1,0.3333,0,38.13,1,14041.88,0
194,55,14,19,0.8808,4.78,3,1,0.3333,0,24.37,1,14041.88,1
8,56,8,37,0.7644,4.24,2,0,0.0,0,16.94,1,13212.78,1
61,56,13,65,0.8096,4.39,2,0,0.0,0,32.22,1,13212.78,0
111,56,15,84,0.7565,4.05,2,0,0.0,1,3.92,1,13212.78,1
180,56,9,69,0.8003,4.17,2,0,0.0,0,21.54,1,13212.78,0
152,56,6,25,0.7702,4.5,2,0,0.0,1,1.69,1,13212.78,1
101,56,4,22,0.6289,4.2,2,0,0.0,0,35.94,1,13212.78,1
161,56,2,17,0.5796,3.87,2,0,0.0,1,8.91,1,13212.78,0
82,56,5,17,0.6139,4.05,2,0,0.0,0,49.0,1,13212.78,1
183,56,0,5,0.5535,4.08,2,0,0.0,1,1.8,1,13212.78,0
98,56,15,51,0.8693,4.45,2,1,0.5,0,44.41,1,13212.78,1
104,56,7,36,0.7242,4.18,2,0,0.0,0,37.82,1,13212.78,0
112,56,3,27,0.6391,4.32,2,0,0.0,0,34.93,1,13212.78,1
140,56,7,33,0.686,4.16,2,0,0.0,0,26.96,1,13212.78,0
55,56,0,1,0.5,3.84,2,0,0.0,0,25.39,1,13212.78,1
170,56,11,13,0.7903,4.18,2,1,0.5,0,26.99,1,13212.78,1
128,57,3,29,0.6131,4.0,2,0,0.0,0,24.74,5,4626.14,0
188,57,14,18,0.8028,4.12,2,0,0.0,0,48.47,5,4626.14,1
61,57,13,65,0.8096,4.39,2,1,0.5,0,39.21,5,4626.14,1
183,57,0,5,0.5535,4.08,2,0,0.0,0,44.37,5,4626.14,0
129,57,6,34,0.68,4.02,2,0,0.0,1,3.15,5,4626.14,1
69,57,6,35,0.7259,4.42,2,0,0.0,0,30.93,5,4626.14,0
106,57,14,82,0.8372,4.36,2,0,0.0,0,19.81,5,4626.14,0
140,57,7,33,0.686,4.16,2,0,0.0,0,36.55,5,4626.14,0
148,57,6,30,0.6756,4.07,2,1,0.5,1,7.0,5,4626.14,1
94,57,12,46,0.8401,4.46,2,0,0.0,0,33.19,5,4626.14,0
9,57,5,39,0.7062,4.02,2,0,0.0,0,46.14,5,4626.14,0
10,57,1,4,0.6229,4.25,2,1,0.5,0,10.43,5,4626.14,1
146,57,8,9,0.6825,4.3,2,0,0.0,0,46.24,5,4626.14,0
124,57,8,42,0.6722,4.08,2,1,0.5,0,23.26,5,4626.14,1
181,57,8,21,0.8003,4.42,2,1,0.5,0,49.11,5,4626.14,1
43,58,11,82,0.8841,4.49,3,1,0.3333,0,12.06,1,3295.77,0
10,58,1,4,0.6229,4.25,3,0,0.0,0,42.36,1,3295.77,0
178,58,14,58,0.9175,4.55,3,0,0.0,0,21.47,1,3295.77,1
153,58,15,110,0.8275,4.22,3,1,0.3333,0,30.22,1,3295.77,1
192,58,13,23,0.8275,4.74,3,0,0.0,0,21.11,1,3295.77,1
78,58,6,11,0.6434,4.05,3,2,0.6667,0,21.24,1,3295.77,1
187,58,10,32,0.8495,4.59,3,1,0.3333,0,10.57,1,3295.77,1
145,58,11,25,0.8623,4.55,3,1,0.3333,0,16.98,1,3295.77,1
67,58,1,6,0.5154,3.62,3,0,0.0,0,16.05,1,3295.77,0
16,58,8,40,0.7872,4.37,3,1,0.3333,0,42.31,1,3295.77,1
162,58,2,11,0.5831,3.72,3,1,0.3333,0,38.03,1,3295.77,1
122,58,5,21,0.7395,4.55,3,2,0.6667,1,8.09,1,3295.77,1
149,58,4,14,0.6858,3.91,3,2,0.6667,0,23.71,1,3295.77,1
44,58,5,31,0.5795,4.13,3,1,0.3333,0,15.8,1,3295.77,0
147,58,4,29,0.5625,4.11,3,0,0.0,0,16.17,1,3295.77,0
106,59,14,82,0.8372,4.36,2,1,0.5,0,20.58,1,10919.67,1
198,59,12,52,0.8669,4.36,2,1,0.5,0,12.1,1,10919.67,1
99,59,2,12,0.5454,3.7,2,0,0.0,0,29.05,1,10919.67,0
61,59,13,65,0.8096,4.39,2,0,0.0,0,47.93,1,10919.67,0
170,59,11,13,0.7903,4.18,2,1,0.5,0,19.35,1,10919.67,1
113,59,1,6,0.6183,3.94,2,1,0.5,0,25.6,1,10919.67,1
186,59,2,13,0.5434,4.02,2,1,0.5,0,31.22,1,10919.67,1
164,59,15,79,0.7772,4.09,2,1,0.5,0,21.55,1,10919.67,1
43,59,11,82,0.8841,4.49,2,1,0.5,0,25.28,1,10919.67,1
54,59,10,21,0.8473,4.63,2,1,0.5,1,5.54,1,10919.67,1
148,59,6,30,0.6756,4.07,2,0,0.0,0,13.89,1,10919.67,1
188,59,14,18,0.8028,4.12,2,0,0.0,0,24.15,1,10919.67,0
89,59,6,46,0.638,4.19,2,1,0.5,0,34.42,1,10919.67,1
14,59,2,14,0.5687,4.27,2,0,0.0,0,20.9,1,10919.67,1
165,59,1,4,0.6024,4.33,2,0,0.0,0,42.09,1,10919.67,1
150,60,14,67,0.7992,4.54,3,1,0.3333,0,22.53,4,9358.84,1
101,60,4,22,0.6289,4.2,3,0,0.0,0,10.34,4,9358.84,1
119,60,6,45,0.6451,4.26,3,0,0.0,1,4.41,4,9358.84,1
198,60,12,52,0.8669,4.36,3,0,0.0,0,37.42,4,9358.84,1
173,60,13,59,0.8717,4.36,3,1,0.3333,0,39.01,4,9358.84,1
192,60,13,23,0.8275,4.74,3,1,0.3333,1,0.82,4,9358.84,1
62,60,0,5,0.5185,3.59,3,1,0.3333,0,12.28,4,9358.84,0
188,60,14,18,0.8028,4.12,3,1,0.3333,0,45.76,4,9358.84,1
151,60,15,82,0.8701,4.24,3,0,0.0,0,33.98,4,9358.84,1
50,60,13,21,0.9208,4.86,3,1,0.3333,0,48.31,4,9358.84,1
134,60,4,4,0.6145,4.23,3,1,0.3333,0,34.19,4,9358.84,1
87,60,2,9,0.5213,4.05,3,0,0.0,0,40.55,4,9358.84,0
174,60,9,69,0.8377,4.27,3,1,0.3333,0,42.13,4,9358.84,1
177,60,8,36,0.813,4.2,3,1,0.3333,0,14.43,4,9358.84,1
47,60,11,93,0.8167,4.53,3,1,0.3333,0,21.78,4,9358.84,1
20,61,5,21,0.67,4.22,2,0,0.0,0,12.5,1,6312.08,1
164,61,15,79,0.7772,4.09,2,1,0.5,1,9.96,1,6312.08,1
117,61,12,73,0.7692,4.26,2,0,0.0,0,42.51,1,6312.08,1
71,61,7,13,0.7505,4.18,2,0,0.0,0,12.78,1,6312.08,0
197,61,14,61,0.817,4.58,2,2,1.0,0,18.03,1,6312.08,1
110,61,2,17,0.6407,3.96,2,1,0.5,0,35.82,1,6312.08,1
178,61,14,58,0.9175,4.55,2,0,0.0,0,31.63,1,6312.08,1
171,61,4,13,0.5639,4.17,2,1,0.5,1,6.33,1,6312.08,1
198,61,12,52,0.8669,4.36,2,0,0.0,1,4.7,1,6312.08,1
83,61,7,30,0.6573,3.84,2,0,0.0,0,11.39,1,6312.08,1
66,61,10,58,0.7501,4.57,2,0,0.0,0,39.1,1,6312.08,0
42,61,1,5,0.5406,4.18,2,0,0.0,0,10.75,1,6312.08,0
200,61,15,40,0.7721,4.55,2,0,0.0,0,36.11,1,6312.08,1
19,61,2,4,0.6317,4.28,2,0,0.0,0,11.51,1,6312.08,1
199,61,15,81,0.8197,4.46,2,0,0.0,0,16.06,1,6312.08,1
101,62,4,22,0.6289,4.2,1,0,0.0,0,10.13,2,5192.22,0
148,62,6,30,0.6756,4.07,1,0,0.0,0,42.72,2,5192.22,1
1,62,3,3,0.6585,3.98,1,0,0.0,0,32.69,2,5192.22,0
132,62,6,43,0.6389,4.32,1,0,0.0,0,24.36,2,5192.22,0
182,62,3,4,0.5679,4.06,1,0,0.0,0,26.02,2,5192.22,0
198,62,12,52,0.8669,4.36,1,1,1.0,0,48.35,2,5192.22,1
126,62,9,61,0.696,3.93,1,0,0.0,0,31.39,2,5192.22,0
123,62,4,18,0.7048,4.35,1,0,0.0,0,13.22,2,5192.22,1
112,62,3,27,0.6391,4.32,1,0,0.0,1,7.78,2,5192.22,0
104,62,7,36,0.7242,4.18,1,0,0.0,0,17.06,2,5192.22,1
187,62,10,32,0.8495,4.59,1,1,1.0,1,4.15,2,5192.22,1
200,62,15,40,0.7721,4.55,1,0,0.0,1,7.11,2,5192.22,0
18,62,10,72,0.7035,4.47,1,0,0.0,0,35.22,2,5192.22,1
139,62,14,78,0.859,4.26,1,0,0.0,0,13.39,2,5192.22,1
58,62,14,34,0.8839,4.53,1,0,0.0,0,39.41,2,5192.22,1
50,63,13,21,0.9208,4.86,1,1,1.0,0,11.48,3,3915.06,1
7,63,1,11,0.516,3.75,1,0,0.0,0,41.51,3,3915.06,1
185,63,0,4,0.6072,3.77,1,1,1.0,1,1.62,3,3915.06,1
152,63,6,25,0.7702,4.5,1,0,0.0,0,36.69,3,3915.06,1
62,63,0,5,0.5185,3.59,1,0,0.0,0,37.12,3,3915.06,0
126,63,9,61,0.696,3.93,1,0,0.0,0,15.96,3,3915.06,0
100,63,14,66,0.7598,4.33,1,0,0.0,0,46.99,3,3915.06,1
17,63,11,31,0.8221,4.6,1,0,0.0,0,15.66,3,3915.06,1
139,63,14,78,0.859,4.26,1,0,0.0,0,28.85,3,3915.06,0
165,63,1,4,0.6024,4.33,1,0,0.0,0,11.83,3,3915.06,0
79,63,14,115,0.7531,4.18,1,1,1.0,1,1.74,3,3915.06,1
128,63,3,29,0.6131,4.0,1,0,0.0,0,12.0,3,3915.06,1
137,63,15,123,0.8223,4.54,1,1,1.0,0,41.75,3,3915.06,1
116,63,14,58,0.9278,4.5,1,1,1.0,1,2.12,3,3915.06,1
5,63,12,24,0.8146,4.32,1,0,0.0,0,42.71,3,3915.06,1
128,64,3,29,0.6131,4.0,2,0,0.0,1,5.69,2,9978.41,1
153,64,15,110,0.8275,4.22,2,0,0.0,0,48.59,2,9978.41,1
158,64,5,9,0.6669,3.92,2,0,0.0,0,11.82,2,9978.41,1
57,64,7,61,0.6468,3.89,2,0,0.0,0,12.53,2,9978.41,1
17,64,11,31,0.8221,4.6,2,0,0.0,0,40.3,2,9978.41,1
52,64,5,44,0.6774,4.11,2,1,0.5,0,24.8,2,9978.41,1
110,64,2,17,0.6407,3.96,2,0,0.0,0,19.75,2,9978.41,0
87,64,2,9,0.5213,4.05,2,0,0.0,0,15.33,2,9978.41,0
189,64,9,74,0.7467,4.48,2,2,1.0,0,35.29,2,9978.41,1
174,64,9,69,0.8377,4.27,2,1,0.5,0,16.31,2,9978.41,1
103,64,3,23,0.6748,4.16,2,0,0.0,1,1.27,2,9978.41,1
84,64,1,9,0.5276,4.17,2,1,0.5,0,47.05,2,9978.41,0
31,64,1,1,0.5802,4.0,2,1,0.5,0,33.75,2,9978.41,1
176,64,3,25,0.6773,4.38,2,0,0.0,1,7.09,2,9978.41,0
148,64,6,30,0.6756,4.07,2,1,0.5,0,29.04,2,9978.41,1
37,65,9,22,0.844,4.25,1,0,0.0,0,34.48,4,4948.69,1
164,65,15,79,0.7772,4.09,1,1,1.0,0,43.06,4,4948.69,1
70,65,9,22,0.7792,4.61,1,1,1.0,0,26.75,4,4948.69,1
134,65,4,4,0.6145,4.23,1,0,0.0,0,17.68,4,4948.69,0
116,65,14,58,0.9278,4.5,1,0,0.0,0,49.07,4,4948.69,1
106,65,14,82,0.8372,4.36,1,0,0.0,0,44.51,4,4948.69,0
62,65,0,5,0.5185,3.59,1,0,0.0,0,30.3,4,4948.69,0
45,65,3,15,0.682,4.39,1,0,0.0,0,35.06,4,4948.69,1
157,65,3,10,0.6034,3.98,1,0,0.0,0,12.12,4,4948.69,1
178,65,14,58,0.9175,4.55,1,1,1.0,0,15.97,4,4948.69,1
10,65,1,4,0.6229,4.25,1,1,1.0,0,46.46,4,4948.69,1
153,65,15,110,0.8275,4.22,1,0,0.0,0,16.39,4,4948.69,0
47,65,11,93,0.8167,4.53,1,1,1.0,0,12.16,4,4948.69,1
184,65,13,36,0.8696,4.27,1,0,0.0,0,18.38,4,4948.69,1
128,65,3,29,0.6131,4.0,1,0,0.0,0,34.67,4,4948.69,0
117,66,12,73,0.7692,4.26,3,1,0.3333,0,27.79,2,5829.39,1
12,66,7,54,0.726,4.11,3,1,0.3333,0,26.76,2,5829.39,1
27,66,8,37,0.695,4.45,3,0,0.0,0,45.93,2,5829.39,1
190,66,11,17,0.8808,4.43,3,0,0.0,0,14.41,2,5829.39,1
14,66,2,14,0.5687,4.27,3,2,0.6667,0,19.48,2,5829.39,1
138,66,4,8,0.5727,4.06,3,2,0.6667,0,18.0,2,5829.39,0
46,66,9,38,0.7151,4.33,3,2,0.6667,0,12.94,2,5829.39,1
41,66,2,6,0.5982,4.23,3,0,0.0,0,12.17,2,5829.39,0
8,66,8,37,0.7644,4.24,3,2,0.6667,0,18.65,2,5829.39,1
125,66,0,5,0.6092,4.08,3,1,0.3333,0,17.12,2,5829.39,1
132,66,6,43,0.6389,4.32,3,0,0.0,0,28.31,2,5829.39,1
30,66,15,34,0.7842,4.19,3,0,0.0,0,24.34,2,5829.39,1
19,66,2,4,0.6317,4.28,3,0,0.0,0,23.44,2,5829.39,1
61,66,13,65,0.8096,4.39,3,0,0.0,0,32.75,2,5829.39,1
185,66,0,4,0.6072,3.77,3,1,0.3333,0,14.44,2,5829.39,1
108,67,15,105,0.9144,4.52,1,1,1.0,0,44.28,5,2721.19,1
44,67,5,31,0.5795,4.13,1,1,1.0,0,49.83,5,2721.19,1
195,67,12,58,0.8424,4.62,1,1,1.0,0,43.48,5,2721.19,1
88,67,14,70,0.8035,4.45,1,0,0.0,0,39.2,5,2721.19,0
57,67,7,61,0.6468,3.89,1,0,0.0,1,2.84,5,2721.19,1
76,67,10,13,0.789,4.27,1,0,0.0,1,6.0,5,2721.19,0
155,67,2,12,0.6036,4.08,1,0,0.0,0,33.67,5,2721.19,1
41,67,2,6,0.5982,4.23,1,1,1.0,0,32.95,5,2721.19,1
164,67,15,79,0.7772,4.09,1,1,1.0,0,49.21,5,2721.19,1
157,67,3,10,0.6034,3.98,1,1,1.0,0,28.83,5,2721.19,1
148,67,6,30,0.6756,4.07,1,0,0.0,0,11.34,5,2721.19,0
142,67,13,25,0.884,4.46,1,0,0.0,0,29.17,5,2721.19,0
59,67,15,95,0.7931,4.34,1,0,0.0,0,42.85,5,2721.19,1
23,67,7,11,0.788,4.58,1,0,0.0,0,19.62,5,2721.19,0
106,67,14,82,0.8372,4.36,1,0,0.0,0,10.5,5,2721.19,0
56,68,12,43,0.7766,4.46,2,0,0.0,0,39.89,2,11481.58,1
34,68,8,33,0.6736,4.25,2,0,0.0,1,4.82,2,11481.58,0
92,68,7,48,0.6518,3.98,2,0,0.0,0,44.97,2,11481.58,1
76,68,10,13,0.789,4.27,2,0,0.0,1,8.0,2,11481.58,1
62,68,0,5,0.5185,3.59,2,1,0.5,0,28.57,2,11481.58,0
166,68,9,58,0.7486,4.2,2,0,0.0,0,44.42,2,11481.58,1
24,68,6,40,0.6238,4.33,2,1,0.5,0,45.74,2,11481.58,1
5,68,12,24,0.8146,4.32,2,0,0.0,0,11.31,2,11481.58,1
123,68,4,18,0.7048,4.35,2,1,0.5,0,20.79,2,11481.58,0
172,68,4,28,0.5778,3.8,2,0,0.0,0,31.7,2,11481.58,0
79,68,14,115,0.7531,4.18,2,0,0.0,0,41.51,2,11481.58,1
42,68,1,5,0.5406,4.18,2,0,0.0,0,45.23,2,11481.58,0
181,68,8,21,0.8003,4.42,2,0,0.0,0,12.19,2,11481.58,0
118,68,8,8,0.7519,4.41,2,0,0.0,0,36.99,2,11481.58,0
147,68,4,29,0.5625,4.11,2,1,0.5,0,14.44,2,11481.58,1
159,69,4,19,0.5685,3.83,1,0,0.0,0,14.54,5,8119.85,0
11,69,6,47,0.6899,4.42,1,0,0.0,0,47.57,5,8119.85,0
94,69,12,46,0.8401,4.46,1,0,0.0,1,9.61,5,8119.85,1
45,69,3,15,0.682,4.39,1,0,0.0,0,39.8,5,8119.85,1
166,69,9,58,0.7486,4.2,1,0,0.0,0,24.11,5,8119.85,1
144,69,9,54,0.6936,4.2,1,0,0.0,0,37.21,5,8119.85,1
181,69,8,21,0.8003,4.42,1,0,0.0,0,12.53,5,8119.85,1
18,69,10,72,0.7035,4.47,1,0,0.0,0,29.45,5,8119.85,0
182,69,3,4,0.5679,4.06,1,1,1.0,0,14.91,5,8119.85,1
199,69,15,81,0.8197,4.46,1,0,0.0,0,37.13,5,8119.85,1
53,69,10,69,0.7795,4.46,1,0,0.0,0,21.69,5,8119.85,0
36,69,9,29,0.7539,4.33,1,0,0.0,0,42.0,5,8119.85,0
86,69,12,74,0.7633,4.4,1,0,0.0,0,42.35,5,8119.85,0
62,69,0,5,0.5185,3.59,1,1,1.0,0,12.63,5,8119.85,0
139,69,14,78,0.859,4.26,1,0,0.0,1,4.85,5,8119.85,1
46,70,9,38,0.7151,4.33,3,1,0.3333,0,21.73,5,12517.22,0
74,70,8,47,0.7955,4.4,3,1,0.3333,0,31.66,5,12517.22,1
20,70,5,21,0.67,4.22,3,0,0.0,0,23.87,5,12517.22,0
28,70,0,1,0.6167,4.27,3,0,0.0,0,35.79,5,12517.22,0
43,70,11,82,0.8841,4.49,3,0,0.0,0,12.52,5,12517.22,0
71,70,7,13,0.7505,4.18,3,0,0.0,0,19.29,5,12517.22,0
29,70,12,19,0.7796,4.05,3,0,0.0,0,35.79,5,12517.22,1
179,70,11,39,0.7301,4.52,3,0,0.0,0,23.71,5,12517.22,0
38,70,4,21,0.6007,3.86,3,1,0.3333,0,23.05,5,12517.22,0
128,70,3,29,0.6131,4.0,3,1,0.3333,0,37.87,5,12517.22,0
39,70,15,47,0.913,4.8,3,1,0.3333,0,27.81,5,12517.22,1
53,70,10,69,0.7795,4.46,3,1,0.3333,0,15.28,5,12517.22,0
134,70,4,4,0.6145,4.23,3,0,0.0,0,16.87,5,12517.22,1
161,70,2,17,0.5796,3.87,3,1,0.3333,0,29.37,5,12517.22,0
6,70,3,15,0.5392,3.8,3,1,0.3333,0,40.79,5,12517.22,1
91,71,9,67,0.6878,4.03,1,0,0.0,0,16.45,3,2672.86,1
73,71,3,16,0.6979,4.29,1,0,0.0,0,49.75,3,2672.86,0
117,71,12,73,0.7692,4.26,1,0,0.0,0,27.64,3,2672.86,1
43,71,11,82,0.8841,4.49,1,0,0.0,0,18.21,3,2672.86,0
159,71,4,19,0.5685,3.83,1,0,0.0,0,36.62,3,2672.86,0
42,71,1,5,0.5406,4.18,1,1,1.0,0,15.92,3,2672.86,1
183,71,0,5,0.5535,4.08,1,0,0.0,0,49.02,3,2672.86,0
138,71,4,8,0.5727,4.06,1,0,0.0,0,14.86,3,2672.86,1
74,71,8,47,0.7955,4.4,1,1,1.0,0,47.24,3,2672.86,1
47,71,11,93,0.8167,4.53,1,0,0.0,1,9.5,3,2672.86,0
45,71,3,15,0.682,4.39,1,0,0.0,0,16.24,3,2672.86,0
182,71,3,4,0.5679,4.06,1,1,1.0,0,31.85,3,2672.86,1
178,71,14,58,0.9175,4.55,1,0,0.0,0,35.89,3,2672.86,1
171,71,4,13,0.5639,4.17,1,0,0.0,0,45.84,3,2672.86,0
40,71,4,20,0.5791,3.96,1,0,0.0,0,40.17,3,2672.86,0
171,72,4,13,0.5639,4.17,3,0,0.0,0,22.32,5,7588.01,0
38,72,4,21,0.6007,3.86,3,0,0.0,0,43.64,5,7588.01,0
145,72,11,25,0.8623,4.55,3,0,0.0,0,13.7,5,7588.01,1
187,72,10,32,0.8495,4.59,3,1,0.3333,0,35.65,5,7588.01,1
114,72,5,15,0.6065,4.11,3,1,0.3333,0,18.89,5,7588.01,0
87,72,2,9,0.5213,4.05,3,0,0.0,1,3.14,5,7588.01,1
177,72,8,36,0.813,4.2,3,1,0.3333,0,31.54,5,7588.01,1
29,72,12,19,0.7796,4.05,3,1,0.3333,0,36.86,5,7588.01,1
188,72,14,18,0.8028,4.12,3,0,0.0,0,30.47,5,7588.01,1
123,72,4,18,0.7048,4.35,3,1,0.3333,0,22.71,5,7588.01,0
11,72,6,47,0.6899,4.42,3,0,0.0,0,47.74,5,7588.01,0
36,72,9,29,0.7539,4.33,3,0,0.0,0,24.44,5,7588.01,1
174,72,9,69,0.8377,4.27,3,1,0.3333,1,8.61,5,7588.01,1
142,72,13,25,0.884,4.46,3,0,0.0,0,24.91,5,7588.01,1
30,72,15,34,0.7842,4.19,3,0,0.0,0,24.05,5,7588.01,0
144,73,9,54,0.6936,4.2,2,0,0.0,1,3.38,4,7942.09,0
23,73,7,11,0.788,4.58,2,1,0.5,0,31.01,4,7942.09,1
56,73,12,43,0.7766,4.46,2,2,1.0,0,47.33,4,7942.09,1
187,73,10,32,0.8495,4.59,2,0,0.0,0,25.03,4,7942.09,1
114,73,5,15,0.6065,4.11,2,1,0.5,0,35.55,4,7942.09,1
190,73,11,17,0.8808,4.43,2,1,0.5,0,17.0,4,7942.09,1
107,73,7,43,0.6939,4.41,2,0,0.0,0,32.72,4,7942.09,0
74,73,8,47,0.7955,4.4,2,0,0.0,0,17.97,4,7942.09,0
42,73,1,5,0.5406,4.18,2,0,0.0,0,21.58,4,7942.09,0
109,73,3,17,0.5429,4.17,2,0,0.0,0,42.91,4,7942.09,0
36,73,9,29,0.7539,4.33,2,0,0.0,0,33.41,4,7942.09,1
151,73,15,82,0.8701,4.24,2,1,0.5,0,39.59,4,7942.09,1
154,73,11,20,0.7965,4.53,2,1,0.5,0,41.65,4,7942.09,1
37,73,9,22,0.844,4.25,2,0,0.0,0,22.01,4,7942.09,0
54,73,10,21,0.8473,4.63,2,0,0.0,0,35.46,4,7942.09,1
171,74,4,13,0.5639,4.17,3,0,0.0,0,39.82,4,10987.56,0
74,74,8,47,0.7955,4.4,3,0,0.0,0,32.62,4,10987.56,0
107,74,7,43,0.6939,4.41,3,0,0.0,0,35.12,4,10987.56,0
46,74,9,38,0.7151,4.33,3,0,0.0,0,37.77,4,10987.56,1
126,74,9,61,0.696,3.93,3,2,0.6667,0,30.5,4,10987.56,1
177,74,8,36,0.813,4.2,3,0,0.0,0,43.81,4,10987.56,1
166,74,9,58,0.7486,4.2,3,0,0.0,0,12.34,4,10987.56,1
63,74,15,43,0.7991,4.38,3,1,0.3333,0,45.13,4,10987.56,1
8,74,8,37,0.7644,4.24,3,0,0.0,0,16.53,4,10987.56,1
31,74,1,1,0.5802,4.0,3,2,0.6667,0,26.78,4,10987.56,0
196,74,14,18,0.7727,4.18,3,1,0.3333,0,24.24,4,10987.56,1
71,74,7,13,0.7505,4.18,3,0,0.0,0,31.18,4,10987.56,0
127,74,7,41,0.6494,4.09,3,0,0.0,0,30.55,4,10987.56,0
18,74,10,72,0.7035,4.47,3,1,0.3333,1,2.24,4,10987.56,1
154,74,11,20,0.7965,4.53,3,1,0.3333,0,40.11,4,10987.56,1
81,75,9,41,0.7165,4.37,2,0,0.0,0,21.26,4,1558.93,0
176,75,3,25,0.6773,4.38,2,0,0.0,0,26.48,4,1558.93,0
78,75,6,11,0.6434,4.05,2,0,0.0,0,16.52,4,1558.93,1
70,75,9,22,0.7792,4.61,2,1,0.5,1,5.28,4,1558.93,1
179,75,11,39,0.7301,4.52,2,1,0.5,0,41.8,4,1558.93,1
177,75,8,36,0.813,4.2,2,1,0.5,0,37.59,4,1558.93,0
93,75,5,24,0.6821,4.37,2,0,0.0,0,43.84,4,1558.93,0
25,75,3,6,0.6436,4.02,2,2,1.0,0,38.09,4,1558.93,1
137,75,15,123,0.8223,4.54,2,0,0.0,0,26.69,4,1558.93,0
149,75,4,14,0.6858,3.91,2,0,0.0,0,14.66,4,1558.93,1
91,75,9,67,0.6878,4.03,2,0,0.0,0,10.7,4,1558.93,1
37,75,9,22,0.844,4.25,2,0,0.0,0,37.64,4,1558.93,1
4,75,5,32,0.6362,3.89,2,0,0.0,0,27.68,4,1558.93,0
36,75,9,29,0.7539,4.33,2,0,0.0,0,30.92,4,1558.93,0
133,75,8,62,0.8271,4.73,2,1,0.5,0,16.89,4,1558.93,1
191,76,12,55,0.9253,4.61,2,2,1.0,0,13.11,1,14051.45,1
31,76,1,1,0.5802,4.0,2,1,0.5,0,40.29,1,14051.45,1
57,76,7,61,0.6468,3.89,2,1,0.5,0,14.31,1,14051.45,1
33,76,2,15,0.6183,4.1,2,0,0.0,0,30.54,1,14051.45,1
178,76,14,58,0.9175,4.55,2,1,0.5,0,14.76,1,14051.45,1
37,76,9,22,0.844,4.25,2,1,0.5,0,12.65,1,14051.45,1
177,76,8,36,0.813,4.2,2,0,0.0,0,40.18,1,14051.45,0
59,76,15,95,0.7931,4.34,2,0,0.0,0,46.8,1,14051.45,1
79,76,14,115,0.7531,4.18,2,0,0.0,0,46.05,1,14051.45,1
54,76,10,21,0.8473,4.63,2,0,0.0,0,24.06,1,14051.45,1
34,76,8,33,0.6736,4.25,2,1,0.5,0,43.83,1,14051.45,0
21,76,11,67,0.8869,4.52,2,1,0.5,0,47.95,1,14051.45,1
109,76,3,17,0.5429,4.17,2,0,0.0,1,2.03,1,14051.45,1
196,76,14,18,0.7727,4.18,2,0,0.0,0,39.14,1,14051.45,1
29,76,12,19,0.7796,4.05,2,0,0.0,0,32.81,1,14051.45,1
149,77,4,14,0.6858,3.91,2,0,0.0,0,46.82,2,3109.73,0
196,77,14,18,0.7727,4.18,2,1,0.5,0,28.99,2,3109.73,1
4,77,5,32,0.6362,3.89,2,0,0.0,0,17.41,2,3109.73,0
136,77,7,46,0.6328,4.26,2,1,0.5,0,14.29,2,3109.73,0
56,77,12,43,0.7766,4.46,2,1,0.5,0,49.25,2,3109.73,1
184,77,13,36,0.8696,4.27,2,0,0.0,0,30.57,2,3109.73,1
50,77,13,21,0.9208,4.86,2,1,0.5,0,40.46,2,3109.73,1
73,77,3,16,0.6979,4.29,2,0,0.0,0,28.64,2,3109.73,0
44,77,5,31,0.5795,4.13,2,1,0.5,0,29.83,2,3109.73,1
194,77,14,19,0.8808,4.78,2,2,1.0,0,21.53,2,3109.73,1
138,77,4,8,0.5727,4.06,2,1,0.5,0,13.29,2,3109.73,1
2,77,2,20,0.5759,3.7,2,1,0.5,0,25.39,2,3109.73,1
186,77,2,13,0.5434,4.02,2,1,0.5,0,39.45,2,3109.73,1
26,77,10,23,0.7448,4.1,2,0,0.0,0,43.64,2,3109.73,1
55,77,0,1,0.5,3.84,2,0,0.0,0,26.29,2,3109.73,0
110,78,2,17,0.6407,3.96,3,2,0.6667,0,37.06,4,13109.49,1
49,78,3,15,0.6869,4.0,3,0,0.0,0,25.79,4,13109.49,0
18,78,10,72,0.7035,4.47,3,0,0.0,0,49.1,4,13109.49,0
122,78,5,21,0.7395,4.55,3,1,0.3333,0,45.7,4,13109.49,1
174,78,9,69,0.8377,4.27,3,1,0.3333,0,24.55,4,13109.49,1
95,78,10,42,0.7047,4.06,3,0,0.0,0,18.01,4,13109.49,0
46,78,9,38,0.7151,4.33,3,1,0.3333,0,26.17,4,13109.49,1
4,78,5,32,0.6362,3.89,3,0,0.0,0,26.99,4,13109.49,0
173,78,13,59,0.8717,4.36,3,0,0.0,1,7.77,4,13109.49,0
126,78,9,61,0.696,3.93,3,0,0.0,0,33.75,4,13109.49,0
27,78,8,37,0.695,4.45,3,0,0.0,1,8.11,4,13109.49,0
102,78,7,52,0.6535,4.16,3,1,0.3333,0,24.24,4,13109.49,0
113,78,1,6,0.6183,3.94,3,1,0.3333,0,48.01,4,13109.49,0
134,78,4,4,0.6145,4.23,3,0,0.0,0,30.46,4,13109.49,1
169,78,12,94,0.8925,4.74,3,1,0.3333,0,28.19,4,13109.49,1
126,79,9,61,0.696,3.93,2,2,1.0,0,37.17,3,9976.24,1
128,79,3,29,0.6131,4.0,2,0,0.0,0,34.88,3,9976.24,1
60,79,10,79,0.7145,4.03,2,1,0.5,0,13.06,3,9976.24,1
161,79,2,17,0.5796,3.87,2,0,0.0,0,40.7,3,9976.24,0
35,79,3,5,0.6218,4.07,2,1,0.5,1,2.42,3,9976.24,1
8,79,8,37,0.7644,4.24,2,1,0.5,0,29.61,3,9976.24,1
26,79,10,23,0.7448,4.1,2,0,0.0,0,23.74,3,9976.24,0
189,79,9,74,0.7467,4.48,2,0,0.0,0,31.86,3,9976.24,0
14,79,2,14,0.5687,4.27,2,2,1.0,0,11.26,3,9976.24,1
18,79,10,72,0.7035,4.47,2,0,0.0,0,46.6,3,9976.24,1
174,79,9,69,0.8377,4.27,2,1,0.5,0,22.58,3,9976.24,1
7,79,1,11,0.516,3.75,2,1,0.5,0,28.39,3,9976.24,1
46,79,9,38,0.7151,4.33,2,1,0.5,0,32.27,3,9976.24,0
98,79,15,51,0.8693,4.45,2,0,0.0,0,22.12,3,9976.24,0
155,79,2,12,0.6036,4.08,2,1,0.5,0,29.66,3,9976.24,1
184,80,13,36,0.8696,4.27,1,0,0.0,0,32.49,2,6199.35,1
100,80,14,66,0.7598,4.33,1,1,1.0,0,12.23,2,6199.35,1
125,80,0,5,0.6092,4.08,1,0,0.0,0,33.64,2,6199.35,0
196,80,14,18,0.7727,4.18,1,1,1.0,0,37.06,2,6199.35,1
29,80,12,19,0.7796,4.05,1,0,0.0,0,21.38,2,6199.35,1
146,80,8,9,0.6825,4.3,1,1,1.0,0,33.62,2,6199.35,1
173,80,13,59,0.8717,4.36,1,0,0.0,0,24.66,2,6199.35,0
126,80,9,61,0.696,3.93,1,0,0.0,0,33.36,2,6199.35,0
169,80,12,94,0.8925,4.74,1,0,0.0,1,6.44,2,6199.35,1
142,80,13,25,0.884,4.46,1,0,0.0,0,27.13,2,6199.35,0
176,80,3,25,0.6773,4.38,1,1,1.0,0,26.48,2,6199.35,1
139,80,14,78,0.859,4.26,1,0,0.0,0,19.77,2,6199.35,1
147,80,4,29,0.5625,4.11,1,0,0.0,0,22.48,2,6199.35,1
121,80,10,63,0.7316,4.05,1,0,0.0,1,7.04,2,6199.35,0
122,80,5,21,0.7395,4.55,1,0,0.0,0,14.58,2,6199.35,1
138,81,4,8,0.5727,4.06,3,1,0.3333,0,25.11,5,7213.56,1
84,81,1,9,0.5276,4.17,3,1,0.3333,0,32.9,5,7213.56,0
10,81,1,4,0.6229,4.25,3,1,0.3333,0,14.0,5,7213.56,0
118,81,8,8,0.7519,4.41,3,1,0.3333,0,23.44,5,7213.56,1
169,81,12,94,0.8925,4.74,3,0,0.0,0,40.6,5,7213.56,1
109,81,3,17,0.5429,4.17,3,0,0.0,0,34.59,5,7213.56,0
146,81,8,9,0.6825,4.3,3,1,0.3333,1,4.64,5,7213.56,1
132,81,6,43,0.6389,4.32,3,1,0.3333,0,43.89,5,7213.56,0
108,81,15,105,0.9144,4.52,3,1,0.3333,0,43.62,5,7213.56,1
69,81,6,35,0.7259,4.42,3,0,0.0,0,21.49,5,7213.56,1
6,81,3,15,0.5392,3.8,3,1,0.3333,0,49.85,5,7213.56,1
179,81,11,39,0.7301,4.52,3,1,0.3333,0,19.04,5,7213.56,0
121,81,10,63,0.7316,4.05,3,1,0.3333,0,13.68,5,7213.56,0
151,81,15,82,0.8701,4.24,3,1,0.3333,0,13.79,5,7213.56,1
82,81,5,17,0.6139,4.05,3,1,0.3333,0,12.69,5,7213.56,0
122,82,5,21,0.7395,4.55,2,0,0.0,0,26.09,3,4088.92,0
110,82,2,17,0.6407,3.96,2,1,0.5,0,28.13,3,4088.92,0
54,82,10,21,0.8473,4.63,2,0,0.0,0,17.22,3,4088.92,1
89,82,6,46,0.638,4.19,2,1,0.5,0,38.13,3,4088.92,0
20,82,5,21,0.67,4.22,2,1,0.5,1,5.98,3,4088.92,1
167,82,2,12,0.517,3.99,2,0,0.0,0,48.48,3,4088.92,0
78,82,6,11,0.6434,4.05,2,0,0.0,0,28.69,3,4088.92,0
130,82,11,18,0.7967,4.2,2,0,0.0,0,31.31,3,4088.92,1
77,82,10,45,0.8585,4.62,2,1,0.5,0,40.76,3,4088.92,1
111,82,15,84,0.7565,4.05,2,1,0.5,0,32.64,3,4088.92,1
170,82,11,13,0.7903,4.18,2,1,0.5,1,5.46,3,4088.92,1
139,82,14,78,0.859,4.26,2,1,0.5,0,15.91,3,4088.92,1
81,82,9,41,0.7165,4.37,2,1,0.5,0,37.41,3,4088.92,1
52,82,5,44,0.6774,4.11,2,1,0.5,0,27.42,3,4088.92,1
107,82,7,43,0.6939,4.41,2,0,0.0,0,43.21,3,4088.92,1
53,83,10,69,0.7795,4.46,1,1,1.0,0,11.11,1,14092.45,1
106,83,14,82,0.8372,4.36,1,0,0.0,0,22.42,1,14092.45,1
69,83,6,35,0.7259,4.42,1,0,0.0,0,49.65,1,14092.45,1
74,83,8,47,0.7955,4.4,1,1,1.0,0,46.23,1,14092.45,1
166,83,9,58,0.7486,4.2,1,0,0.0,0,20.91,1,14092.45,1
42,83,1,5,0.5406,4.18,1,0,0.0,0,41.59,1,14092.45,1
66,83,10,58,0.7501,4.57,1,0,0.0,0,32.03,1,14092.45,1
176,83,3,25,0.6773,4.38,1,0,0.0,0,11.69,1,14092.45,0
154,83,11,20,0.7965,4.53,1,0,0.0,0,41.29,1,14092.45,1
61,83,13,65,0.8096,4.39,1,0,0.0,0,45.86,1,14092.45,1
104,83,7,36,0.7242,4.18,1,1,1.0,0,21.92,1,14092.45,1
62,83,0,5,0.5185,3.59,1,0,0.0,0,48.2,1,14092.45,0
30,83,15,34,0.7842,4.19,1,0,0.0,0,36.87,1,14092.45,0
39,83,15,47,0.913,4.8,1,1,1.0,0,25.88,1,14092.45,1
50,83,13,21,0.9208,4.86,1,1,1.0,0,43.71,1,14092.45,1
147,84,4,29,0.5625,4.11,1,0,0.0,0,40.93,1,11607.78,1
189,84,9,74,0.7467,4.48,1,0,0.0,0,43.29,1,11607.78,0
129,84,6,34,0.68,4.02,1,0,0.0,0,42.23,1,11607.78,0
31,84,1,1,0.5802,4.0,1,0,0.0,0,47.42,1,11607.78,1
134,84,4,4,0.6145,4.23,1,0,0.0,1,1.51,1,11607.78,1
171,84,4,13,0.5639,4.17,1,0,0.0,0,20.98,1,11607.78,1
149,84,4,14,0.6858,3.91,1,1,1.0,0,44.52,1,11607.78,1
199,84,15,81,0.8197,4.46,1,0,0.0,0,31.34,1,11607.78,1
135,84,1,3,0.6085,4.06,1,0,0.0,0,14.52,1,11607.78,0
65,84,4,33,0.5827,3.85,1,0,0.0,0,28.99,1,11607.78,1
128,84,3,29,0.6131,4.0,1,0,0.0,0,21.11,1,11607.78,0
24,84,6,40,0.6238,4.33,1,1,1.0,1,1.88,1,11607.78,1
61,84,13,65,0.8096,4.39,1,1,1.0,0,24.71,1,11607.78,1
154,84,11,20,0.7965,4.53,1,0,0.0,0,35.82,1,11607.78,0
32,84,2,7,0.5123,3.61,1,0,0.0,0,11.39,1,11607.78,0
14,85,2,14,0.5687,4.27,1,0,0.0,0,44.31,1,1963.0,1
177,85,8,36,0.813,4.2,1,1,1.0,0,46.39,1,1963.0,1
172,85,4,28,0.5778,3.8,1,0,0.0,0,49.12,1,1963.0,1
62,85,0,5,0.5185,3.59,1,1,1.0,0,13.61,1,1963.0,1
65,85,4,33,0.5827,3.85,1,0,0.0,0,19.42,1,1963.0,1
142,85,13,25,0.884,4.46,1,0,0.0,0,45.61,1,1963.0,0
99,85,2,12,0.5454,3.7,1,0,0.0,0,35.25,1,1963.0,0
80,85,15,85,0.8456,4.43,1,0,0.0,0,40.67,1,1963.0,1
164,85,15,79,0.7772,4.09,1,0,0.0,1,0.82,1,1963.0,0
180,85,9,69,0.8003,4.17,1,0,0.0,0,42.93,1,1963.0,0
93,85,5,24,0.6821,4.37,1,0,0.0,0,28.84,1,1963.0,1
176,85,3,25,0.6773,4.38,1,0,0.0,0,43.65,1,1963.0,0
32,85,2,7,0.5123,3.61,1,1,1.0,0,45.07,1,1963.0,1
137,85,15,123,0.8223,4.54,1,0,0.0,0,42.98,1,1963.0,1
61,85,13,65,0.8096,4.39,1,0,0.0,0,30.25,1,1963.0,1
155,86,2,12,0.6036,4.08,2,1,0.5,0,10.12,4,11237.85,1
187,86,10,32,0.8495,4.59,2,0,0.0,0,22.22,4,11237.85,1
141,86,13,53,0.8697,4.44,2,2,1.0,0,14.43,4,11237.85,1
189,86,9,74,0.7467,4.48,2,1,0.5,0,38.54,4,11237.85,1
84,86,1,9,0.5276,4.17,2,1,0.5,0,35.97,4,11237.85,1
117,86,12,73,0.7692,4.26,2,1,0.5,0,33.76,4,11237.85,1
178,86,14,58,0.9175,4.55,2,0,0.0,0,47.58,4,11237.85,1
8,86,8,37,0.7644,4.24,2,0,0.0,0,44.94,4,11237.85,1
196,86,14,18,0.7727,4.18,2,1,0.5,0,16.94,4,11237.85,1
14,86,2,14,0.5687,4.27,2,1,0.5,0,23.1,4,11237.85,1
165,86,1,4,0.6024,4.33,2,1,0.5,0,13.38,4,11237.85,1
48,86,5,42,0.7483,4.16,2,1,0.5,0,25.74,4,11237.85,1
162,86,2,11,0.5831,3.72,2,1,0.5,0,43.39,4,11237.85,1
114,86,5,15,0.6065,4.11,2,0,0.0,0,10.83,4,11237.85,1
35,86,3,5,0.6218,4.07,2,0,0.0,0,32.34,4,11237.85,0
59,87,15,95,0.7931,4.34,2,0,0.0,0,16.8,1,11438.59,1
23,87,7,11,0.788,4.58,2,0,0.0,0,10.56,1,11438.59,1
119,87,6,45,0.6451,4.26,2,0,0.0,0,40.93,1,11438.59,0
51,87,13,54,0.8224,4.31,2,0,0.0,0,43.09,1,11438.59,1
68,87,6,7,0.7118,4.07,2,0,0.0,0,18.98,1,11438.59,1
180,87,9,69,0.8003,4.17,2,1,0.5,0,47.84,1,11438.59,1
44,87,5,31,0.5795,4.13,2,1,0.5,0,20.65,1,11438.59,1
13,87,4,36,0.6388,4.25,2,0,0.0,0,25.28,1,11438.59,1
103,87,3,23,0.6748,4.16,2,1,0.5,0,18.26,1,11438.59,1
159,87,4,19,0.5685,3.83,2,0,0.0,0,42.96,1,11438.59,0
110,87,2,17,0.6407,3.96,2,0,0.0,0,17.57,1,11438.59,1
154,87,11,20,0.7965,4.53,2,0,0.0,0,41.7,1,11438.59,1
67,87,1,6,0.5154,3.62,2,1,0.5,0,49.05,1,11438.59,1
39,87,15,47,0.913,4.8,2,1,0.5,0,28.04,1,11438.59,1
95,87,10,42,0.7047,4.06,2,0,0.0,0,33.32,1,11438.59,1
22,88,0,5,0.5497,3.99,1,0,0.0,0,20.25,5,3895.34,1
3,88,6,51,0.717,4.27,1,0,0.0,0,12.35,5,3895.34,1
121,88,10,63,0.7316,4.05,1,1,1.0,0,19.39,5,3895.34,1
35,88,3,5,0.6218,4.07,1,0,0.0,0,49.87,5,3895.34,0
83,88,7,30,0.6573,3.84,1,0,0.0,0,48.69,5,3895.34,0
178,88,14,58,0.9175,4.55,1,0,0.0,0,39.93,5,3895.34,1
102,88,7,52,0.6535,4.16,1,1,1.0,0,20.15,5,3895.34,1
176,88,3,25,0.6773,4.38,1,0,0.0,1,3.37,5,3895.34,1
55,88,0,1,0.5,3.84,1,1,1.0,0,24.84,5,3895.34,0
183,88,0,5,0.5535,4.08,1,0,0.0,1,5.82,5,3895.34,0
99,88,2,12,0.5454,3.7,1,1,1.0,0,20.41,5,3895.34,1
182,88,3,4,0.5679,4.06,1,0,0.0,0,47.21,5,3895.34,0
109,88,3,17,0.5429,4.17,1,0,0.0,0,15.28,5,3895.34,0
189,88,9,74,0.7467,4.48,1,0,0.0,0,31.22,5,3895.34,1
153,88,15,110,0.8275,4.22,1,1,1.0,0,14.67,5,3895.34,1
33,89,2,15,0.6183,4.1,2,2,1.0,0,49.78,2,4875.58,1
128,89,3,29,0.6131,4.0,2,1,0.5,0,16.05,2,4875.58,0
72,89,1,6,0.5709,4.07,2,0,0.0,0,36.3,2,4875.58,0
192,89,13,23,0.8275,4.74,2,1,0.5,0,12.13,2,4875.58,1
93,89,5,24,0.6821,4.37,2,1,0.5,0,19.19,2,4875.58,1
111,89,15,84,0.7565,4.05,2,0,0.0,0,20.41,2,4875.58,0
73,89,3,16,0.6979,4.29,2,0,0.0,0,27.46,2,4875.58,0
68,89,6,7,0.7118,4.07,2,1,0.5,0,47.09,2,4875.58,1
157,89,3,10,0.6034,3.98,2,1,0.5,0,24.26,2,4875.58,1
195,89,12,58,0.8424,4.62,2,0,0.0,0,29.41,2,4875.58,1
133,89,8,62,0.8271,4.73,2,0,0.0,0,43.83,2,4875.58,0
81,89,9,41,0.7165,4.37,2,0,0.0,0,14.95,2,4875.58,1
112,89,3,27,0.6391,4.32,2,0,0.0,0,44.73,2,4875.58,1
43,89,11,82,0.8841,4.49,2,0,0.0,0,16.73,2,4875.58,1
189,89,9,74,0.7467,4.48,2,0,0.0,0,20.91,2,4875.58,0
150,90,14,67,0.7992,4.54,3,1,0.3333,0,21.37,5,4489.73,0
55,90,0,1,0.5,3.84,3,3,1.0,0,14.88,5,4489.73,1
2,90,2,20,0.5759,3.7,3,1,0.3333,0,47.17,5,4489.73,1
135,90,1,3,0.6085,4.06,3,1,0.3333,0,22.94,5,4489.73,1
197,90,14,61,0.817,4.58,3,1,0.3333,0,28.41,5,4489.73,1
147,90,4,29,0.5625,4.11,3,1,0.3333,0,29.19,5,4489.73,0
47,90,11,93,0.8167,4.53,3,0,0.0,0,20.77,5,4489.73,0
107,90,7,43,0.6939,4.41,3,0,0.0,0,23.18,5,4489.73,1
20,90,5,21,0.67,4.22,3,1,0.3333,0,34.89,5,4489.73,1
64,90,4,5,0.7132,4.29,3,1,0.3333,0,47.9,5,4489.73,0
128,90,3,29,0.6131,4.0,3,0,0.0,1,9.12,5,4489.73,0
174,90,9,69,0.8377,4.27,3,2,0.6667,0,15.17,5,4489.73,1
25,90,3,6,0.6436,4.02,3,1,0.3333,0,42.06,5,4489.73,1
85,90,9,69,0.7612,4.22,3,1,0.3333,0,41.93,5,4489.73,0
7,90,1,11,0.516,3.75,3,1,0.3333,0,31.89,5,4489.73,0
24,91,6,40,0.6238,4.33,3,2,0.6667,0,40.1,4,14598.21,1
103,91,3,23,0.6748,4.16,3,2,0.6667,0,14.82,4,14598.21,1
66,91,10,58,0.7501,4.57,3,1,0.3333,0,27.29,4,14598.21,0
46,91,9,38,0.7151,4.33,3,0,0.0,0,22.4,4,14598.21,0
62,91,0,5,0.5185,3.59,3,1,0.3333,0,15.25,4,14598.21,0
198,91,12,52,0.8669,4.36,3,1,0.3333,0,43.28,4,14598.21,1
23,91,7,11,0.788,4.58,3,1,0.3333,0,29.58,4,14598.21,0
6,91,3,15,0.5392,3.8,3,0,0.0,0,29.06,4,14598.21,0
54,91,10,21,0.8473,4.63,3,1,0.3333,0,26.92,4,14598.21,1
42,91,1,5,0.5406,4.18,3,0,0.0,1,8.2,4,14598.21,0
100,91,14,66,0.7598,4.33,3,2,0.6667,0,27.36,4,14598.21,1
200,91,15,40,0.7721,4.55,3,1,0.3333,0,11.62,4,14598.21,1
104,91,7,36,0.7242,4.18,3,0,0.0,0,28.54,4,14598.21,1
73,91,3,16,0.6979,4.29,3,2,0.6667,0,37.45,4,14598.21,1
166,91,9,58,0.7486,4.2,3,0,0.0,0,29.81,4,14598.21,0
135,92,1,3,0.6085,4.06,3,1,0.3333,0,32.74,2,4848.38,1
22,92,0,5,0.5497,3.99,3,0,0.0,0,46.69,2,4848.38,0
75,92,7,60,0.7932,4.25,3,1,0.3333,0,30.43,2,4848.38,1
120,92,9,65,0.681,4.09,3,0,0.0,1,4.91,2,4848.38,1
112,92,3,27,0.6391,4.32,3,0,0.0,0,42.51,2,4848.38,1
21,92,11,67,0.8869,4.52,3,1,0.3333,0,33.42,2,4848.38,1
123,92,4,18,0.7048,4.35,3,1,0.3333,0,10.65,2,4848.38,0
77,92,10,45,0.8585,4.62,3,1,0.3333,0,28.52,2,4848.38,1
39,92,15,47,0.913,4.8,3,1,0.3333,0,43.72,2,4848.38,1
33,92,2,15,0.6183,4.1,3,1,0.3333,0,26.65,2,4848.38,0
176,92,3,25,0.6773,4.38,3,0,0.0,0,22.56,2,4848.38,0
64,92,4,5,0.7132,4.29,3,1,0.3333,0,40.29,2,4848.38,1
134,92,4,4,0.6145,4.23,3,0,0.0,0,42.31,2,4848.38,1
110,92,2,17,0.6407,3.96,3,2,0.6667,0,46.72,2,4848.38,1
76,92,10,13,0.789,4.27,3,1,0.3333,0,18.44,2,4848.38,1
155,93,2,12,0.6036,4.08,3,0,0.0,0,37.67,2,12934.35,0
67,93,1,6,0.5154,3.62,3,1,0.3333,0,48.63,2,12934.35,0
173,93,13,59,0.8717,4.36,3,3,1.0,0,29.47,2,12934.35,1
28,93,0,1,0.6167,4.27,3,2,0.6667,0,48.96,2,12934.35,1
112,93,3,27,0.6391,4.32,3,0,0.0,0,36.95,2,12934.35,0
137,93,15,123,0.8223,4.54,3,0,0.0,0,25.8,2,12934.35,1
5,93,12,24,0.8146,4.32,3,1,0.3333,1,1.69,2,12934.35,1
2,93,2,20,0.5759,3.7,3,1,0.3333,0,14.48,2,12934.35,1
102,93,7,52,0.6535,4.16,3,2,0.6667,0,48.82,2,12934.35,1
30,93,15,34,0.7842,4.19,3,0,0.0,0,18.37,2,12934.35,1
4,93,5,32,0.6362,3.89,3,0,0.0,0,35.99,2,12934.35,1
44,93,5,31,0.5795,4.13,3,1,0.3333,0,35.04,2,12934.35,0
168,93,2,20,0.6195,4.32,3,1,0.3333,1,2.31,2,12934.35,1
123,93,4,18,0.7048,4.35,3,0,0.0,0,28.54,2,12934.35,1
118,93,8,8,0.7519,4.41,3,1,0.3333,0,10.87,2,12934.35,1
40,94,4,20,0.5791,3.96,2,0,0.0,1,3.67,5,14532.9,1
190,94,11,17,0.8808,4.43,2,0,0.0,0,43.91,5,14532.9,1
180,94,9,69,0.8003,4.17,2,2,1.0,0,26.63,5,14532.9,1
114,94,5,15,0.6065,4.11,2,0,0.0,1,6.0,5,14532.9,0
125,94,0,5,0.6092,4.08,2,0,0.0,0,49.96,5,14532.9,1
121,94,10,63,0.7316,4.05,2,1,0.5,0,25.99,5,14532.9,1
6,94,3,15,0.5392,3.8,2,0,0.0,0,38.98,5,14532.9,0
116,94,14,58,0.9278,4.5,2,0,0.0,1,9.1,5,14532.9,0
150,94,14,67,0.7992,4.54,2,0,0.0,0,19.28,5,14532.9,1
63,94,15,43,0.7991,4.38,2,0,0.0,1,0.68,5,14532.9,1
52,94,5,44,0.6774,4.11,2,0,0.0,0,32.13,5,14532.9,1
76,94,10,13,0.789,4.27,2,0,0.0,0,35.93,5,14532.9,0
146,94,8,9,0.6825,4.3,2,1,0.5,0,14.68,5,14532.9,1
101,94,4,22,0.6289,4.2,2,0,0.0,0,35.85,5,14532.9,0
14,94,2,14,0.5687,4.27,2,2,1.0,0,27.45,5,14532.9,1
186,95,2,13,0.5434,4.02,3,1,0.3333,0,15.25,1,3448.38,1
50,95,13,21,0.9208,4.86,3,0,0.0,0,38.46,1,3448.38,0
121,95,10,63,0.7316,4.05,3,0,0.0,0,43.32,1,3448.38,1
89,95,6,46,0.638,4.19,3,1,0.3333,0,39.38,1,3448.38,0
113,95,1,6,0.6183,3.94,3,3,1.0,0,41.99,1,3448.38,1
60,95,10,79,0.7145,4.03,3,1,0.3333,0,34.87,1,3448.38,1
130,95,11,18,0.7967,4.2,3,1,0.3333,0,39.97,1,3448.38,1
57,95,7,61,0.6468,3.89,3,1,0.3333,0,15.16,1,3448.38,1
151,95,15,82,0.8701,4.24,3,0,0.0,0,34.23,1,3448.38,1
176,95,3,25,0.6773,4.38,3,1,0.3333,1,4.45,1,3448.38,0
87,95,2,9,0.5213,4.05,3,1,0.3333,0,22.15,1,3448.38,1
155,95,2,12,0.6036,4.08,3,1,0.3333,0,11.88,1,3448.38,1
184,95,13,36,0.8696,4.27,3,0,0.0,0,45.24,1,3448.38,1
169,95,12,94,0.8925,4.74,3,1,0.3333,0,16.34,1,3448.38,1
120,95,9,65,0.681,4.09,3,0,0.0,0,45.78,1,3448.38,1
17,96,11,31,0.8221,4.6,2,0,0.0,1,7.82,2,11006.48,1
87,96,2,9,0.5213,4.05,2,0,0.0,0,45.85,2,11006.48,0
111,96,15,84,0.7565,4.05,2,1,0.5,0,44.95,2,11006.48,1
30,96,15,34,0.7842,4.19,2,1,0.5,0,14.17,2,11006.48,1
159,96,4,19,0.5685,3.83,2,1,0.5,0,47.85,2,11006.48,0
59,96,15,95,0.7931,4.34,2,1,0.5,0,48.51,2,11006.48,1
31,96,1,1,0.5802,4.0,2,0,0.0,1,9.76,2,11006.48,0
144,96,9,54,0.6936,4.2,2,2,1.0,0,34.39,2,11006.48,1
58,96,14,34,0.8839,4.53,2,0,0.0,0,14.07,2,11006.48,1
125,96,0,5,0.6092,4.08,2,1,0.5,0,30.29,2,11006.48,1
67,96,1,6,0.5154,3.62,2,0,0.0,0,14.72,2,11006.48,1
88,96,14,70,0.8035,4.45,2,1,0.5,0,24.47,2,11006.48,1
91,96,9,67,0.6878,4.03,2,1,0.5,0,38.33,2,11006.48,1
197,96,14,61,0.817,4.58,2,1,0.5,0,29.94,2,11006.48,1
12,96,7,54,0.726,4.11,2,2,1.0,0,16.17,2,11006.48,1
36,97,9,29,0.7539,4.33,1,0,0.0,0,24.9,5,10268.24,0
32,97,2,7,0.5123,3.61,1,1,1.0,0,24.43,5,10268.24,1
52,97,5,44,0.6774,4.11,1,1,1.0,0,16.06,5,10268.24,1
113,97,1,6,0.6183,3.94,1,1,1.0,0,26.87,5,10268.24,1
107,97,7,43,0.6939,4.41,1,0,0.0,1,8.12,5,10268.24,1
197,97,14,61,0.817,4.58,1,0,0.0,0,26.37,5,10268.24,1
2,97,2,20,0.5759,3.7,1,0,0.0,0,44.1,5,10268.24,0
63,97,15,43,0.7991,4.38,1,0,0.0,1,3.94,5,10268.24,1
122,97,5,21,0.7395,4.55,1,0,0.0,0,15.82,5,10268.24,1
88,97,14,70,0.8035,4.45,1,0,0.0,1,8.16,5,10268.24,0
74,97,8,47,0.7955,4.4,1,1,1.0,0,13.39,5,10268.24,1
130,97,11,18,0.7967,4.2,1,0,0.0,0,49.28,5,10268.24,1
44,97,5,31,0.5795,4.13,1,1,1.0,0,12.46,5,10268.24,1
22,97,0,5,0.5497,3.99,1,0,0.0,0,36.41,5,10268.24,0
69,97,6,35,0.7259,4.42,1,0,0.0,0,46.1,5,10268.24,1
162,98,2,11,0.5831,3.72,1,1,1.0,0,10.32,5,12167.43,1
183,98,0,5,0.5535,4.08,1,0,0.0,0,31.11,5,12167.43,0
170,98,11,13,0.7903,4.18,1,0,0.0,1,7.15,5,12167.43,1
134,98,4,4,0.6145,4.23,1,0,0.0,0,18.21,5,12167.43,0
76,98,10,13,0.789,4.27,1,0,0.0,0,41.53,5,12167.43,0
108,98,15,105,0.9144,4.52,1,0,0.0,0,37.9,5,12167.43,0
103,98,3,23,0.6748,4.16,1,0,0.0,0,41.26,5,12167.43,0
175,98,13,33,0.897,4.75,1,0,0.0,0,17.89,5,12167.43,1
180,98,9,69,0.8003,4.17,1,1,1.0,0,11.48,5,12167.43,1
142,98,13,25,0.884,4.46,1,0,0.0,0,39.0,5,12167.43,0
78,98,6,11,0.6434,4.05,1,0,0.0,0,15.04,5,12167.43,0
185,98,0,4,0.6072,3.77,1,0,0.0,0,21.36,5,12167.43,1
191,98,12,55,0.9253,4.61,1,1,1.0,0,32.07,5,12167.43,1
81,98,9,41,0.7165,4.37,1,0,0.0,0,40.28,5,12167.43,1
89,98,6,46,0.638,4.19,1,0,0.0,0,11.12,5,12167.43,0
152,99,6,25,0.7702,4.5,3,0,0.0,0,11.91,3,13107.37,0
67,99,1,6,0.5154,3.62,3,1,0.3333,0,14.99,3,13107.37,1
62,99,0,5,0.5185,3.59,3,1,0.3333,0,39.47,3,13107.37,1
199,99,15,81,0.8197,4.46,3,2,0.6667,0,49.32,3,13107.37,1
78,99,6,11,0.6434,4.05,3,1,0.3333,0,49.56,3,13107.37,1
186,99,2,13,0.5434,4.02,3,0,0.0,0,45.77,3,13107.37,0
109,99,3,17,0.5429,4.17,3,0,0.0,0,31.33,3,13107.37,0
130,99,11,18,0.7967,4.2,3,2,0.6667,0,24.01,3,13107.37,1
29,99,12,19,0.7796,4.05,3,1,0.3333,0,41.39,3,13107.37,1
188,99,14,18,0.8028,4.12,3,0,0.0,1,6.89,3,13107.37,1
16,99,8,40,0.7872,4.37,3,2,0.6667,0,30.79,3,13107.37,1
96,99,1,13,0.6111,4.03,3,1,0.3333,0,23.11,3,13107.37,0
161,99,2,17,0.5796,3.87,3,0,0.0,0,42.91,3,13107.37,0
91,99,9,67,0.6878,4.03,3,0,0.0,0,13.92,3,13107.37,0
32,99,2,7,0.5123,3.61,3,1,0.3333,1,8.37,3,13107.37,1
16,100,8,40,0.7872,4.37,2,1,0.5,0,25.79,1,14450.12,1
109,100,3,17,0.5429,4.17,2,0,0.0,0,29.95,1,14450.12,1
34,100,8,33,0.6736,4.25,2,1,0.5,0,27.6,1,14450.12,0
122,100,5,21,0.7395,4.55,2,0,0.0,0,29.58,1,14450.12,0
55,100,0,1,0.5,3.84,2,1,0.5,0,42.95,1,14450.12,1
115,100,7,36,0.7398,4.26,2,1,0.5,0,15.08,1,14450.12,1
20,100,5,21,0.67,4.22,2,0,0.0,1,1.73,1,14450.12,1
95,100,10,42,0.7047,4.06,2,0,0.0,0,44.53,1,14450.12,1
174,100,9,69,0.8377,4.27,2,0,0.0,0,18.51,1,14450.12,1
135,100,1,3,0.6085,4.06,2,1,0.5,0,39.86,1,14450.12,0
104,100,7,36,0.7242,4.18,2,0,0.0,0,24.77,1,14450.12,0
151,100,15,82,0.8701,4.24,2,1,0.5,0,34.06,1,14450.12,1
144,100,9,54,0.6936,4.2,2,1,0.5,0,14.83,1,14450.12,1
133,100,8,62,0.8271,4.73,2,1,0.5,0,11.61,1,14450.12,1
200,100,15,40,0.7721,4.55,2,0,0.0,0,24.86,1,14450.12,0
78,101,6,11,0.6434,4.05,3,1,0.3333,0,14.89,5,13769.33,1
76,101,10,13,0.789,4.27,3,0,0.0,0,44.82,5,13769.33,1
125,101,0,5,0.6092,4.08,3,1,0.3333,0,32.92,5,13769.33,0
8,101,8,37,0.7644,4.24,3,1,0.3333,0,46.01,5,13769.33,0
37,101,9,22,0.844,4.25,3,1,0.3333,0,29.01,5,13769.33,1
151,101,15,82,0.8701,4.24,3,0,0.0,1,6.25,5,13769.33,0
108,101,15,105,0.9144,4.52,3,0,0.0,0,30.19,5,13769.33,1
13,101,4,36,0.6388,4.25,3,0,0.0,0,28.0,5,13769.33,0
79,101,14,115,0.7531,4.18,3,0,0.0,1,8.73,5,13769.33,1
73,101,3,16,0.6979,4.29,3,0,0.0,0,41.99,5,13769.33,0
56,101,12,43,0.7766,4.46,3,2,0.6667,0,26.39,5,13769.33,1
47,101,11,93,0.8167,4.53,3,0,0.0,0,25.82,5,13769.33,0
190,101,11,17,0.8808,4.43,3,1,0.3333,0,48.32,5,13769.33,0
126,101,9,61,0.696,3.93,3,2,0.6667,0,39.44,5,13769.33,1
1,101,3,3,0.6585,3.98,3,1,0.3333,0,44.64,5,13769.33,0
147,102,4,29,0.5625,4.11,2,0,0.0,0,12.11,3,8237.93,0
162,102,2,11,0.5831,3.72,2,1,0.5,0,17.58,3,8237.93,1
198,102,12,52,0.8669,4.36,2,0,0.0,0,45.87,3,8237.93,1
182,102,3,4,0.5679,4.06,2,1,0.5,0,47.45,3,8237.93,1
80,102,15,85,0.8456,4.43,2,1,0.5,0,10.76,3,8237.93,1
144,102,9,54,0.6936,4.2,2,1,0.5,0,19.81,3,8237.93,1
166,102,9,58,0.7486,4.2,2,0,0.0,0,45.51,3,8237.93,1
32,102,2,7,0.5123,3.61,2,1,0.5,0,42.28,3,8237.93,1
165,102,1,4,0.6024,4.33,2,0,0.0,0,26.07,3,8237.93,1
22,102,0,5,0.5497,3.99,2,0,0.0,0,44.48,3,8237.93,1
50,102,13,21,0.9208,4.86,2,1,0.5,0,27.48,3,8237.93,1
159,102,4,19,0.5685,3.83,2,0,0.0,0,44.39,3,8237.93,1
139,102,14,78,0.859,4.26,2,1,0.5,0,20.29,3,8237.93,1
148,102,6,30,0.6756,4.07,2,0,0.0,0,13.97,3,8237.93,1
194,102,14,19,0.8808,4.78,2,1,0.5,0,15.76,3,8237.93,1
23,103,7,11,0.788,4.58,2,1,0.5,0,13.95,4,13300.77,1
40,103,4,20,0.5791,3.96,2,0,0.0,0,45.72,4,13300.77,1
79,103,14,115,0.7531,4.18,2,2,1.0,0,47.66,4,13300.77,1
105,103,13,56,0.9182,4.61,2,1,0.5,0,12.08,4,13300.77,1
174,103,9,69,0.8377,4.27,2,1,0.5,0,33.88,4,13300.77,1
44,103,5,31,0.5795,4.13,2,1,0.5,0,30.34,4,13300.77,1
16,103,8,40,0.7872,4.37,2,0,0.0,0,47.97,4,13300.77,1
158,103,5,9,0.6669,3.92,2,1,0.5,1,3.52,4,13300.77,1
84,103,1,9,0.5276,4.17,2,0,0.0,0,12.62,4,13300.77,1
47,103,11,93,0.8167,4.53,2,1,0.5,1,6.52,4,13300.77,1
7,103,1,11,0.516,3.75,2,0,0.0,0,10.74,4,13300.77,0
183,103,0,5,0.5535,4.08,2,2,1.0,0,33.45,4,13300.77,1
15,103,8,57,0.7654,4.09,2,0,0.0,0,40.52,4,13300.77,0
77,103,10,45,0.8585,4.62,2,0,0.0,0,15.02,4,13300.77,1
100,103,14,66,0.7598,4.33,2,0,0.0,0,27.84,4,13300.77,0
129,104,6,34,0.68,4.02,1,0,0.0,1,3.25,3,13757.79,0
53,104,10,69,0.7795,4.46,1,1,1.0,0,10.02,3,13757.79,1
37,104,9,22,0.844,4.25,1,0,0.0,0,29.29,3,13757.79,1
96,104,1,13,0.6111,4.03,1,1,1.0,0,43.58,3,13757.79,1
139,104,14,78,0.859,4.26,1,1,1.0,0,24.06,3,13757.79,1
44,104,5,31,0.5795,4.13,1,0,0.0,1,6.06,3,13757.79,1
63,104,15,43,0.7991,4.38,1,1,1.0,0,11.82,3,13757.79,1
138,104,4,8,0.5727,4.06,1,0,0.0,0,32.52,3,13757.79,1
109,104,3,17,0.5429,4.17,1,0,0.0,0,25.81,3,13757.79,1
143,104,10,25,0.7739,4.57,1,0,0.0,0,15.59,3,13757.79,1
116,104,14,58,0.9278,4.5,1,1,1.0,0,21.18,3,13757.79,1
11,104,6,47,0.6899,4.42,1,0,0.0,0,34.42,3,13757.79,0
1,104,3,3,0.6585,3.98,1,0,0.0,0,22.73,3,13757.79,0
119,104,6,45,0.6451,4.26,1,0,0.0,0,23.71,3,13757.79,1
159,104,4,19,0.5685,3.83,1,0,0.0,0,40.11,3,13757.79,0
63,105,15,43,0.7991,4.38,2,1,0.5,0,10.17,2,13029.23,1
170,105,11,13,0.7903,4.18,2,0,0.0,0,16.94,2,13029.23,1
83,105,7,30,0.6573,3.84,2,1,0.5,0,37.86,2,13029.23,1
88,105,14,70,0.8035,4.45,2,1,0.5,0,25.71,2,13029.23,1
54,105,10,21,0.8473,4.63,2,0,0.0,0,45.07,2,13029.23,1
118,105,8,8,0.7519,4.41,2,0,0.0,0,31.55,2,13029.23,0
154,105,11,20,0.7965,4.53,2,0,0.0,0,42.64,2,13029.23,1
85,105,9,69,0.7612,4.22,2,0,0.0,0,14.94,2,13029.23,0
5,105,12,24,0.8146,4.32,2,0,0.0,0,25.06,2,13029.23,1
178,105,14,58,0.9175,4.55,2,1,0.5,0,25.47,2,13029.23,1
35,105,3,5,0.6218,4.07,2,0,0.0,0,42.47,2,13029.23,0
166,105,9,58,0.7486,4.2,2,0,0.0,1,1.69,2,13029.23,1
1,105,3,3,0.6585,3.98,2,0,0.0,0,17.72,2,13029.23,1
156,105,10,31,0.8442,4.54,2,1,0.5,0,39.73,2,13029.23,1
122,105,5,21,0.7395,4.55,2,0,0.0,0,37.22,2,13029.23,0
50,106,13,21,0.9208,4.86,1,1,1.0,0,10.29,5,14053.99,0
24,106,6,40,0.6238,4.33,1,0,0.0,0,35.54,5,14053.99,1
158,106,5,9,0.6669,3.92,1,0,0.0,1,3.13,5,14053.99,0
161,106,2,17,0.5796,3.87,1,0,0.0,0,16.82,5,14053.99,1
78,106,6,11,0.6434,4.05,1,0,0.0,1,7.52,5,14053.99,0
184,106,13,36,0.8696,4.27,1,0,0.0,0,34.12,5,14053.99,1
57,106,7,61,0.6468,3.89,1,0,0.0,0,33.53,5,14053.99,0
60,106,10,79,0.7145,4.03,1,0,0.0,0,15.1,5,14053.99,0
127,106,7,41,0.6494,4.09,1,0,0.0,1,8.63,5,14053.99,0
93,106,5,24,0.6821,4.37,1,1,1.0,0,39.16,5,14053.99,1
10,106,1,4,0.6229,4.25,1,0,0.0,0,43.91,5,14053.99,1
72,106,1,6,0.5709,4.07,1,0,0.0,0,48.79,5,14053.99,0
181,106,8,21,0.8003,4.42,1,1,1.0,0,34.58,5,14053.99,1
156,106,10,31,0.8442,4.54,1,0,0.0,0,45.32,5,14053.99,1
54,106,10,21,0.8473,4.63,1,0,0.0,0,27.08,5,14053.99,0
167,107,2,12,0.517,3.99,3,1,0.3333,0,18.98,4,5283.05,1
14,107,2,14,0.5687,4.27,3,0,0.0,0,26.8,4,5283.05,0
83,107,7,30,0.6573,3.84,3,1,0.3333,0,10.21,4,5283.05,1
111,107,15,84,0.7565,4.05,3,1,0.3333,0,13.27,4,5283.05,1
105,107,13,56,0.9182,4.61,3,2,0.6667,0,11.01,4,5283.05,1
71,107,7,13,0.7505,4.18,3,0,0.0,0,49.12,4,5283.05,1
32,107,2,7,0.5123,3.61,3,1,0.3333,1,1.21,4,5283.05,1
175,107,13,33,0.897,4.75,3,0,0.0,0,16.58,4,5283.05,1
133,107,8,62,0.8271,4.73,3,1,0.3333,0,35.04,4,5283.05,1
120,107,9,65,0.681,4.09,3,1,0.3333,0,29.2,4,5283.05,0
127,107,7,41,0.6494,4.09,3,2,0.6667,0,33.7,4,5283.05,1
93,107,5,24,0.6821,4.37,3,1,0.3333,0,23.37,4,5283.05,1
195,107,12,58,0.8424,4.62,3,1,0.3333,0,14.31,4,5283.05,1
12,107,7,54,0.726,4.11,3,1,0.3333,0,23.63,4,5283.05,1
185,107,0,4,0.6072,3.77,3,1,0.3333,0,23.34,4,5283.05,0
19,108,2,4,0.6317,4.28,3,1,0.3333,0,22.53,4,11568.73,0
199,108,15,81,0.8197,4.46,3,2,0.6667,1,1.12,4,11568.73,1
154,108,11,20,0.7965,4.53,3,1,0.3333,0,46.76,4,11568.73,1
159,108,4,19,0.5685,3.83,3,0,0.0,0,22.06,4,11568.73,0
113,108,1,6,0.6183,3.94,3,1,0.3333,0,12.63,4,11568.73,0
196,108,14,18,0.7727,4.18,3,0,0.0,0,32.37,4,11568.73,1
25,108,3,6,0.6436,4.02,3,1,0.3333,0,25.26,4,11568.73,1
161,108,2,17,0.5796,3.87,3,1,0.3333,1,7.64,4,11568.73,1
115,108,7,36,0.7398,4.26,3,0,0.0,0,33.98,4,11568.73,0
149,108,4,14,0.6858,3.91,3,1,0.3333,0,10.42,4,11568.73,1
32,108,2,7,0.5123,3.61,3,1,0.3333,0,41.81,4,11568.73,0
22,108,0,5,0.5497,3.99,3,0,0.0,0,34.77,4,11568.73,0
16,108,8,40,0.7872,4.37,3,1,0.3333,0,47.5,4,11568.73,0
9,108,5,39,0.7062,4.02,3,2,0.6667,0,28.16,4,11568.73,1
97,108,2,17,0.5626,3.86,3,1,0.3333,0,17.7,4,11568.73,1
153,109,15,110,0.8275,4.22,3,1,0.3333,0,27.78,5,2954.35,1
183,109,0,5,0.5535,4.08,3,0,0.0,0,41.88,5,2954.35,1
18,109,10,72,0.7035,4.47,3,0,0.0,0,22.47,5,2954.35,1
152,109,6,25,0.7702,4.5,3,0,0.0,0,48.39,5,2954.35,0
50,109,13,21,0.9208,4.86,3,0,0.0,0,22.45,5,2954.35,0
147,109,4,29,0.5625,4.11,3,0,0.0,0,41.02,5,2954.35,1
33,109,2,15,0.6183,4.1,3,1,0.3333,1,3.43,5,2954.35,1
164,109,15,79,0.7772,4.09,3,1,0.3333,0,24.75,5,2954.35,1
131,109,10,41,0.878,4.7,3,0,0.0,0,33.46,5,2954.35,0
66,109,10,58,0.7501,4.57,3,1,0.3333,0,12.29,5,2954.35,1
91,109,9,67,0.6878,4.03,3,0,0.0,0,43.41,5,2954.35,0
108,109,15,105,0.9144,4.52,3,1,0.3333,0,26.88,5,2954.35,1
124,109,8,42,0.6722,4.08,3,1,0.3333,0,18.01,5,2954.35,0
186,109,2,13,0.5434,4.02,3,1,0.3333,0,41.41,5,2954.35,1
159,109,4,19,0.5685,3.83,3,1,0.3333,0,36.71,5,2954.35,0
120,110,9,65,0.681,4.09,2,0,0.0,0,18.78,1,8097.19,1
154,110,11,20,0.7965,4.53,2,0,0.0,0,18.92,1,8097.19,1
178,110,14,58,0.9175,4.55,2,0,0.0,0,34.96,1,8097.19,1
85,110,9,69,0.7612,4.22,2,1,0.5,1,7.48,1,8097.19,0
149,110,4,14,0.6858,3.91,2,0,0.0,0,23.26,1,8097.19,0
145,110,11,25,0.8623,4.55,2,0,0.0,0,18.21,1,8097.19,1
86,110,12,74,0.7633,4.4,2,1,0.5,1,9.9,1,8097.19,1
158,110,5,9,0.6669,3.92,2,0,0.0,0,12.95,1,8097.19,1
77,110,10,45,0.8585,4.62,2,1,0.5,0,14.61,1,8097.19,1
108,110,15,105,0.9144,4.52,2,1,0.5,0,17.78,1,8097.19,1
42,110,1,5,0.5406,4.18,2,0,0.0,1,7.77,1,8097.19,1
27,110,8,37,0.695,4.45,2,0,0.0,0,11.19,1,8097.19,1
117,110,12,73,0.7692,4.26,2,0,0.0,0,16.97,1,8097.19,0
11,110,6,47,0.6899,4.42,2,1,0.5,0,38.75,1,8097.19,1
127,110,7,41,0.6494,4.09,2,1,0.5,0,32.18,1,8097.19,1
6,111,3,15,0.5392,3.8,3,1,0.3333,0,42.38,2,12716.9,0
46,111,9,38,0.7151,4.33,3,1,0.3333,0,47.65,2,12716.9,0
68,111,6,7,0.7118,4.07,3,1,0.3333,0,49.91,2,12716.9,0
26,111,10,23,0.7448,4.1,3,1,0.3333,0,45.14,2,12716.9,1
174,111,9,69,0.8377,4.27,3,1,0.3333,0,15.78,2,12716.9,0
36,111,9,29,0.7539,4.33,3,0,0.0,0,41.8,2,12716.9,1
98,111,15,51,0.8693,4.45,3,0,0.0,0,25.13,2,12716.9,1
168,111,2,20,0.6195,4.32,3,0,0.0,0,33.98,2,12716.9,0
29,111,12,19,0.7796,4.05,3,1,0.3333,0,19.78,2,12716.9,1
87,111,2,9,0.5213,4.05,3,1,0.3333,0,34.64,2,12716.9,1
54,111,10,21,0.8473,4.63,3,0,0.0,0,31.42,2,12716.9,0
79,111,14,115,0.7531,4.18,3,0,0.0,0,23.11,2,12716.9,1
117,111,12,73,0.7692,4.26,3,2,0.6667,0,41.82,2,12716.9,1
62,111,0,5,0.5185,3.59,3,2,0.6667,0,44.06,2,12716.9,0
95,111,10,42,0.7047,4.06,3,0,0.0,0,45.43,2,12716.9,1
21,112,11,67,0.8869,4.52,1,0,0.0,0,22.87,4,3671.44,1
121,112,10,63,0.7316,4.05,1,0,0.0,0,37.78,4,3671.44,0
170,112,11,13,0.7903,4.18,1,0,0.0,0,29.79,4,3671.44,1
158,112,5,9,0.6669,3.92,1,0,0.0,0,26.04,4,3671.44,0
17,112,11,31,0.8221,4.6,1,0,0.0,0,33.36,4,3671.44,1
43,112,11,82,0.8841,4.49,1,1,1.0,0,18.78,4,3671.44,1
131,112,10,41,0.878,4.7,1,0,0.0,0,44.53,4,3671.44,1
100,112,14,66,0.7598,4.33,1,1,1.0,0,22.24,4,3671.44,1
193,112,10,47,0.7552,4.37,1,0,0.0,0,32.85,4,3671.44,0
166,112,9,58,0.7486,4.2,1,0,0.0,0,24.96,4,3671.44,0
96,112,1,13,0.6111,4.03,1,1,1.0,0,15.37,4,3671.44,1
128,112,3,29,0.6131,4.0,1,0,0.0,0,27.78,4,3671.44,0
133,112,8,62,0.8271,4.73,1,1,1.0,0,33.36,4,3671.44,1
119,112,6,45,0.6451,4.26,1,0,0.0,0,34.85,4,3671.44,0
46,112,9,38,0.7151,4.33,1,0,0.0,0,28.7,4,3671.44,1
128,113,3,29,0.6131,4.0,2,0,0.0,0,30.51,5,728.11,0
82,113,5,17,0.6139,4.05,2,0,0.0,0,41.43,5,728.11,0
70,113,9,22,0.7792,4.61,2,0,0.0,0,13.94,5,728.11,1
98,113,15,51,0.8693,4.45,2,1,0.5,0,11.53,5,728.11,1
7,113,1,11,0.516,3.75,2,0,0.0,0,17.87,5,728.11,0
46,113,9,38,0.7151,4.33,2,0,0.0,0,22.11,5,728.11,0
114,113,5,15,0.6065,4.11,2,1,0.5,0,37.34,5,728.11,1
60,113,10,79,0.7145,4.03,2,0,0.0,0,38.23,5,728.11,0
68,113,6,7,0.7118,4.07,2,0,0.0,1,9.98,5,728.11,0
166,113,9,58,0.7486,4.2,2,0,0.0,0,39.59,5,728.11,0
20,113,5,21,0.67,4.22,2,0,0.0,0,10.34,5,728.11,1
92,113,7,48,0.6518,3.98,2,1,0.5,0,42.89,5,728.11,0
22,113,0,5,0.5497,3.99,2,1,0.5,0,26.15,5,728.11,1
76,113,10,13,0.789,4.27,2,0,0.0,1,6.01,5,728.11,1
129,113,6,34,0.68,4.02,2,0,0.0,0,28.88,5,728.11,0
195,114,12,58,0.8424,4.62,3,0,0.0,0,42.58,5,10971.79,1
39,114,15,47,0.913,4.8,3,2,0.6667,0,13.44,5,10971.79,1
102,114,7,52,0.6535,4.16,3,1,0.3333,1,4.57,5,10971.79,0
59,114,15,95,0.7931,4.34,3,0,0.0,0,26.71,5,10971.79,1
186,114,2,13,0.5434,4.02,3,1,0.3333,0,44.12,5,10971.79,1
192,114,13,23,0.8275,4.74,3,1,0.3333,0,15.56,5,10971.79,0
54,114,10,21,0.8473,4.63,3,0,0.0,0,22.22,5,10971.79,0
122,114,5,21,0.7395,4.55,3,0,0.0,0,29.99,5,10971.79,0
60,114,10,79,0.7145,4.03,3,0,0.0,0,24.19,5,10971.79,1
133,114,8,62,0.8271,4.73,3,1,0.3333,1,4.54,5,10971.79,1
151,114,15,82,0.8701,4.24,3,1,0.3333,0,40.51,5,10971.79,1
142,114,13,25,0.884,4.46,3,0,0.0,0,21.99,5,10971.79,0
194,114,14,19,0.8808,4.78,3,1,0.3333,0,32.7,5,10971.79,1
120,114,9,65,0.681,4.09,3,0,0.0,0,15.57,5,10971.79,0
185,114,0,4,0.6072,3.77,3,1,0.3333,0,49.77,5,10971.79,0
155,115,2,12,0.6036,4.08,2,1,0.5,1,6.57,2,12189.43,1
156,115,10,31,0.8442,4.54,2,0,0.0,0,16.86,2,12189.43,1
147,115,4,29,0.5625,4.11,2,1,0.5,0,17.11,2,12189.43,0
101,115,4,22,0.6289,4.2,2,0,0.0,0,34.13,2,12189.43,1
98,115,15,51,0.8693,4.45,2,0,0.0,0,17.96,2,12189.43,0
53,115,10,69,0.7795,4.46,2,0,0.0,0,25.44,2,12189.43,1
17,115,11,31,0.8221,4.6,2,0,0.0,0,21.64,2,12189.43,1
137,115,15,123,0.8223,4.54,2,0,0.0,0,28.19,2,12189.43,1
99,115,2,12,0.5454,3.7,2,1,0.5,1,0.6,2,12189.43,1
49,115,3,15,0.6869,4.0,2,2,1.0,0,46.39,2,12189.43,1
122,115,5,21,0.7395,4.55,2,0,0.0,0,49.58,2,12189.43,1
28,115,0,1,0.6167,4.27,2,0,0.0,0,26.74,2,12189.43,0
85,115,9,69,0.7612,4.22,2,1,0.5,0,25.56,2,12189.43,0
146,115,8,9,0.6825,4.3,2,1,0.5,0,18.26,2,12189.43,0
116,115,14,58,0.9278,4.5,2,0,0.0,1,3.44,2,12189.43,1
171,116,4,13,0.5639,4.17,1,0,0.0,0,27.83,2,2659.01,0
122,116,5,21,0.7395,4.55,1,1,1.0,0,34.19,2,2659.01,1
41,116,2,6,0.5982,4.23,1,0,0.0,0,23.16,2,2659.01,0
155,116,2,12,0.6036,4.08,1,1,1.0,0,29.64,2,2659.01,1
148,116,6,30,0.6756,4.07,1,1,1.0,0,11.56,2,2659.01,1
80,116,15,85,0.8456,4.43,1,0,0.0,1,6.64,2,2659.01,0
151,116,15,82,0.8701,4.24,1,0,0.0,0,23.87,2,2659.01,0
52,116,5,44,0.6774,4.11,1,0,0.0,0,41.69,2,2659.01,1
129,116,6,34,0.68,4.02,1,0,0.0,0,42.94,2,2659.01,0
184,116,13,36,0.8696,4.27,1,0,0.0,0,26.6,2,2659.01,1
176,116,3,25,0.6773,4.38,1,0,0.0,0,34.71,2,2659.01,1
118,116,8,8,0.7519,4.41,1,1,1.0,0,25.39,2,2659.01,1
71,116,7,13,0.7505,4.18,1,0,0.0,0,37.94,2,2659.01,1
2,116,2,20,0.5759,3.7,1,0,0.0,0,37.95,2,2659.01,1
37,116,9,22,0.844,4.25,1,0,0.0,0,45.42,2,2659.01,1
161,117,2,17,0.5796,3.87,3,1,0.3333,1,1.23,1,12026.58,1
138,117,4,8,0.5727,4.06,3,2,0.6667,0,40.66,1,12026.58,1
75,117,7,60,0.7932,4.25,3,0,0.0,0,28.04,1,12026.58,1
171,117,4,13,0.5639,4.17,3,1,0.3333,0,30.24,1,12026.58,1
18,117,10,72,0.7035,4.47,3,0,0.0,1,1.2,1,12026.58,1
179,117,11,39,0.7301,4.52,3,0,0.0,0,39.99,1,12026.58,1
186,117,2,13,0.5434,4.02,3,1,0.3333,0,39.84,1,12026.58,0
185,117,0,4,0.6072,3.77,3,2,0.6667,0,25.87,1,12026.58,1
56,117,12,43,0.7766,4.46,3,0,0.0,0,14.59,1,12026.58,0
127,117,7,41,0.6494,4.09,3,1,0.3333,0,23.08,1,12026.58,1
106,117,14,82,0.8372,4.36,3,2,0.6667,0,29.39,1,12026.58,1
196,117,14,18,0.7727,4.18,3,0,0.0,0,31.94,1,12026.58,1
142,117,13,25,0.884,4.46,3,0,0.0,0,48.0,1,12026.58,1
32,117,2,7,0.5123,3.61,3,1,0.3333,0,42.82,1,12026.58,0
95,117,10,42,0.7047,4.06,3,1,0.3333,0,16.82,1,12026.58,1
26,118,10,23,0.7448,4.1,2,1,0.5,0,27.63,2,4026.51,1
46,118,9,38,0.7151,4.33,2,0,0.0,0,38.58,2,4026.51,0
76,118,10,13,0.789,4.27,2,0,0.0,0,31.29,2,4026.51,1
32,118,2,7,0.5123,3.61,2,0,0.0,0,11.91,2,4026.51,0
137,118,15,123,0.8223,4.54,2,0,0.0,0,30.91,2,4026.51,1
190,118,11,17,0.8808,4.43,2,2,1.0,0,36.4,2,4026.51,1
101,118,4,22,0.6289,4.2,2,0,0.0,0,37.61,2,4026.51,1
44,118,5,31,0.5795,4.13,2,1,0.5,0,33.93,2,4026.51,1
20,118,5,21,0.67,4.22,2,1,0.5,0,25.1,2,4026.51,1
172,118,4,28,0.5778,3.8,2,1,0.5,1,2.87,2,4026.51,0
196,118,14,18,0.7727,4.18,2,1,0.5,0,18.0,2,4026.51,1
3,118,6,51,0.717,4.27,2,1,0.5,0,11.12,2,4026.51,1
174,118,9,69,0.8377,4.27,2,2,1.0,1,8.3,2,4026.51,1
70,118,9,22,0.7792,4.61,2,1,0.5,1,1.1,2,4026.51,0
40,118,4,20,0.5791,3.96,2,0,0.0,0,13.86,2,4026.51,0
171,119,4,13,0.5639,4.17,2,0,0.0,1,4.25,4,6376.54,1
43,119,11,82,0.8841,4.49,2,0,0.0,0,19.3,4,6376.54,1
186,119,2,13,0.5434,4.02,2,1,0.5,1,3.57,4,6376.54,1
12,119,7,54,0.726,4.11,2,1,0.5,0,36.16,4,6376.54,1
107,119,7,43,0.6939,4.41,2,0,0.0,0,18.51,4,6376.54,1
132,119,6,43,0.6389,4.32,2,1,0.5,0,36.32,4,6376.54,1
28,119,0,1,0.6167,4.27,2,0,0.0,0,34.96,4,6376.54,1
84,119,1,9,0.5276,4.17,2,1,0.5,0,45.42,4,6376.54,1
83,119,7,30,0.6573,3.84,2,1,0.5,0,40.7,4,6376.54,1
144,119,9,54,0.6936,4.2,2,1,0.5,0,49.62,4,6376.54,1
161,119,2,17,0.5796,3.87,2,0,0.0,0,41.65,4,6376.54,0
49,119,3,15,0.6869,4.0,2,1,0.5,0,32.77,4,6376.54,1
160,119,15,74,0.8858,4.7,2,0,0.0,0,13.79,4,6376.54,1
54,119,10,21,0.8473,4.63,2,0,0.0,0,35.23,4,6376.54,1
139,119,14,78,0.859,4.26,2,0,0.0,1,9.28,4,6376.54,0
35,120,3,5,0.6218,4.07,3,0,0.0,1,5.35,4,1698.95,0
86,120,12,74,0.7633,4.4,3,0,0.0,0,30.14,4,1698.95,0
45,120,3,15,0.682,4.39,3,1,0.3333,0,10.53,4,1698.95,1
163,120,14,88,0.8498,4.65,3,0,0.0,0,40.36,4,1698.95,1
195,120,12,58,0.8424,4.62,3,0,0.0,1,2.75,4,1698.95,1
177,120,8,36,0.813,4.2,3,0,0.0,0,19.74,4,1698.95,1
82,120,5,17,0.6139,4.05,3,0,0.0,0,15.5,4,1698.95,0
171,120,4,13,0.5639,4.17,3,0,0.0,0,18.08,4,1698.95,0
124,120,8,42,0.6722,4.08,3,1,0.3333,0,35.68,4,1698.95,1
18,120,10,72,0.7035,4.47,3,1,0.3333,0,39.01,4,1698.95,0
5,120,12,24,0.8146,4.32,3,1,0.3333,0,27.75,4,1698.95,0
156,120,10,31,0.8442,4.54,3,0,0.0,0,15.37,4,1698.95,1
150,120,14,67,0.7992,4.54,3,0,0.0,0,41.48,4,1698.95,1
115,120,7,36,0.7398,4.26,3,2,0.6667,0,41.67,4,1698.95,1
98,120,15,51,0.8693,4.45,3,1,0.3333,0,42.51,4,1698.95,1
59,121,15,95,0.7931,4.34,3,1,0.3333,0,44.91,5,3565.55,1
188,121,14,18,0.8028,4.12,3,1,0.3333,1,2.24,5,3565.55,1
85,121,9,69,0.7612,4.22,3,1,0.3333,0,12.58,5,3565.55,1
88,121,14,70,0.8035,4.45,3,2,0.6667,0,48.15,5,3565.55,1
63,121,15,43,0.7991,4.38,3,0,0.0,0,49.68,5,3565.55,0
53,121,10,69,0.7795,4.46,3,1,0.3333,0,15.02,5,3565.55,1
139,121,14,78,0.859,4.26,3,0,0.0,0,31.95,5,3565.55,0
14,121,2,14,0.5687,4.27,3,2,0.6667,0,18.17,5,3565.55,1
171,121,4,13,0.5639,4.17,3,1,0.3333,0,27.05,5,3565.55,1
64,121,4,5,0.7132,4.29,3,0,0.0,0,16.57,5,3565.55,1
176,121,3,25,0.6773,4.38,3,0,0.0,0,26.96,5,3565.55,0
179,121,11,39,0.7301,4.52,3,1,0.3333,0,22.12,5,3565.55,1
185,121,0,4,0.6072,3.77,3,2,0.6667,0,48.71,5,3565.55,1
57,121,7,61,0.6468,3.89,3,0,0.0,0,44.5,5,3565.55,0
156,121,10,31,0.8442,4.54,3,0,0.0,0,48.04,5,3565.55,1
97,122,2,17,0.5626,3.86,2,0,0.0,1,4.56,3,10424.22,1
43,122,11,82,0.8841,4.49,2,0,0.0,0,46.26,3,10424.22,1
121,122,10,63,0.7316,4.05,2,1,0.5,0,31.49,3,10424.22,1
113,122,1,6,0.6183,3.94,2,1,0.5,0,17.03,3,10424.22,1
109,122,3,17,0.5429,4.17,2,0,0.0,0,22.23,3,10424.22,1
130,122,11,18,0.7967,4.2,2,1,0.5,1,5.84,3,10424.22,1
157,122,3,10,0.6034,3.98,2,1,0.5,1,3.67,3,10424.22,1
189,122,9,74,0.7467,4.48,2,2,1.0,0,17.83,3,10424.22,1
111,122,15,84,0.7565,4.05,2,0,0.0,0,10.17,3,10424.22,0
195,122,12,58,0.8424,4.62,2,0,0.0,0,39.21,3,10424.22,1
40,122,4,20,0.5791,3.96,2,0,0.0,0,26.18,3,10424.22,0
124,122,8,42,0.6722,4.08,2,0,0.0,0,25.79,3,10424.22,0
6,122,3,15,0.5392,3.8,2,0,0.0,0,25.36,3,10424.22,1
196,122,14,18,0.7727,4.18,2,1,0.5,0,49.5,3,10424.22,1
98,122,15,51,0.8693,4.45,2,0,0.0,0,45.4,3,10424.22,0
32,123,2,7,0.5123,3.61,3,1,0.3333,0,35.4,2,727.04,1
99,123,2,12,0.5454,3.7,3,0,0.0,0,12.31,2,727.04,0
145,123,11,25,0.8623,4.55,3,1,0.3333,0,26.96,2,727.04,1
42,123,1,5,0.5406,4.18,3,1,0.3333,0,29.11,2,727.04,0
50,123,13,21,0.9208,4.86,3,0,0.0,0,24.46,2,727.04,1
196,123,14,18,0.7727,4.18,3,2,0.6667,1,0.77,2,727.04,1
112,123,3,27,0.6391,4.32,3,1,0.3333,0,15.92,2,727.04,1
66,123,10,58,0.7501,4.57,3,1,0.3333,0,47.77,2,727.04,1
198,123,12,52,0.8669,4.36,3,1,0.3333,0,19.9,2,727.04,1
193,123,10,47,0.7552,4.37,3,0,0.0,0,36.5,2,727.04,1
185,123,0,4,0.6072,3.77,3,1,0.3333,0,14.67,2,727.04,1
90,123,2,7,0.5005,3.82,3,2,0.6667,0,38.46,2,727.04,1
131,123,10,41,0.878,4.7,3,0,0.0,0,38.24,2,727.04,0
182,123,3,4,0.5679,4.06,3,1,0.3333,0,13.21,2,727.04,0
126,123,9,61,0.696,3.93,3,0,0.0,0,45.04,2,727.04,1
110,124,2,17,0.6407,3.96,3,3,1.0,0,14.37,2,2855.53,1
65,124,4,33,0.5827,3.85,3,0,0.0,0,41.9,2,2855.53,0
178,124,14,58,0.9175,4.55,3,2,0.6667,0,20.76,2,2855.53,1
78,124,6,11,0.6434,4.05,3,0,0.0,0,39.93,2,2855.53,0
129,124,6,34,0.68,4.02,3,0,0.0,0,10.26,2,2855.53,1
137,124,15,123,0.8223,4.54,3,1,0.3333,0,29.67,2,2855.53,1
169,124,12,94,0.8925,4.74,3,1,0.3333,0,40.95,2,2855.53,1
98,124,15,51,0.8693,4.45,3,0,0.0,0,26.67,2,2855.53,1
151,124,15,82,0.8701,4.24,3,0,0.0,0,27.24,2,2855.53,1
79,124,14,115,0.7531,4.18,3,0,0.0,0,17.46,2,2855.53,1
188,124,14,18,0.8028,4.12,3,0,0.0,0,29.46,2,2855.53,1
106,124,14,82,0.8372,4.36,3,0,0.0,0,14.41,2,2855.53,1
193,124,10,47,0.7552,4.37,3,0,0.0,0,18.5,2,2855.53,1
187,124,10,32,0.8495,4.59,3,2,0.6667,0,40.0,2,2855.53,1
23,124,7,11,0.788,4.58,3,0,0.0,0,17.68,2,2855.53,0
105,125,13,56,0.9182,4.61,3,0,0.0,0,11.19,2,11456.33,1
113,125,1,6,0.6183,3.94,3,1,0.3333,0,29.41,2,11456.33,0
161,125,2,17,0.5796,3.87,3,1,0.3333,0,10.38,2,11456.33,1
160,125,15,74,0.8858,4.7,3,1,0.3333,0,48.21,2,11456.33,1
28,125,0,1,0.6167,4.27,3,1,0.3333,0,41.57,2,11456.33,1
163,125,14,88,0.8498,4.65,3,1,0.3333,0,18.44,2,11456.33,1
43,125,11,82,0.8841,4.49,3,0,0.0,0,25.03,2,11456.33,1
21,125,11,67,0.8869,4.52,3,1,0.3333,0,48.48,2,11456.33,1
76,125,10,13,0.789,4.27,3,1,0.3333,0,29.44,2,11456.33,1
22,125,0,5,0.5497,3.99,3,0,0.0,0,34.17,2,11456.33,0
97,125,2,17,0.5626,3.86,3,2,0.6667,0,37.27,2,11456.33,1
32,125,2,7,0.5123,3.61,3,0,0.0,0,22.61,2,11456.33,1
71,125,7,13,0.7505,4.18,3,0,0.0,0,24.45,2,11456.33,1
17,125,11,31,0.8221,4.6,3,0,0.0,0,34.43,2,11456.33,0
88,125,14,70,0.8035,4.45,3,0,0.0,1,8.79,2,11456.33,1
1,126,3,3,0.6585,3.98,3,1,0.3333,0,28.08,2,1916.44,0
117,126,12,73,0.7692,4.26,3,0,0.0,0,44.79,2,1916.44,1
179,126,11,39,0.7301,4.52,3,0,0.0,0,36.41,2,1916.44,1
103,126,3,23,0.6748,4.16,3,1,0.3333,0,35.52,2,1916.44,0
186,126,2,13,0.5434,4.02,3,1,0.3333,0,22.89,2,1916.44,0
36,126,9,29,0.7539,4.33,3,1,0.3333,0,44.94,2,1916.44,0
7,126,1,11,0.516,3.75,3,1,0.3333,0,39.43,2,1916.44,0
155,126,2,12,0.6036,4.08,3,1,0.3333,0,19.34,2,1916.44,1
32,126,2,7,0.5123,3.61,3,1,0.3333,0,39.57,2,1916.44,0
136,126,7,46,0.6328,4.26,3,1,0.3333,0,23.93,2,1916.44,0
72,126,1,6,0.5709,4.07,3,0,0.0,0,47.66,2,1916.44,0
180,126,9,69,0.8003,4.17,3,2,0.6667,0,36.33,2,1916.44,1
193,126,10,47,0.7552,4.37,3,1,0.3333,0,14.02,2,1916.44,1
64,126,4,5,0.7132,4.29,3,0,0.0,1,6.27,2,1916.44,0
95,126,10,42,0.7047,4.06,3,0,0.0,0,44.79,2,1916.44,0
184,127,13,36,0.8696,4.27,1,0,0.0,0,31.63,5,11650.58,1
130,127,11,18,0.7967,4.2,1,0,0.0,0,16.82,5,11650.58,0
9,127,5,39,0.7062,4.02,1,1,1.0,0,38.0,5,11650.58,1
33,127,2,15,0.6183,4.1,1,1,1.0,0,49.73,5,11650.58,1
128,127,3,29,0.6131,4.0,1,1,1.0,0,47.16,5,11650.58,1
23,127,7,11,0.788,4.58,1,0,0.0,0,25.34,5,11650.58,1
78,127,6,11,0.6434,4.05,1,0,0.0,0,38.77,5,11650.58,0
173,127,13,59,0.8717,4.36,1,0,0.0,0,48.06,5,11650.58,0
141,127,13,53,0.8697,4.44,1,0,0.0,0,36.62,5,11650.58,0
120,127,9,65,0.681,4.09,1,0,0.0,0,35.34,5,11650.58,0
44,127,5,31,0.5795,4.13,1,0,0.0,0,41.82,5,11650.58,0
115,127,7,36,0.7398,4.26,1,0,0.0,0,18.95,5,11650.58,0
30,127,15,34,0.7842,4.19,1,1,1.0,0,46.95,5,11650.58,1
124,127,8,42,0.6722,4.08,1,1,1.0,0,23.73,5,11650.58,1
170,127,11,13,0.7903,4.18,1,0,0.0,0,39.72,5,11650.58,0
168,128,2,20,0.6195,4.32,2,0,0.0,1,7.57,4,11861.45,1
165,128,1,4,0.6024,4.33,2,1,0.5,0,24.71,4,11861.45,0
144,128,9,54,0.6936,4.2,2,1,0.5,0,48.16,4,11861.45,1
112,128,3,27,0.6391,4.32,2,1,0.5,0,10.07,4,11861.45,1
60,128,10,79,0.7145,4.03,2,0,0.0,0,31.42,4,11861.45,0
58,128,14,34,0.8839,4.53,2,0,0.0,1,9.81,4,11861.45,1
67,128,1,6,0.5154,3.62,2,0,0.0,0,24.6,4,11861.45,0
30,128,15,34,0.7842,4.19,2,1,0.5,0,41.86,4,11861.45,1
75,128,7,60,0.7932,4.25,2,0,0.0,0,34.06,4,11861.45,1
23,128,7,11,0.788,4.58,2,0,0.0,0,25.81,4,11861.45,0
29,128,12,19,0.7796,4.05,2,0,0.0,0,28.42,4,11861.45,1
88,128,14,70,0.8035,4.45,2,1,0.5,0,47.72,4,11861.45,1
190,128,11,17,0.8808,4.43,2,0,0.0,0,29.99,4,11861.45,1
152,128,6,25,0.7702,4.5,2,2,1.0,1,6.21,4,11861.45,1
49,128,3,15,0.6869,4.0,2,1,0.5,0,36.61,4,11861.45,0
180,129,9,69,0.8003,4.17,2,0,0.0,0,21.66,4,14146.57,0
9,129,5,39,0.7062,4.02,2,2,1.0,0,12.35,4,14146.57,1
154,129,11,20,0.7965,4.53,2,0,0.0,0,16.11,4,14146.57,0
82,129,5,17,0.6139,4.05,2,1,0.5,0,43.92,4,14146.57,0
80,129,15,85,0.8456,4.43,2,1,0.5,1,2.64,4,14146.57,1
129,129,6,34,0.68,4.02,2,1,0.5,0,46.93,4,14146.57,0
177,129,8,36,0.813,4.2,2,1,0.5,0,44.27,4,14146.57,1
32,129,2,7,0.5123,3.61,2,1,0.5,0,21.96,4,14146.57,0
71,129,7,13,0.7505,4.18,2,0,0.0,0,46.5,4,14146.57,1
181,129,8,21,0.8003,4.42,2,1,0.5,0,10.86,4,14146.57,1
147,129,4,29,0.5625,4.11,2,0,0.0,0,26.9,4,14146.57,0
123,129,4,18,0.7048,4.35,2,0,0.0,0,23.93,4,14146.57,0
162,129,2,11,0.5831,3.72,2,0,0.0,0,12.87,4,14146.57,0
56,129,12,43,0.7766,4.46,2,1,0.5,0,21.29,4,14146.57,0
127,129,7,41,0.6494,4.09,2,1,0.5,1,7.16,4,14146.57,1
25,130,3,6,0.6436,4.02,1,1,1.0,1,5.08,5,1742.56,1
34,130,8,33,0.6736,4.25,1,0,0.0,0,18.39,5,1742.56,0
83,130,7,30,0.6573,3.84,1,0,0.0,0,17.83,5,1742.56,0
193,130,10,47,0.7552,4.37,1,0,0.0,1,3.94,5,1742.56,0
149,130,4,14,0.6858,3.91,1,1,1.0,0,14.08,5,1742.56,1
14,130,2,14,0.5687,4.27,1,0,0.0,0,44.34,5,1742.56,0
182,130,3,4,0.5679,4.06,1,1,1.0,0,49.31,5,1742.56,1
78,130,6,11,0.6434,4.05,1,1,1.0,0,16.73,5,1742.56,1
118,130,8,8,0.7519,4.41,1,0,0.0,0,24.22,5,1742.56,0
168,130,2,20,0.6195,4.32,1,0,0.0,0,47.8,5,1742.56,1
42,130,1,5,0.5406,4.18,1,1,1.0,0,30.62,5,1742.56,1
148,130,6,30,0.6756,4.07,1,0,0.0,0,27.35,5,1742.56,1
36,130,9,29,0.7539,4.33,1,0,0.0,0,38.9,5,1742.56,1
114,130,5,15,0.6065,4.11,1,0,0.0,1,1.63,5,1742.56,1
179,130,11,39,0.7301,4.52,1,0,0.0,0,22.11,5,1742.56,0
45,131,3,15,0.682,4.39,2,0,0.0,0,36.13,4,4385.59,0
168,131,2,20,0.6195,4.32,2,1,0.5,0,14.8,4,4385.59,1
191,131,12,55,0.9253,4.61,2,1,0.5,0,29.57,4,4385.59,1
97,131,2,17,0.5626,3.86,2,0,0.0,1,5.34,4,4385.59,1
199,131,15,81,0.8197,4.46,2,1,0.5,0,32.92,4,4385.59,1
178,131,14,58,0.9175,4.55,2,2,1.0,0,20.95,4,4385.59,1
172,131,4,28,0.5778,3.8,2,0,0.0,0,41.77,4,4385.59,1
169,131,12,94,0.8925,4.74,2,0,0.0,0,29.37,4,4385.59,0
23,131,7,11,0.788,4.58,2,0,0.0,1,4.62,4,4385.59,1
200,131,15,40,0.7721,4.55,2,1,0.5,0,13.98,4,4385.59,1
119,131,6,45,0.6451,4.26,2,0,0.0,0,46.36,4,4385.59,0
167,131,2,12,0.517,3.99,2,0,0.0,0,17.4,4,4385.59,0
98,131,15,51,0.8693,4.45,2,0,0.0,0,10.79,4,4385.59,1
71,131,7,13,0.7505,4.18,2,0,0.0,0,31.46,4,4385.59,0
162,131,2,11,0.5831,3.72,2,1,0.5,0,29.54,4,4385.59,1
150,132,14,67,0.7992,4.54,3,1,0.3333,0,42.02,1,2044.99,1
138,132,4,8,0.5727,4.06,3,1,0.3333,0,15.15,1,2044.99,1
183,132,0,5,0.5535,4.08,3,1,0.3333,0,16.45,1,2044.99,1
167,132,2,12,0.517,3.99,3,2,0.6667,0,44.06,1,2044.99,1
32,132,2,7,0.5123,3.61,3,0,0.0,0,49.2,1,2044.99,0
193,132,10,47,0.7552,4.37,3,1,0.3333,0,24.54,1,2044.99,1
54,132,10,21,0.8473,4.63,3,1,0.3333,0,26.92,1,2044.99,0
169,132,12,94,0.8925,4.74,3,1,0.3333,0,10.0,1,2044.99,1
31,132,1,1,0.5802,4.0,3,0,0.0,0,47.85,1,2044.99,0
47,132,11,93,0.8167,4.53,3,0,0.0,0,41.31,1,2044.99,1
154,132,11,20,0.7965,4.53,3,0,0.0,0,27.8,1,2044.99,1
178,132,14,58,0.9175,4.55,3,1,0.3333,0,37.8,1,2044.99,1
2,132,2,20,0.5759,3.7,3,0,0.0,0,49.44,1,2044.99,1
143,132,10,25,0.7739,4.57,3,0,0.0,0,31.53,1,2044.99,1
115,132,7,36,0.7398,4.26,3,1,0.3333,0,13.96,1,2044.99,1
61,133,13,65,0.8096,4.39,2,0,0.0,0,26.88,1,1982.36,1
10,133,1,4,0.6229,4.25,2,1,0.5,0,20.43,1,1982.36,1
49,133,3,15,0.6869,4.0,2,0,0.0,0,16.53,1,1982.36,1
37,133,9,22,0.844,4.25,2,0,0.0,0,47.79,1,1982.36,1
77,133,10,45,0.8585,4.62,2,0,0.0,1,9.43,1,1982.36,1
56,133,12,43,0.7766,4.46,2,1,0.5,0,18.15,1,1982.36,1
35,133,3,5,0.6218,4.07,2,1,0.5,0,20.78,1,1982.36,1
155,133,2,12,0.6036,4.08,2,0,0.0,0,35.82,1,1982.36,0
142,133,13,25,0.884,4.46,2,0,0.0,0,32.55,1,1982.36,1
152,133,6,25,0.7702,4.5,2,1,0.5,1,5.36,1,1982.36,1
92,133,7,48,0.6518,3.98,2,0,0.0,0,42.86,1,1982.36,1
72,133,1,6,0.5709,4.07,2,1,0.5,0,41.51,1,1982.36,1
33,133,2,15,0.6183,4.1,2,1,0.5,0,48.56,1,1982.36,1
187,133,10,32,0.8495,4.59,2,0,0.0,0,20.81,1,1982.36,1
160,133,15,74,0.8858,4.7,2,2,1.0,0,37.36,1,1982.36,1
85,134,9,69,0.7612,4.22,1,0,0.0,0,41.31,5,8576.28,1
164,134,15,79,0.7772,4.09,1,0,0.0,0,31.06,5,8576.28,0
23,134,7,11,0.788,4.58,1,0,0.0,0,33.55,5,8576.28,0
93,134,5,24,0.6821,4.37,1,0,0.0,0,13.82,5,8576.28,0
86,134,12,74,0.7633,4.4,1,0,0.0,0,32.89,5,8576.28,1
200,134,15,40,0.7721,4.55,1,0,0.0,1,3.08,5,8576.28,1
70,134,9,22,0.7792,4.61,1,1,1.0,0,11.92,5,8576.28,1
38,134,4,21,0.6007,3.86,1,0,0.0,0,40.07,5,8576.28,1
58,134,14,34,0.8839,4.53,1,0,0.0,0,42.24,5,8576.28,0
71,134,7,13,0.7505,4.18,1,0,0.0,0,41.55,5,8576.28,0
3,134,6,51,0.717,4.27,1,1,1.0,0,45.28,5,8576.28,1
26,134,10,23,0.7448,4.1,1,1,1.0,1,6.13,5,8576.28,1
97,134,2,17,0.5626,3.86,1,1,1.0,0,37.47,5,8576.28,1
57,134,7,61,0.6468,3.89,1,1,1.0,1,6.75,5,8576.28,1
27,134,8,37,0.695,4.45,1,0,0.0,1,5.89,5,8576.28,1
186,135,2,13,0.5434,4.02,2,1,0.5,1,5.27,1,5631.76,1
164,135,15,79,0.7772,4.09,2,1,0.5,1,4.56,1,5631.76,1
95,135,10,42,0.7047,4.06,2,0,0.0,0,45.26,1,5631.76,0
182,135,3,4,0.5679,4.06,2,1,0.5,0,22.21,1,5631.76,0
200,135,15,40,0.7721,4.55,2,1,0.5,0,47.9,1,5631.76,1
64,135,4,5,0.7132,4.29,2,0,0.0,0,22.51,1,5631.76,1
174,135,9,69,0.8377,4.27,2,0,0.0,0,13.18,1,5631.76,1
156,135,10,31,0.8442,4.54,2,0,0.0,0,47.79,1,5631.76,1
108,135,15,105,0.9144,4.52,2,1,0.5,0,12.3,1,5631.76,1
181,135,8,21,0.8003,4.42,2,1,0.5,0,32.17,1,5631.76,1
118,135,8,8,0.7519,4.41,2,1,0.5,0,44.97,1,5631.76,0
47,135,11,93,0.8167,4.53,2,2,1.0,0,26.96,1,5631.76,1
113,135,1,6,0.6183,3.94,2,0,0.0,0,39.23,1,5631.76,0
91,135,9,67,0.6878,4.03,2,1,0.5,0,30.6,1,5631.76,0
120,135,9,65,0.681,4.09,2,0,0.0,0,45.52,1,5631.76,0
104,136,7,36,0.7242,4.18,3,0,0.0,0,48.03,4,4731.79,0
4,136,5,32,0.6362,3.89,3,0,0.0,0,45.21,4,4731.79,0
158,136,5,9,0.6669,3.92,3,2,0.6667,0,34.37,4,4731.79,1
49,136,3,15,0.6869,4.0,3,0,0.0,1,9.66,4,4731.79,0
191,136,12,55,0.9253,4.61,3,0,0.0,0,45.28,4,4731.79,1
2,136,2,20,0.5759,3.7,3,0,0.0,0,19.0,4,4731.79,1
183,136,0,5,0.5535,4.08,3,1,0.3333,0,43.58,4,4731.79,0
109,136,3,17,0.5429,4.17,3,1,0.3333,1,9.55,4,4731.79,1
180,136,9,69,0.8003,4.17,3,1,0.3333,0,25.16,4,4731.79,1
137,136,15,123,0.8223,4.54,3,2,0.6667,0,14.53,4,4731.79,0
192,136,13,23,0.8275,4.74,3,1,0.3333,0,19.99,4,4731.79,1
89,136,6,46,0.638,4.19,3,0,0.0,0,40.66,4,4731.79,1
63,136,15,43,0.7991,4.38,3,1,0.3333,0,21.97,4,4731.79,1
190,136,11,17,0.8808,4.43,3,2,0.6667,0,18.52,4,4731.79,1
170,136,11,13,0.7903,4.18,3,0,0.0,0,32.75,4,4731.79,1
79,137,14,115,0.7531,4.18,1,0,0.0,0,14.29,2,8793.43,1
165,137,1,4,0.6024,4.33,1,0,0.0,0,38.9,2,8793.43,0
132,137,6,43,0.6389,4.32,1,0,0.0,0,10.35,2,8793.43,1
10,137,1,4,0.6229,4.25,1,0,0.0,0,17.9,2,8793.43,0
119,137,6,45,0.6451,4.26,1,0,0.0,0,45.94,2,8793.43,1
159,137,4,19,0.5685,3.83,1,0,0.0,0,46.52,2,8793.43,1
125,137,0,5,0.6092,4.08,1,0,0.0,0,40.78,2,8793.43,1
15,137,8,57,0.7654,4.09,1,0,0.0,0,28.83,2,8793.43,1
92,137,7,48,0.6518,3.98,1,0,0.0,0,24.58,2,8793.43,0
2,137,2,20,0.5759,3.7,1,1,1.0,1,5.6,2,8793.43,1
158,137,5,9,0.6669,3.92,1,0,0.0,0,49.57,2,8793.43,0
118,137,8,8,0.7519,4.41,1,0,0.0,0,27.57,2,8793.43,1
85,137,9,69,0.7612,4.22,1,1,1.0,0,39.88,2,8793.43,1
77,137,10,45,0.8585,4.62,1,1,1.0,0,45.34,2,8793.43,1
91,137,9,67,0.6878,4.03,1,0,0.0,0,14.43,2,8793.43,1
35,138,3,5,0.6218,4.07,3,0,0.0,0,41.99,4,4866.4,0
102,138,7,52,0.6535,4.16,3,1,0.3333,0,23.0,4,4866.4,0
108,138,15,105,0.9144,4.52,3,2,0.6667,0,45.27,4,4866.4,1
191,138,12,55,0.9253,4.61,3,1,0.3333,0,46.94,4,4866.4,0
85,138,9,69,0.7612,4.22,3,1,0.3333,0,25.55,4,4866.4,1
9,138,5,39,0.7062,4.02,3,1,0.3333,0,14.32,4,4866.4,1
42,138,1,5,0.5406,4.18,3,0,0.0,0,16.22,4,4866.4,0
171,138,4,13,0.5639,4.17,3,0,0.0,0,40.7,4,4866.4,1
51,138,13,54,0.8224,4.31,3,1,0.3333,0,37.13,4,4866.4,1
123,138,4,18,0.7048,4.35,3,1,0.3333,0,49.06,4,4866.4,0
69,138,6,35,0.7259,4.42,3,1,0.3333,0,27.37,4,4866.4,1
31,138,1,1,0.5802,4.0,3,1,0.3333,0,29.44,4,4866.4,0
126,138,9,61,0.696,3.93,3,1,0.3333,0,19.91,4,4866.4,1
141,138,13,53,0.8697,4.44,3,1,0.3333,0,30.45,4,4866.4,1
127,138,7,41,0.6494,4.09,3,2,0.6667,0,40.67,4,4866.4,0
180,139,9,69,0.8003,4.17,1,1,1.0,0,35.38,4,6802.81,1
64,139,4,5,0.7132,4.29,1,0,0.0,0,15.29,4,6802.81,1
171,139,4,13,0.5639,4.17,1,0,0.0,0,49.62,4,6802.81,0
110,139,2,17,0.6407,3.96,1,1,1.0,0,27.05,4,6802.81,1
51,139,13,54,0.8224,4.31,1,0,0.0,1,1.36,4,6802.81,1
122,139,5,21,0.7395,4.55,1,1,1.0,0,26.29,4,6802.81,1
181,139,8,21,0.8003,4.42,1,1,1.0,0,35.33,4,6802.81,1
27,139,8,37,0.695,4.45,1,0,0.0,0,23.45,4,6802.81,1
187,139,10,32,0.8495,4.59,1,1,1.0,0,30.39,4,6802.81,1
129,139,6,34,0.68,4.02,1,0,0.0,0,22.17,4,6802.81,1
157,139,3,10,0.6034,3.98,1,0,0.0,0,21.22,4,6802.81,0
47,139,11,93,0.8167,4.53,1,1,1.0,0,26.72,4,6802.81,1
49,139,3,15,0.6869,4.0,1,0,0.0,0,11.9,4,6802.81,1
152,139,6,25,0.7702,4.5,1,1,1.0,0,12.09,4,6802.81,1
162,139,2,11,0.5831,3.72,1,1,1.0,0,18.48,4,6802.81,1
156,140,10,31,0.8442,4.54,2,0,0.0,1,7.82,2,4149.65,1
26,140,10,23,0.7448,4.1,2,0,0.0,0,24.42,2,4149.65,0
111,140,15,84,0.7565,4.05,2,1,0.5,0,39.72,2,4149.65,1
48,140,5,42,0.7483,4.16,2,0,0.0,0,34.19,2,4149.65,1
65,140,4,33,0.5827,3.85,2,1,0.5,1,3.12,2,4149.65,1
126,140,9,61,0.696,3.93,2,2,1.0,0,13.49,2,4149.65,1
94,140,12,46,0.8401,4.46,2,0,0.0,0,35.18,2,4149.65,1
86,140,12,74,0.7633,4.4,2,0,0.0,0,11.64,2,4149.65,0
78,140,6,11,0.6434,4.05,2,1,0.5,0,45.36,2,4149.65,0
29,140,12,19,0.7796,4.05,2,1,0.5,0,17.72,2,4149.65,1
25,140,3,6,0.6436,4.02,2,1,0.5,0,13.95,2,4149.65,0
172,140,4,28,0.5778,3.8,2,1,0.5,0,34.76,2,4149.65,1
4,140,5,32,0.6362,3.89,2,1,0.5,1,5.0,2,4149.65,1
175,140,13,33,0.897,4.75,2,1,0.5,0,31.34,2,4149.65,1
142,140,13,25,0.884,4.46,2,0,0.0,0,15.11,2,4149.65,1
183,141,0,5,0.5535,4.08,3,1,0.3333,0,47.25,1,2464.6,1
65,141,4,33,0.5827,3.85,3,1,0.3333,0,10.87,1,2464.6,1
195,141,12,58,0.8424,4.62,3,0,0.0,0,37.87,1,2464.6,1
144,141,9,54,0.6936,4.2,3,1,0.3333,0,11.82,1,2464.6,1
89,141,6,46,0.638,4.19,3,0,0.0,0,41.78,1,2464.6,0
94,141,12,46,0.8401,4.46,3,0,0.0,1,7.54,1,2464.6,1
115,141,7,36,0.7398,4.26,3,0,0.0,0,37.39,1,2464.6,0
162,141,2,11,0.5831,3.72,3,1,0.3333,0,48.86,1,2464.6,1
184,141,13,36,0.8696,4.27,3,0,0.0,0,40.03,1,2464.6,1
31,141,1,1,0.5802,4.0,3,0,0.0,0,41.17,1,2464.6,1
112,141,3,27,0.6391,4.32,3,0,0.0,0,20.86,1,2464.6,1
18,141,10,72,0.7035,4.47,3,1,0.3333,0,16.4,1,2464.6,1
124,141,8,42,0.6722,4.08,3,2,0.6667,0,37.87,1,2464.6,1
108,141,15,105,0.9144,4.52,3,0,0.0,0,41.63,1,2464.6,1
135,141,1,3,0.6085,4.06,3,2,0.6667,1,7.22,1,2464.6,1
78,142,6,11,0.6434,4.05,2,0,0.0,0,15.93,4,6883.23,0
57,142,7,61,0.6468,3.89,2,1,0.5,0,47.09,4,6883.23,1
76,142,10,13,0.789,4.27,2,1,0.5,0,41.62,4,6883.23,1
182,142,3,4,0.5679,4.06,2,0,0.0,0,19.96,4,6883.23,0
69,142,6,35,0.7259,4.42,2,0,0.0,0,31.38,4,6883.23,1
142,142,13,25,0.884,4.46,2,0,0.0,0,23.9,4,6883.23,1
31,142,1,1,0.5802,4.0,2,0,0.0,0,24.76,4,6883.23,1
44,142,5,31,0.5795,4.13,2,1,0.5,1,7.2,4,6883.23,1
58,142,14,34,0.8839,4.53,2,0,0.0,0,38.88,4,6883.23,1
12,142,7,54,0.726,4.11,2,2,1.0,0,34.46,4,6883.23,1
137,142,15,123,0.8223,4.54,2,1,0.5,0,12.29,4,6883.23,1
61,142,13,65,0.8096,4.39,2,1,0.5,0,42.96,4,6883.23,1
75,142,7,60,0.7932,4.25,2,1,0.5,0,48.61,4,6883.23,1
11,142,6,47,0.6899,4.42,2,0,0.0,0,48.86,4,6883.23,0
164,142,15,79,0.7772,4.09,2,0,0.0,0,49.15,4,6883.23,0
200,143,15,40,0.7721,4.55,3,0,0.0,0,18.83,2,9246.56,1
150,143,14,67,0.7992,4.54,3,1,0.3333,0,33.27,2,9246.56,1
28,143,0,1,0.6167,4.27,3,1,0.3333,0,40.12,2,9246.56,1
185,143,0,4,0.6072,3.77,3,1,0.3333,0,19.27,2,9246.56,0
191,143,12,55,0.9253,4.61,3,1,0.3333,0,24.75,2,9246.56,0
177,143,8,36,0.813,4.2,3,0,0.0,0,13.75,2,9246.56,1
98,143,15,51,0.8693,4.45,3,0,0.0,0,17.4,2,9246.56,0
168,143,2,20,0.6195,4.32,3,2,0.6667,0,17.55,2,9246.56,1
66,143,10,58,0.7501,4.57,3,0,0.0,0,39.18,2,9246.56,1
161,143,2,17,0.5796,3.87,3,0,0.0,0,10.84,2,9246.56,1
163,143,14,88,0.8498,4.65,3,2,0.6667,0,17.11,2,9246.56,1
155,143,2,12,0.6036,4.08,3,0,0.0,0,34.31,2,9246.56,1
142,143,13,25,0.884,4.46,3,1,0.3333,0,12.88,2,9246.56,1
53,143,10,69,0.7795,4.46,3,2,0.6667,0,46.37,2,9246.56,0
114,143,5,15,0.6065,4.11,3,1,0.3333,0,14.01,2,9246.56,1
187,144,10,32,0.8495,4.59,2,1,0.5,0,13.34,3,14546.52,1
193,144,10,47,0.7552,4.37,2,1,0.5,1,6.46,3,14546.52,1
4,144,5,32,0.6362,3.89,2,0,0.0,0,48.65,3,14546.52,0
155,144,2,12,0.6036,4.08,2,0,0.0,1,1.51,3,14546.52,0
26,144,10,23,0.7448,4.1,2,1,0.5,0,23.54,3,14546.52,1
97,144,2,17,0.5626,3.86,2,1,0.5,0,18.09,3,14546.52,1
99,144,2,12,0.5454,3.7,2,0,0.0,1,5.85,3,14546.52,1
6,144,3,15,0.5392,3.8,2,0,0.0,0,16.53,3,14546.52,0
29,144,12,19,0.7796,4.05,2,0,0.0,1,1.97,3,14546.52,1
196,144,14,18,0.7727,4.18,2,1,0.5,0,37.68,3,14546.52,1
165,144,1,4,0.6024,4.33,2,1,0.5,0,14.92,3,14546.52,0
12,144,7,54,0.726,4.11,2,1,0.5,0,14.11,3,14546.52,1
34,144,8,33,0.6736,4.25,2,0,0.0,0,30.46,3,14546.52,0
64,144,4,5,0.7132,4.29,2,0,0.0,0,15.67,3,14546.52,0
198,144,12,52,0.8669,4.36,2,1,0.5,0,10.96,3,14546.52,1
38,145,4,21,0.6007,3.86,3,0,0.0,0,34.63,4,4564.35,1
91,145,9,67,0.6878,4.03,3,0,0.0,0,46.93,4,4564.35,0
168,145,2,20,0.6195,4.32,3,1,0.3333,0,45.82,4,4564.35,0
74,145,8,47,0.7955,4.4,3,1,0.3333,0,17.12,4,4564.35,1
58,145,14,34,0.8839,4.53,3,0,0.0,0,33.98,4,4564.35,0
176,145,3,25,0.6773,4.38,3,0,0.0,0,16.01,4,4564.35,0
99,145,2,12,0.5454,3.7,3,0,0.0,1,3.36,4,4564.35,0
184,145,13,36,0.8696,4.27,3,0,0.0,0,23.94,4,4564.35,1
29,145,12,19,0.7796,4.05,3,1,0.3333,1,9.2,4,4564.35,1
126,145,9,61,0.696,3.93,3,1,0.3333,0,47.32,4,4564.35,0
44,145,5,31,0.5795,4.13,3,1,0.3333,0,38.45,4,4564.35,1
27,145,8,37,0.695,4.45,3,0,0.0,0,10.09,4,4564.35,0
73,145,3,16,0.6979,4.29,3,0,0.0,0,15.95,4,4564.35,0
92,145,7,48,0.6518,3.98,3,0,0.0,0,22.81,4,4564.35,1
20,145,5,21,0.67,4.22,3,0,0.0,0,38.85,4,4564.35,0
123,146,4,18,0.7048,4.35,2,1,0.5,0,22.77,2,14960.34,1
18,146,10,72,0.7035,4.47,2,1,0.5,0,37.74,2,14960.34,1
29,146,12,19,0.7796,4.05,2,0,0.0,0,41.74,2,14960.34,1
148,146,6,30,0.6756,4.07,2,1,0.5,0,42.09,2,14960.34,1
110,146,2,17,0.6407,3.96,2,1,0.5,1,2.84,2,14960.34,1
187,146,10,32,0.8495,4.59,2,1,0.5,0,29.88,2,14960.34,1
72,146,1,6,0.5709,4.07,2,0,0.0,0,31.3,2,14960.34,0
38,146,4,21,0.6007,3.86,2,0,0.0,0,25.39,2,14960.34,0
24,146,6,40,0.6238,4.33,2,2,1.0,1,4.51,2,14960.34,1
83,146,7,30,0.6573,3.84,2,0,0.0,0,37.74,2,14960.34,0
33,146,2,15,0.6183,4.1,2,1,0.5,0,38.12,2,14960.34,1
47,146,11,93,0.8167,4.53,2,1,0.5,0,10.11,2,14960.34,0
197,146,14,61,0.817,4.58,2,0,0.0,1,0.66,2,14960.34,1
99,146,2,12,0.5454,3.7,2,0,0.0,0,48.3,2,14960.34,0
91,146,9,67,0.6878,4.03,2,1,0.5,0,12.38,2,14960.34,1
200,147,15,40,0.7721,4.55,3,1,0.3333,0,15.72,3,6857.6,1
36,147,9,29,0.7539,4.33,3,1,0.3333,0,37.84,3,6857.6,1
76,147,10,13,0.789,4.27,3,0,0.0,0,12.16,3,6857.6,1
118,147,8,8,0.7519,4.41,3,0,0.0,0,33.26,3,6857.6,1
37,147,9,22,0.844,4.25,3,1,0.3333,0,33.76,3,6857.6,1
142,147,13,25,0.884,4.46,3,0,0.0,0,15.88,3,6857.6,1
108,147,15,105,0.9144,4.52,3,1,0.3333,0,19.8,3,6857.6,1
63,147,15,43,0.7991,4.38,3,1,0.3333,0,43.24,3,6857.6,1
54,147,10,21,0.8473,4.63,3,0,0.0,0,40.62,3,6857.6,1
58,147,14,34,0.8839,4.53,3,1,0.3333,0,15.6,3,6857.6,1
15,147,8,57,0.7654,4.09,3,2,0.6667,0,47.95,3,6857.6,1
192,147,13,23,0.8275,4.74,3,1,0.3333,0,38.9,3,6857.6,1
31,147,1,1,0.5802,4.0,3,2,0.6667,0,35.79,3,6857.6,1
179,147,11,39,0.7301,4.52,3,1,0.3333,0,14.45,3,6857.6,1
181,147,8,21,0.8003,4.42,3,0,0.0,0,35.7,3,6857.6,0
45,148,3,15,0.682,4.39,3,1,0.3333,0,26.95,2,9683.37,1
129,148,6,34,0.68,4.02,3,0,0.0,0,48.92,2,9683.37,1
42,148,1,5,0.5406,4.18,3,1,0.3333,0,49.12,2,9683.37,1
3,148,6,51,0.717,4.27,3,1,0.3333,0,18.47,2,9683.37,1
102,148,7,52,0.6535,4.16,3,1,0.3333,0,18.76,2,9683.37,1
109,148,3,17,0.5429,4.17,3,1,0.3333,0,39.84,2,9683.37,1
175,148,13,33,0.897,4.75,3,1,0.3333,1,8.5,2,9683.37,1
117,148,12,73,0.7692,4.26,3,1,0.3333,0,28.74,2,9683.37,1
142,148,13,25,0.884,4.46,3,0,0.0,1,6.6,2,9683.37,1
183,148,0,5,0.5535,4.08,3,0,0.0,0,16.59,2,9683.37,0
67,148,1,6,0.5154,3.62,3,0,0.0,0,35.87,2,9683.37,1
147,148,4,29,0.5625,4.11,3,0,0.0,0,14.34,2,9683.37,1
79,148,14,115,0.7531,4.18,3,0,0.0,0,34.13,2,9683.37,0
182,148,3,4,0.5679,4.06,3,2,0.6667,0,11.12,2,9683.37,1
59,148,15,95,0.7931,4.34,3,0,0.0,0,31.66,2,9683.37,1
153,149,15,110,0.8275,4.22,2,0,0.0,0,32.55,5,1572.49,0
3,149,6,51,0.717,4.27,2,1,0.5,0,11.83,5,1572.49,1
194,149,14,19,0.8808,4.78,2,0,0.0,0,47.74,5,1572.49,1
80,149,15,85,0.8456,4.43,2,0,0.0,0,24.27,5,1572.49,1
49,149,3,15,0.6869,4.0,2,1,0.5,0,25.93,5,1572.49,1
142,149,13,25,0.884,4.46,2,0,0.0,0,40.07,5,1572.49,0
52,149,5,44,0.6774,4.11,2,1,0.5,0,48.95,5,1572.49,0
164,149,15,79,0.7772,4.09,2,1,0.5,0,13.9,5,1572.49,1
9,149,5,39,0.7062,4.02,2,0,0.0,1,7.54,5,1572.49,1
62,149,0,5,0.5185,3.59,2,1,0.5,0,42.3,5,1572.49,1
69,149,6,35,0.7259,4.42,2,1,0.5,0,33.49,5,1572.49,1
22,149,0,5,0.5497,3.99,2,0,0.0,0,33.45,5,1572.49,0
146,149,8,9,0.6825,4.3,2,1,0.5,0,21.6,5,1572.49,1
145,149,11,25,0.8623,4.55,2,0,0.0,1,4.9,5,1572.49,0
12,149,7,54,0.726,4.11,2,1,0.5,0,13.73,5,1572.49,1
56,150,12,43,0.7766,4.46,2,0,0.0,0,41.41,4,7845.88,1
175,150,13,33,0.897,4.75,2,0,0.0,0,24.41,4,7845.88,0
168,150,2,20,0.6195,4.32,2,0,0.0,0,27.24,4,7845.88,0
37,150,9,22,0.844,4.25,2,0,0.0,0,40.97,4,7845.88,1
197,150,14,61,0.817,4.58,2,0,0.0,0,18.35,4,7845.88,0
184,150,13,36,0.8696,4.27,2,0,0.0,0,13.0,4,7845.88,1
42,150,1,5,0.5406,4.18,2,1,0.5,0,35.11,4,7845.88,1
129,150,6,34,0.68,4.02,2,0,0.0,0,42.19,4,7845.88,1
133,150,8,62,0.8271,4.73,2,0,0.0,1,8.77,4,7845.88,1
187,150,10,32,0.8495,4.59,2,0,0.0,0,48.76,4,7845.88,0
156,150,10,31,0.8442,4.54,2,1,0.5,0,13.49,4,7845.88,1
167,150,2,12,0.517,3.99,2,1,0.5,0,22.55,4,7845.88,0
134,150,4,4,0.6145,4.23,2,0,0.0,0,16.46,4,7845.88,1
88,150,14,70,0.8035,4.45,2,1,0.5,0,24.53,4,7845.88,1
115,150,7,36,0.7398,4.26,2,0,0.0,0,17.17,4,7845.88,0
67,151,1,6,0.5154,3.62,3,0,0.0,0,44.28,3,11649.83,0
122,151,5,21,0.7395,4.55,3,1,0.3333,0,15.16,3,11649.83,1
66,151,10,58,0.7501,4.57,3,2,0.6667,0,43.79,3,11649.83,0
196,151,14,18,0.7727,4.18,3,1,0.3333,0,24.95,3,11649.83,1
114,151,5,15,0.6065,4.11,3,0,0.0,0,30.24,3,11649.83,1
167,151,2,12,0.517,3.99,3,1,0.3333,0,45.02,3,11649.83,0
36,151,9,29,0.7539,4.33,3,0,0.0,0,34.82,3,11649.83,0
32,151,2,7,0.5123,3.61,3,2,0.6667,0,39.64,3,11649.83,1
146,151,8,9,0.6825,4.3,3,2,0.6667,0,42.85,3,11649.83,1
125,151,0,5,0.6092,4.08,3,1,0.3333,0,44.12,3,11649.83,1
11,151,6,47,0.6899,4.42,3,0,0.0,0,16.33,3,11649.83,1
94,151,12,46,0.8401,4.46,3,0,0.0,1,1.19,3,11649.83,1
74,151,8,47,0.7955,4.4,3,1,0.3333,0,28.49,3,11649.83,1
103,151,3,23,0.6748,4.16,3,0,0.0,0,28.64,3,11649.83,0
105,151,13,56,0.9182,4.61,3,0,0.0,0,46.01,3,11649.83,1
22,152,0,5,0.5497,3.99,1,0,0.0,1,2.52,4,8666.69,0
47,152,11,93,0.8167,4.53,1,0,0.0,0,14.57,4,8666.69,1
188,152,14,18,0.8028,4.12,1,0,0.0,0,31.8,4,8666.69,0
28,152,0,1,0.6167,4.27,1,1,1.0,0,15.82,4,8666.69,1
102,152,7,52,0.6535,4.16,1,1,1.0,0,32.73,4,8666.69,0
197,152,14,61,0.817,4.58,1,0,0.0,0,40.97,4,8666.69,1
111,152,15,84,0.7565,4.05,1,0,0.0,0,42.34,4,8666.69,0
52,152,5,44,0.6774,4.11,1,0,0.0,1,9.8,4,8666.69,1
103,152,3,23,0.6748,4.16,1,0,0.0,0,18.46,4,8666.69,1
85,152,9,69,0.7612,4.22,1,0,0.0,1,7.71,4,8666.69,1
17,152,11,31,0.8221,4.6,1,1,1.0,0,20.08,4,8666.69,1
82,152,5,17,0.6139,4.05,1,0,0.0,0,15.67,4,8666.69,1
88,152,14,70,0.8035,4.45,1,1,1.0,0,13.27,4,8666.69,1
155,152,2,12,0.6036,4.08,1,0,0.0,0,28.06,4,8666.69,0
125,152,0,5,0.6092,4.08,1,0,0.0,0,18.56,4,8666.69,0
48,153,5,42,0.7483,4.16,2,1,0.5,0,41.35,2,1929.8,0
14,153,2,14,0.5687,4.27,2,1,0.5,0,27.47,2,1929.8,0
24,153,6,40,0.6238,4.33,2,2,1.0,0,32.81,2,1929.8,1
110,153,2,17,0.6407,3.96,2,2,1.0,0,32.44,2,1929.8,1
88,153,14,70,0.8035,4.45,2,1,0.5,0,17.94,2,1929.8,1
193,153,10,47,0.7552,4.37,2,0,0.0,0,33.14,2,1929.8,1
77,153,10,45,0.8585,4.62,2,0,0.0,0,36.56,2,1929.8,0
43,153,11,82,0.8841,4.49,2,0,0.0,0,39.37,2,1929.8,0
51,153,13,54,0.8224,4.31,2,1,0.5,0,39.33,2,1929.8,1
90,153,2,7,0.5005,3.82,2,0,0.0,0,45.86,2,1929.8,0
108,153,15,105,0.9144,4.52,2,1,0.5,0,29.98,2,1929.8,1
124,153,8,42,0.6722,4.08,2,1,0.5,0,41.68,2,1929.8,1
122,153,5,21,0.7395,4.55,2,1,0.5,0,20.51,2,1929.8,1
138,153,4,8,0.5727,4.06,2,1,0.5,0,49.53,2,1929.8,0
177,153,8,36,0.813,4.2,2,0,0.0,0,44.29,2,1929.8,1
164,154,15,79,0.7772,4.09,3,1,0.3333,0,18.39,4,5924.73,1
149,154,4,14,0.6858,3.91,3,1,0.3333,0,37.19,4,5924.73,0
25,154,3,6,0.6436,4.02,3,2,0.6667,0,24.81,4,5924.73,1
10,154,1,4,0.6229,4.25,3,1,0.3333,0,22.08,4,5924.73,1
56,154,12,43,0.7766,4.46,3,1,0.3333,0,42.76,4,5924.73,1
191,154,12,55,0.9253,4.61,3,1,0.3333,1,5.24,4,5924.73,0
49,154,3,15,0.6869,4.0,3,2,0.6667,0,26.56,4,5924.73,1
108,154,15,105,0.9144,4.52,3,0,0.0,0,43.13,4,5924.73,1
179,154,11,39,0.7301,4.52,3,0,0.0,0,48.96,4,5924.73,1
140,154,7,33,0.686,4.16,3,0,0.0,0,47.05,4,5924.73,0
199,154,15,81,0.8197,4.46,3,1,0.3333,0,24.92,4,5924.73,1
43,154,11,82,0.8841,4.49,3,1,0.3333,0,16.51,4,5924.73,1
154,154,11,20,0.7965,4.53,3,0,0.0,0,21.4,4,5924.73,0
97,154,2,17,0.5626,3.86,3,0,0.0,0,37.21,4,5924.73,0
90,154,2,7,0.5005,3.82,3,1,0.3333,0,38.08,4,5924.73,0
26,155,10,23,0.7448,4.1,3,1,0.3333,0,33.25,4,14966.69,1
23,155,7,11,0.788,4.58,3,0,0.0,0,21.6,4,14966.69,1
27,155,8,37,0.695,4.45,3,0,0.0,0,18.92,4,14966.69,1
167,155,2,12,0.517,3.99,3,2,0.6667,0,25.24,4,14966.69,1
5,155,12,24,0.8146,4.32,3,0,0.0,0,28.78,4,14966.69,1
158,155,5,9,0.6669,3.92,3,1,0.3333,0,48.7,4,14966.69,0
106,155,14,82,0.8372,4.36,3,1,0.3333,0,26.52,4,14966.69,0
128,155,3,29,0.6131,4.0,3,0,0.0,0,38.15,4,14966.69,0
192,155,13,23,0.8275,4.74,3,1,0.3333,0,10.3,4,14966.69,1
193,155,10,47,0.7552,4.37,3,0,0.0,0,18.96,4,14966.69,1
160,155,15,74,0.8858,4.7,3,1,0.3333,0,45.18,4,14966.69,1
140,155,7,33,0.686,4.16,3,0,0.0,0,43.54,4,14966.69,0
163,155,14,88,0.8498,4.65,3,1,0.3333,0,26.59,4,14966.69,1
114,155,5,15,0.6065,4.11,3,1,0.3333,0,46.01,4,14966.69,1
129,155,6,34,0.68,4.02,3,0,0.0,1,0.65,4,14966.69,1
96,156,1,13,0.6111,4.03,1,0,0.0,0,25.73,1,13847.94,1
133,156,8,62,0.8271,4.73,1,0,0.0,0,47.28,1,13847.94,1
190,156,11,17,0.8808,4.43,1,0,0.0,0,47.58,1,13847.94,1
154,156,11,20,0.7965,4.53,1,0,0.0,1,7.42,1,13847.94,1
82,156,5,17,0.6139,4.05,1,1,1.0,0,22.72,1,13847.94,1
86,156,12,74,0.7633,4.4,1,1,1.0,0,19.24,1,13847.94,1
44,156,5,31,0.5795,4.13,1,1,1.0,0,15.05,1,13847.94,1
147,156,4,29,0.5625,4.11,1,0,0.0,0,33.08,1,13847.94,1
111,156,15,84,0.7565,4.05,1,0,0.0,0,40.49,1,13847.94,0
62,156,0,5,0.5185,3.59,1,0,0.0,0,43.49,1,13847.94,1
143,156,10,25,0.7739,4.57,1,1,1.0,1,3.56,1,13847.94,1
101,156,4,22,0.6289,4.2,1,0,0.0,0,11.03,1,13847.94,1
50,156,13,21,0.9208,4.86,1,1,1.0,0,40.8,1,13847.94,1
158,156,5,9,0.6669,3.92,1,0,0.0,0,34.72,1,13847.94,1
165,156,1,4,0.6024,4.33,1,0,0.0,0,48.9,1,13847.94,0
7,157,1,11,0.516,3.75,1,0,0.0,0,31.42,4,5022.41,0
191,157,12,55,0.9253,4.61,1,0,0.0,0,41.2,4,5022.41,0
188,157,14,18,0.8028,4.12,1,0,0.0,0,40.82,4,5022.41,0
34,157,8,33,0.6736,4.25,1,0,0.0,0,21.0,4,5022.41,0
117,157,12,73,0.7692,4.26,1,0,0.0,1,6.46,4,5022.41,1
163,157,14,88,0.8498,4.65,1,0,0.0,0,33.17,4,5022.41,1
162,157,2,11,0.5831,3.72,1,0,0.0,1,4.86,4,5022.41,0
200,157,15,40,0.7721,4.55,1,0,0.0,0,14.28,4,5022.41,1
92,157,7,48,0.6518,3.98,1,0,0.0,0,45.78,4,5022.41,1
48,157,5,42,0.7483,4.16,1,0,0.0,0,29.77,4,5022.41,1
62,157,0,5,0.5185,3.59,1,0,0.0,1,8.46,4,5022.41,0
168,157,2,20,0.6195,4.32,1,1,1.0,0,29.64,4,5022.41,1
57,157,7,61,0.6468,3.89,1,0,0.0,0,12.94,4,5022.41,0
77,157,10,45,0.8585,4.62,1,0,0.0,0,13.05,4,5022.41,0
50,157,13,21,0.9208,4.86,1,0,0.0,0,25.01,4,5022.41,1
116,158,14,58,0.9278,4.5,1,0,0.0,0,49.8,1,5550.35,1
42,158,1,5,0.5406,4.18,1,0,0.0,0,10.2,1,5550.35,0
47,158,11,93,0.8167,4.53,1,0,0.0,0,20.18,1,5550.35,1
77,158,10,45,0.8585,4.62,1,1,1.0,0,34.24,1,5550.35,1
3,158,6,51,0.717,4.27,1,0,0.0,0,30.72,1,5550.35,0
46,158,9,38,0.7151,4.33,1,0,0.0,0,18.65,1,5550.35,1
169,158,12,94,0.8925,4.74,1,0,0.0,0,45.94,1,5550.35,1
146,158,8,9,0.6825,4.3,1,0,0.0,0,15.54,1,5550.35,1
162,158,2,11,0.5831,3.72,1,0,0.0,0,37.66,1,5550.35,1
156,158,10,31,0.8442,4.54,1,0,0.0,0,20.95,1,5550.35,1
9,158,5,39,0.7062,4.02,1,1,1.0,0,13.68,1,5550.35,1
31,158,1,1,0.5802,4.0,1,1,1.0,0,36.08,1,5550.35,1
88,158,14,70,0.8035,4.45,1,0,0.0,0,42.36,1,5550.35,1
89,158,6,46,0.638,4.19,1,1,1.0,0,47.85,1,5550.35,1
124,158,8,42,0.6722,4.08,1,0,0.0,0,20.0,1,5550.35,1
184,159,13,36,0.8696,4.27,2,0,0.0,0,33.85,1,4853.83,1
72,159,1,6,0.5709,4.07,2,1,0.5,1,3.53,1,4853.83,1
101,159,4,22,0.6289,4.2,2,0,0.0,1,4.14,1,4853.83,1
27,159,8,37,0.695,4.45,2,0,0.0,0,24.12,1,4853.83,0
150,159,14,67,0.7992,4.54,2,0,0.0,1,8.28,1,4853.83,1
197,159,14,61,0.817,4.58,2,1,0.5,0,45.58,1,4853.83,0
151,159,15,82,0.8701,4.24,2,0,0.0,0,20.12,1,4853.83,1
80,159,15,85,0.8456,4.43,2,2,1.0,0,34.16,1,4853.83,1
43,159,11,82,0.8841,4.49,2,0,0.0,0,48.02,1,4853.83,1
53,159,10,69,0.7795,4.46,2,1,0.5,0,25.93,1,4853.83,1
185,159,0,4,0.6072,3.77,2,1,0.5,0,42.36,1,4853.83,1
125,159,0,5,0.6092,4.08,2,1,0.5,0,17.44,1,4853.83,1
111,159,15,84,0.7565,4.05,2,0,0.0,0,18.61,1,4853.83,1
115,159,7,36,0.7398,4.26,2,0,0.0,0,15.8,1,4853.83,1
109,159,3,17,0.5429,4.17,2,0,0.0,0,10.39,1,4853.83,0
184,160,13,36,0.8696,4.27,1,0,0.0,0,32.44,2,10318.52,1
85,160,9,69,0.7612,4.22,1,0,0.0,0,47.85,2,10318.52,0
55,160,0,1,0.5,3.84,1,0,0.0,1,6.88,2,10318.52,0
120,160,9,65,0.681,4.09,1,0,0.0,0,35.85,2,10318.52,0
146,160,8,9,0.6825,4.3,1,1,1.0,0,27.41,2,10318.52,1
83,160,7,30,0.6573,3.84,1,0,0.0,0,17.93,2,10318.52,1
60,160,10,79,0.7145,4.03,1,0,0.0,0,29.76,2,10318.52,1
144,160,9,54,0.6936,4.2,1,1,1.0,0,20.98,2,10318.52,1
17,160,11,31,0.8221,4.6,1,0,0.0,0,28.11,2,10318.52,1
99,160,2,12,0.5454,3.7,1,0,0.0,0,33.65,2,10318.52,1
73,160,3,16,0.6979,4.29,1,0,0.0,0,10.85,2,10318.52,1
155,160,2,12,0.6036,4.08,1,0,0.0,0,41.33,2,10318.52,0
135,160,1,3,0.6085,4.06,1,1,1.0,1,0.54,2,10318.52,1
56,160,12,43,0.7766,4.46,1,0,0.0,1,1.75,2,10318.52,0
27,160,8,37,0.695,4.45,1,0,0.0,0,11.48,2,10318.52,1
136,161,7,46,0.6328,4.26,3,1,0.3333,1,4.3,5,2821.97,1
11,161,6,47,0.6899,4.42,3,1,0.3333,0,22.53,5,2821.97,0
87,161,2,9,0.5213,4.05,3,1,0.3333,0,25.73,5,2821.97,0
166,161,9,58,0.7486,4.2,3,0,0.0,0,28.18,5,2821.97,0
5,161,12,24,0.8146,4.32,3,0,0.0,0,48.69,5,2821.97,1
18,161,10,72,0.7035,4.47,3,1,0.3333,0,24.96,5,2821.97,1
121,161,10,63,0.7316,4.05,3,1,0.3333,1,0.78,5,2821.97,1
25,161,3,6,0.6436,4.02,3,1,0.3333,0,10.42,5,2821.97,1
107,161,7,43,0.6939,4.41,3,0,0.0,0,22.91,5,2821.97,0
186,161,2,13,0.5434,4.02,3,1,0.3333,0,27.43,5,2821.97,1
78,161,6,11,0.6434,4.05,3,0,0.0,1,2.32,5,2821.97,0
71,161,7,13,0.7505,4.18,3,0,0.0,0,24.76,5,2821.97,0
82,161,5,17,0.6139,4.05,3,1,0.3333,0,49.58,5,2821.97,0
193,161,10,47,0.7552,4.37,3,0,0.0,0,44.72,5,2821.97,1
89,161,6,46,0.638,4.19,3,2,0.6667,0,41.4,5,2821.97,1
78,162,6,11,0.6434,4.05,2,1,0.5,0,22.77,2,9631.52,1
20,162,5,21,0.67,4.22,2,0,0.0,0,33.37,2,9631.52,0
68,162,6,7,0.7118,4.07,2,0,0.0,0,45.82,2,9631.52,0
85,162,9,69,0.7612,4.22,2,1,0.5,0,36.73,2,9631.52,1
177,162,8,36,0.813,4.2,2,1,0.5,1,2.78,2,9631.52,1
157,162,3,10,0.6034,3.98,2,1,0.5,0,29.6,2,9631.52,1
98,162,15,51,0.8693,4.45,2,1,0.5,0,40.91,2,9631.52,1
70,162,9,22,0.7792,4.61,2,1,0.5,0,13.67,2,9631.52,1
179,162,11,39,0.7301,4.52,2,0,0.0,0,38.46,2,9631.52,1
44,162,5,31,0.5795,4.13,2,1,0.5,0,43.42,2,9631.52,1
36,162,9,29,0.7539,4.33,2,0,0.0,0,35.89,2,9631.52,0
150,162,14,67,0.7992,4.54,2,0,0.0,0,37.8,2,9631.52,1
118,162,8,8,0.7519,4.41,2,1,0.5,0,29.78,2,9631.52,1
31,162,1,1,0.5802,4.0,2,0,0.0,0,36.82,2,9631.52,0
33,162,2,15,0.6183,4.1,2,1,0.5,0,25.4,2,9631.52,1
88,163,14,70,0.8035,4.45,3,2,0.6667,0,18.75,4,13304.91,1
54,163,10,21,0.8473,4.63,3,0,0.0,0,49.0,4,13304.91,0
152,163,6,25,0.7702,4.5,3,1,0.3333,0,30.54,4,13304.91,0
195,163,12,58,0.8424,4.62,3,0,0.0,0,17.52,4,13304.91,1
136,163,7,46,0.6328,4.26,3,1,0.3333,0,16.57,4,13304.91,1
132,163,6,43,0.6389,4.32,3,2,0.6667,0,44.79,4,13304.91,1
81,163,9,41,0.7165,4.37,3,0,0.0,0,15.89,4,13304.91,0
80,163,15,85,0.8456,4.43,3,0,0.0,0,39.8,4,13304.91,1
182,163,3,4,0.5679,4.06,3,1,0.3333,1,8.99,4,13304.91,1
117,163,12,73,0.7692,4.26,3,2,0.6667,0,11.14,4,13304.91,1
168,163,2,20,0.6195,4.32,3,0,0.0,0,28.11,4,13304.91,1
40,163,4,20,0.5791,3.96,3,0,0.0,0,47.08,4,13304.91,1
130,163,11,18,0.7967,4.2,3,1,0.3333,0,27.26,4,13304.91,1
28,163,0,1,0.6167,4.27,3,2,0.6667,0,30.09,4,13304.91,1
34,163,8,33,0.6736,4.25,3,1,0.3333,0,12.13,4,13304.91,1
26,164,10,23,0.7448,4.1,3,1,0.3333,0,29.74,1,3483.87,1
13,164,4,36,0.6388,4.25,3,1,0.3333,0,37.25,1,3483.87,1
167,164,2,12,0.517,3.99,3,1,0.3333,0,48.36,1,3483.87,1
98,164,15,51,0.8693,4.45,3,0,0.0,0,12.13,1,3483.87,1
188,164,14,18,0.8028,4.12,3,0,0.0,1,3.03,1,3483.87,1
109,164,3,17,0.5429,4.17,3,1,0.3333,0,14.04,1,3483.87,1
50,164,13,21,0.9208,4.86,3,0,0.0,0,34.81,1,3483.87,1
76,164,10,13,0.789,4.27,3,0,0.0,0,25.68,1,3483.87,1
49,164,3,15,0.6869,4.0,3,1,0.3333,0,39.36,1,3483.87,0
104,164,7,36,0.7242,4.18,3,0,0.0,0,20.73,1,3483.87,1
46,164,9,38,0.7151,4.33,3,1,0.3333,0,41.43,1,3483.87,1
153,164,15,110,0.8275,4.22,3,1,0.3333,0,21.52,1,3483.87,1
71,164,7,13,0.7505,4.18,3,1,0.3333,0,39.36,1,3483.87,1
136,164,7,46,0.6328,4.26,3,1,0.3333,0,30.13,1,3483.87,1
156,164,10,31,0.8442,4.54,3,1,0.3333,0,29.07,1,3483.87,1
177,165,8,36,0.813,4.2,3,0,0.0,0,23.36,4,5226.78,1
62,165,0,5,0.5185,3.59,3,0,0.0,1,3.01,4,5226.78,1
44,165,5,31,0.5795,4.13,3,1,0.3333,1,6.95,4,5226.78,0
81,165,9,41,0.7165,4.37,3,1,0.3333,1,6.14,4,5226.78,0
175,165,13,33,0.897,4.75,3,0,0.0,0,33.33,4,5226.78,1
18,165,10,72,0.7035,4.47,3,0,0.0,0,19.9,4,5226.78,1
43,165,11,82,0.8841,4.49,3,1,0.3333,0,42.76,4,5226.78,1
48,165,5,42,0.7483,4.16,3,0,0.0,0,49.62,4,5226.78,0
86,165,12,74,0.7633,4.4,3,1,0.3333,0,31.01,4,5226.78,1
117,165,12,73,0.7692,4.26,3,0,0.0,1,1.89,4,5226.78,1
37,165,9,22,0.844,4.25,3,1,0.3333,0,22.18,4,5226.78,1
4,165,5,32,0.6362,3.89,3,1,0.3333,1,4.8,4,5226.78,1
171,165,4,13,0.5639,4.17,3,0,0.0,0,49.59,4,5226.78,1
122,165,5,21,0.7395,4.55,3,1,0.3333,0,29.46,4,5226.78,1
110,165,2,17,0.6407,3.96,3,2,0.6667,0,10.54,4,5226.78,1
182,166,3,4,0.5679,4.06,1,1,1.0,0,44.25,3,8151.87,1
86,166,12,74,0.7633,4.4,1,1,1.0,0,15.67,3,8151.87,1
133,166,8,62,0.8271,4.73,1,0,0.0,0,19.77,3,8151.87,0
199,166,15,81,0.8197,4.46,1,1,1.0,0,48.93,3,8151.87,1
170,166,11,13,0.7903,4.18,1,0,0.0,0,39.77,3,8151.87,1
153,166,15,110,0.8275,4.22,1,0,0.0,0,48.19,3,8151.87,1
124,166,8,42,0.6722,4.08,1,0,0.0,0,48.62,3,8151.87,0
29,166,12,19,0.7796,4.05,1,1,1.0,0,37.15,3,8151.87,1
70,166,9,22,0.7792,4.61,1,1,1.0,0,27.97,3,8151.87,1
176,166,3,25,0.6773,4.38,1,0,0.0,0,31.08,3,8151.87,1
187,166,10,32,0.8495,4.59,1,0,0.0,1,6.95,3,8151.87,0
164,166,15,79,0.7772,4.09,1,0,0.0,0,25.64,3,8151.87,1
6,166,3,15,0.5392,3.8,1,0,0.0,0,49.76,3,8151.87,1
38,166,4,21,0.6007,3.86,1,1,1.0,0,11.64,3,8151.87,1
106,166,14,82,0.8372,4.36,1,0,0.0,0,23.73,3,8151.87,1
111,167,15,84,0.7565,4.05,3,2,0.6667,0,34.95,4,5603.78,1
117,167,12,73,0.7692,4.26,3,1,0.3333,1,3.38,4,5603.78,1
146,167,8,9,0.6825,4.3,3,0,0.0,0,41.99,4,5603.78,1
89,167,6,46,0.638,4.19,3,0,0.0,0,11.64,4,5603.78,1
74,167,8,47,0.7955,4.4,3,2,0.6667,0,33.72,4,5603.78,1
29,167,12,19,0.7796,4.05,3,1,0.3333,0,22.23,4,5603.78,1
3,167,6,51,0.717,4.27,3,2,0.6667,0,36.41,4,5603.78,1
128,167,3,29,0.6131,4.0,3,0,0.0,0,20.06,4,5603.78,0
176,167,3,25,0.6773,4.38,3,0,0.0,0,21.33,4,5603.78,0
38,167,4,21,0.6007,3.86,3,0,0.0,1,6.82,4,5603.78,0
120,167,9,65,0.681,4.09,3,0,0.0,0,16.2,4,5603.78,1
175,167,13,33,0.897,4.75,3,0,0.0,0,20.83,4,5603.78,0
39,167,15,47,0.913,4.8,3,0,0.0,0,17.87,4,5603.78,1
134,167,4,4,0.6145,4.23,3,0,0.0,0,13.23,4,5603.78,1
75,167,7,60,0.7932,4.25,3,1,0.3333,0,28.93,4,5603.78,1
174,168,9,69,0.8377,4.27,3,1,0.3333,0,15.57,2,5041.19,1
164,168,15,79,0.7772,4.09,3,2,0.6667,0,20.0,2,5041.19,1
99,168,2,12,0.5454,3.7,3,0,0.0,0,17.98,2,5041.19,1
109,168,3,17,0.5429,4.17,3,1,0.3333,0,21.89,2,5041.19,0
103,168,3,23,0.6748,4.16,3,0,0.0,0,28.45,2,5041.19,1
26,168,10,23,0.7448,4.1,3,1,0.3333,0,41.3,2,5041.19,0
67,168,1,6,0.5154,3.62,3,0,0.0,0,13.84,2,5041.19,0
78,168,6,11,0.6434,4.05,3,0,0.0,0,37.77,2,5041.19,1
153,168,15,110,0.8275,4.22,3,0,0.0,0,37.41,2,5041.19,1
80,168,15,85,0.8456,4.43,3,1,0.3333,0,24.17,2,5041.19,1
45,168,3,15,0.682,4.39,3,0,0.0,0,48.46,2,5041.19,1
145,168,11,25,0.8623,4.55,3,0,0.0,0,46.5,2,5041.19,1
112,168,3,27,0.6391,4.32,3,1,0.3333,0,40.67,2,5041.19,1
83,168,7,30,0.6573,3.84,3,1,0.3333,0,15.62,2,5041.19,0
149,168,4,14,0.6858,3.91,3,0,0.0,0,41.47,2,5041.19,0
96,169,1,13,0.6111,4.03,2,1,0.5,0,28.41,5,10554.83,1
33,169,2,15,0.6183,4.1,2,0,0.0,1,1.02,5,10554.83,0
159,169,4,19,0.5685,3.83,2,2,1.0,0,36.0,5,10554.83,1
140,169,7,33,0.686,4.16,2,0,0.0,0,13.9,5,10554.83,1
145,169,11,25,0.8623,4.55,2,0,0.0,0,29.26,5,10554.83,1
76,169,10,13,0.789,4.27,2,0,0.0,0,12.43,5,10554.83,0
14,169,2,14,0.5687,4.27,2,1,0.5,0,36.98,5,10554.83,0
194,169,14,19,0.8808,4.78,2,1,0.5,0,12.12,5,10554.83,1
101,169,4,22,0.6289,4.2,2,0,0.0,0,15.77,5,10554.83,0
104,169,7,36,0.7242,4.18,2,1,0.5,0,29.81,5,10554.83,1
172,169,4,28,0.5778,3.8,2,0,0.0,0,37.03,5,10554.83,0
2,169,2,20,0.5759,3.7,2,0,0.0,0,22.04,5,10554.83,0
119,169,6,45,0.6451,4.26,2,0,0.0,0,49.57,5,10554.83,1
196,169,14,18,0.7727,4.18,2,1,0.5,1,5.11,5,10554.83,1
133,169,8,62,0.8271,4.73,2,2,1.0,0,14.59,5,10554.83,1
155,170,2,12,0.6036,4.08,2,1,0.5,0,26.18,2,6063.79,0
31,170,1,1,0.5802,4.0,2,0,0.0,0,42.81,2,6063.79,0
134,170,4,4,0.6145,4.23,2,1,0.5,1,5.69,2,6063.79,1
25,170,3,6,0.6436,4.02,2,0,0.0,0,37.25,2,6063.79,0
64,170,4,5,0.7132,4.29,2,1,0.5,0,34.69,2,6063.79,1
53,170,10,69,0.7795,4.46,2,1,0.5,0,35.45,2,6063.79,1
27,170,8,37,0.695,4.45,2,0,0.0,0,42.74,2,6063.79,0
122,170,5,21,0.7395,4.55,2,0,0.0,0,16.83,2,6063.79,0
7,170,1,11,0.516,3.75,2,1,0.5,0,31.87,2,6063.79,1
130,170,11,18,0.7967,4.2,2,0,0.0,0,21.6,2,6063.79,1
114,170,5,15,0.6065,4.11,2,1,0.5,0,48.36,2,6063.79,1
101,170,4,22,0.6289,4.2,2,0,0.0,0,36.71,2,6063.79,1
15,170,8,57,0.7654,4.09,2,0,0.0,0,37.91,2,6063.79,1
32,170,2,7,0.5123,3.61,2,0,0.0,0,26.68,2,6063.79,0
77,170,10,45,0.8585,4.62,2,0,0.0,0,11.12,2,6063.79,1
145,171,11,25,0.8623,4.55,2,0,0.0,0,45.3,3,2919.55,1
100,171,14,66,0.7598,4.33,2,1,0.5,0,10.36,3,2919.55,1
3,171,6,51,0.717,4.27,2,0,0.0,0,30.03,3,2919.55,0
149,171,4,14,0.6858,3.91,2,0,0.0,0,18.43,3,2919.55,0
78,171,6,11,0.6434,4.05,2,0,0.0,1,5.49,3,2919.55,1
9,171,5,39,0.7062,4.02,2,1,0.5,0,16.98,3,2919.55,1
166,171,9,58,0.7486,4.2,2,0,0.0,0,36.24,3,2919.55,1
167,171,2,12,0.517,3.99,2,1,0.5,0,28.38,3,2919.55,0
169,171,12,94,0.8925,4.74,2,0,0.0,1,1.83,3,2919.55,1
159,171,4,19,0.5685,3.83,2,1,0.5,0,36.34,3,2919.55,0
114,171,5,15,0.6065,4.11,2,1,0.5,0,12.73,3,2919.55,0
11,171,6,47,0.6899,4.42,2,1,0.5,0,29.35,3,2919.55,0
91,171,9,67,0.6878,4.03,2,0,0.0,0,34.23,3,2919.55,1
36,171,9,29,0.7539,4.33,2,1,0.5,0,38.34,3,2919.55,1
120,171,9,65,0.681,4.09,2,0,0.0,0,36.36,3,2919.55,1
179,172,11,39,0.7301,4.52,1,1,1.0,1,6.82,5,12708.79,1
83,172,7,30,0.6573,3.84,1,0,0.0,0,37.17,5,12708.79,1
151,172,15,82,0.8701,4.24,1,0,0.0,0,19.26,5,12708.79,0
149,172,4,14,0.6858,3.91,1,0,0.0,0,46.69,5,12708.79,0
90,172,2,7,0.5005,3.82,1,1,1.0,0,14.22,5,12708.79,0
150,172,14,67,0.7992,4.54,1,0,0.0,0,39.13,5,12708.79,1
159,172,4,19,0.5685,3.83,1,1,1.0,0,48.93,5,12708.79,0
104,172,7,36,0.7242,4.18,1,0,0.0,0,12.48,5,12708.79,1
18,172,10,72,0.7035,4.47,1,0,0.0,0,11.5,5,12708.79,0
12,172,7,54,0.726,4.11,1,0,0.0,0,27.66,5,12708.79,1
8,172,8,37,0.7644,4.24,1,0,0.0,1,6.5,5,12708.79,1
188,172,14,18,0.8028,4.12,1,0,0.0,0,16.96,5,12708.79,1
41,172,2,6,0.5982,4.23,1,1,1.0,0,27.98,5,12708.79,1
60,172,10,79,0.7145,4.03,1,0,0.0,0,35.5,5,12708.79,0
25,172,3,6,0.6436,4.02,1,0,0.0,0,17.83,5,12708.79,0
174,173,9,69,0.8377,4.27,1,0,0.0,0,18.14,2,7526.83,0
74,173,8,47,0.7955,4.4,1,1,1.0,0,45.73,2,7526.83,1
58,173,14,34,0.8839,4.53,1,0,0.0,0,26.32,2,7526.83,1
52,173,5,44,0.6774,4.11,1,0,0.0,1,1.18,2,7526.83,1
190,173,11,17,0.8808,4.43,1,0,0.0,0,39.2,2,7526.83,0
42,173,1,5,0.5406,4.18,1,0,0.0,1,6.6,2,7526.83,1
112,173,3,27,0.6391,4.32,1,0,0.0,0,43.3,2,7526.83,0
136,173,7,46,0.6328,4.26,1,0,0.0,0,28.95,2,7526.83,1
50,173,13,21,0.9208,4.86,1,0,0.0,0,34.74,2,7526.83,1
23,173,7,11,0.788,4.58,1,0,0.0,0,15.51,2,7526.83,1
150,173,14,67,0.7992,4.54,1,0,0.0,0,27.1,2,7526.83,1
7,173,1,11,0.516,3.75,1,0,0.0,0,12.83,2,7526.83,1
162,173,2,11,0.5831,3.72,1,0,0.0,0,41.3,2,7526.83,1
172,173,4,28,0.5778,3.8,1,0,0.0,0,14.72,2,7526.83,1
25,173,3,6,0.6436,4.02,1,0,0.0,0,34.06,2,7526.83,1
58,174,14,34,0.8839,4.53,2,1,0.5,0,30.0,4,6432.45,1
75,174,7,60,0.7932,4.25,2,0,0.0,1,1.04,4,6432.45,0
65,174,4,33,0.5827,3.85,2,0,0.0,0,14.43,4,6432.45,0
100,174,14,66,0.7598,4.33,2,0,0.0,0,46.7,4,6432.45,1
181,174,8,21,0.8003,4.42,2,0,0.0,0,11.2,4,6432.45,1
92,174,7,48,0.6518,3.98,2,0,0.0,0,20.44,4,6432.45,1
18,174,10,72,0.7035,4.47,2,0,0.0,0,40.59,4,6432.45,1
41,174,2,6,0.5982,4.23,2,0,0.0,0,31.88,4,6432.45,0
74,174,8,47,0.7955,4.4,2,1,0.5,1,9.28,4,6432.45,1
20,174,5,21,0.67,4.22,2,0,0.0,0,45.13,4,6432.45,1
137,174,15,123,0.8223,4.54,2,1,0.5,1,1.19,4,6432.45,0
148,174,6,30,0.6756,4.07,2,0,0.0,0,46.17,4,6432.45,0
62,174,0,5,0.5185,3.59,2,1,0.5,0,40.62,4,6432.45,1
133,174,8,62,0.8271,4.73,2,0,0.0,0,49.24,4,6432.45,0
157,174,3,10,0.6034,3.98,2,0,0.0,0,33.93,4,6432.45,0
21,175,11,67,0.8869,4.52,2,0,0.0,0,29.1,1,1698.72,0
142,175,13,25,0.884,4.46,2,1,0.5,1,8.83,1,1698.72,1
123,175,4,18,0.7048,4.35,2,0,0.0,0,47.25,1,1698.72,1
34,175,8,33,0.6736,4.25,2,1,0.5,0,41.27,1,1698.72,1
70,175,9,22,0.7792,4.61,2,0,0.0,0,34.33,1,1698.72,1
186,175,2,13,0.5434,4.02,2,0,0.0,0,37.34,1,1698.72,1
11,175,6,47,0.6899,4.42,2,0,0.0,0,29.29,1,1698.72,1
27,175,8,37,0.695,4.45,2,0,0.0,0,25.09,1,1698.72,1
10,175,1,4,0.6229,4.25,2,0,0.0,0,38.05,1,1698.72,0
128,175,3,29,0.6131,4.0,2,0,0.0,0,14.62,1,1698.72,1
130,175,11,18,0.7967,4.2,2,1,0.5,0,34.63,1,1698.72,1
58,175,14,34,0.8839,4.53,2,0,0.0,0,24.07,1,1698.72,1
167,175,2,12,0.517,3.99,2,1,0.5,0,46.72,1,1698.72,1
90,175,2,7,0.5005,3.82,2,0,0.0,0,13.68,1,1698.72,1
111,175,15,84,0.7565,4.05,2,0,0.0,0,26.52,1,1698.72,0
138,176,4,8,0.5727,4.06,1,1,1.0,0,36.21,5,4485.37,1
146,176,8,9,0.6825,4.3,1,0,0.0,0,21.7,5,4485.37,0
12,176,7,54,0.726,4.11,1,0,0.0,0,29.15,5,4485.37,1
4,176,5,32,0.6362,3.89,1,0,0.0,0,13.07,5,4485.37,1
185,176,0,4,0.6072,3.77,1,1,1.0,0,31.75,5,4485.37,1
64,176,4,5,0.7132,4.29,1,0,0.0,1,7.48,5,4485.37,1
15,176,8,57,0.7654,4.09,1,0,0.0,0,46.6,5,4485.37,1
20,176,5,21,0.67,4.22,1,1,1.0,0,38.53,5,4485.37,0
33,176,2,15,0.6183,4.1,1,0,0.0,0,41.21,5,4485.37,0
113,176,1,6,0.6183,3.94,1,1,1.0,0,36.15,5,4485.37,1
47,176,11,93,0.8167,4.53,1,1,1.0,0,20.7,5,4485.37,1
73,176,3,16,0.6979,4.29,1,0,0.0,0,30.14,5,4485.37,1
81,176,9,41,0.7165,4.37,1,0,0.0,0,46.02,5,4485.37,0
90,176,2,7,0.5005,3.82,1,1,1.0,0,34.87,5,4485.37,1
155,176,2,12,0.6036,4.08,1,0,0.0,0,18.14,5,4485.37,1
134,177,4,4,0.6145,4.23,2,1,0.5,1,7.76,4,11266.51,0
60,177,10,79,0.7145,4.03,2,0,0.0,0,10.85,4,11266.51,0
79,177,14,115,0.7531,4.18,2,0,0.0,0,20.81,4,11266.51,0
190,177,11,17,0.8808,4.43,2,1,0.5,0,22.02,4,11266.51,0
142,177,13,25,0.884,4.46,2,0,0.0,0,12.39,4,11266.51,0
54,177,10,21,0.8473,4.63,2,1,0.5,0,25.36,4,11266.51,1
32,177,2,7,0.5123,3.61,2,0,0.0,0,25.3,4,11266.51,0
96,177,1,13,0.6111,4.03,2,2,1.0,0,18.98,4,11266.51,1
186,177,2,13,0.5434,4.02,2,1,0.5,0,36.4,4,11266.51,1
37,177,9,22,0.844,4.25,2,0,0.0,0,36.42,4,11266.51,1
10,177,1,4,0.6229,4.25,2,0,0.0,0,40.52,4,11266.51,0
61,177,13,65,0.8096,4.39,2,0,0.0,0,46.4,4,11266.51,0
179,177,11,39,0.7301,4.52,2,1,0.5,0,23.45,4,11266.51,1
113,177,1,6,0.6183,3.94,2,1,0.5,0,20.5,4,11266.51,0
167,177,2,12,0.517,3.99,2,1,0.5,0,18.66,4,11266.51,1
186,178,2,13,0.5434,4.02,3,0,0.0,0,28.54,3,11739.14,0
160,178,15,74,0.8858,4.7,3,0,0.0,0,32.73,3,11739.14,1
112,178,3,27,0.6391,4.32,3,0,0.0,0,16.5,3,11739.14,1
110,178,2,17,0.6407,3.96,3,1,0.3333,0,39.83,3,11739.14,0
187,178,10,32,0.8495,4.59,3,1,0.3333,0,15.27,3,11739.14,1
189,178,9,74,0.7467,4.48,3,0,0.0,0,41.98,3,11739.14,0
193,178,10,47,0.7552,4.37,3,0,0.0,0,13.42,3,11739.14,1
15,178,8,57,0.7654,4.09,3,0,0.0,0,31.71,3,11739.14,1
28,178,0,1,0.6167,4.27,3,1,0.3333,0,25.78,3,11739.14,0
142,178,13,25,0.884,4.46,3,1,0.3333,0,24.47,3,11739.14,1
100,178,14,66,0.7598,4.33,3,0,0.0,0,41.3,3,11739.14,0
185,178,0,4,0.6072,3.77,3,0,0.0,0,34.32,3,11739.14,1
174,178,9,69,0.8377,4.27,3,1,0.3333,0,32.74,3,11739.14,1
74,178,8,47,0.7955,4.4,3,1,0.3333,0,20.58,3,11739.14,1
137,178,15,123,0.8223,4.54,3,2,0.6667,0,28.51,3,11739.14,1
120,179,9,65,0.681,4.09,3,0,0.0,0,48.13,2,1985.04,1
10,179,1,4,0.6229,4.25,3,1,0.3333,1,2.95,2,1985.04,0
92,179,7,48,0.6518,3.98,3,1,0.3333,0,20.38,2,1985.04,1
123,179,4,18,0.7048,4.35,3,1,0.3333,1,2.66,2,1985.04,1
164,179,15,79,0.7772,4.09,3,0,0.0,0,44.85,2,1985.04,1
143,179,10,25,0.7739,4.57,3,0,0.0,1,2.71,2,1985.04,1
56,179,12,43,0.7766,4.46,3,3,1.0,0,17.37,2,1985.04,1
105,179,13,56,0.9182,4.61,3,1,0.3333,0,27.61,2,1985.04,1
15,179,8,57,0.7654,4.09,3,2,0.6667,1,5.76,2,1985.04,1
149,179,4,14,0.6858,3.91,3,1,0.3333,0,48.07,2,1985.04,0
21,179,11,67,0.8869,4.52,3,0,0.0,0,49.01,2,1985.04,1
71,179,7,13,0.7505,4.18,3,0,0.0,0,43.8,2,1985.04,0
157,179,3,10,0.6034,3.98,3,1,0.3333,0,31.62,2,1985.04,1
142,179,13,25,0.884,4.46,3,0,0.0,0,19.39,2,1985.04,1
81,179,9,41,0.7165,4.37,3,0,0.0,0,30.28,2,1985.04,1
20,180,5,21,0.67,4.22,2,0,0.0,0,41.53,1,5554.37,1
61,180,13,65,0.8096,4.39,2,0,0.0,0,26.33,1,5554.37,1
53,180,10,69,0.7795,4.46,2,1,0.5,0,28.83,1,5554.37,0
84,180,1,9,0.5276,4.17,2,1,0.5,0,34.88,1,5554.37,1
147,180,4,29,0.5625,4.11,2,0,0.0,0,11.78,1,5554.37,0
96,180,1,13,0.6111,4.03,2,1,0.5,0,46.47,1,5554.37,1
175,180,13,33,0.897,4.75,2,2,1.0,0,34.36,1,5554.37,1
107,180,7,43,0.6939,4.41,2,0,0.0,0,30.43,1,5554.37,0
19,180,2,4,0.6317,4.28,2,1,0.5,0,30.33,1,5554.37,1
165,180,1,4,0.6024,4.33,2,0,0.0,0,23.76,1,5554.37,1
110,180,2,17,0.6407,3.96,2,0,0.0,0,43.23,1,5554.37,1
73,180,3,16,0.6979,4.29,2,0,0.0,0,39.05,1,5554.37,1
37,180,9,22,0.844,4.25,2,0,0.0,0,49.91,1,5554.37,1
7,180,1,11,0.516,3.75,2,0,0.0,0,13.09,1,5554.37,0
156,180,10,31,0.8442,4.54,2,0,0.0,0,18.98,1,5554.37,1
148,181,6,30,0.6756,4.07,2,1,0.5,0,22.68,5,12255.19,1
162,181,2,11,0.5831,3.72,2,1,0.5,0,33.01,5,12255.19,0
141,181,13,53,0.8697,4.44,2,1,0.5,0,23.15,5,12255.19,1
188,181,14,18,0.8028,4.12,2,0,0.0,1,9.79,5,12255.19,1
108,181,15,105,0.9144,4.52,2,0,0.0,0,22.59,5,12255.19,0
138,181,4,8,0.5727,4.06,2,0,0.0,0,37.72,5,12255.19,0
32,181,2,7,0.5123,3.61,2,2,1.0,1,9.6,5,12255.19,1
136,181,7,46,0.6328,4.26,2,0,0.0,0,13.19,5,12255.19,0
14,181,2,14,0.5687,4.27,2,1,0.5,0,13.06,5,12255.19,1
156,181,10,31,0.8442,4.54,2,0,0.0,0,29.37,5,12255.19,1
121,181,10,63,0.7316,4.05,2,0,0.0,0,41.45,5,12255.19,1
169,181,12,94,0.8925,4.74,2,0,0.0,0,43.11,5,12255.19,0
135,181,1,3,0.6085,4.06,2,2,1.0,0,47.03,5,12255.19,1
134,181,4,4,0.6145,4.23,2,0,0.0,0,46.37,5,12255.19,0
113,181,1,6,0.6183,3.94,2,1,0.5,0,36.64,5,12255.19,0
74,182,8,47,0.7955,4.4,3,2,0.6667,0,45.06,2,2518.91,1
88,182,14,70,0.8035,4.45,3,0,0.0,0,14.83,2,2518.91,1
81,182,9,41,0.7165,4.37,3,0,0.0,0,32.18,2,2518.91,0
31,182,1,1,0.5802,4.0,3,0,0.0,0,39.71,2,2518.91,1
21,182,11,67,0.8869,4.52,3,1,0.3333,0,11.36,2,2518.91,1
105,182,13,56,0.9182,4.61,3,1,0.3333,0,37.6,2,2518.91,0
108,182,15,105,0.9144,4.52,3,3,1.0,0,15.3,2,2518.91,1
130,182,11,18,0.7967,4.2,3,0,0.0,0,46.74,2,2518.91,0
38,182,4,21,0.6007,3.86,3,0,0.0,0,24.17,2,2518.91,1
148,182,6,30,0.6756,4.07,3,1,0.3333,0,32.28,2,2518.91,1
127,182,7,41,0.6494,4.09,3,3,1.0,0,14.76,2,2518.91,1
162,182,2,11,0.5831,3.72,3,1,0.3333,0,45.93,2,2518.91,1
198,182,12,52,0.8669,4.36,3,1,0.3333,0,34.67,2,2518.91,0
51,182,13,54,0.8224,4.31,3,1,0.3333,0,11.81,2,2518.91,1
47,182,11,93,0.8167,4.53,3,0,0.0,0,24.2,2,2518.91,1
105,183,13,56,0.9182,4.61,1,0,0.0,0,46.65,3,5586.82,0
162,183,2,11,0.5831,3.72,1,0,0.0,0,13.35,3,5586.82,0
116,183,14,58,0.9278,4.5,1,0,0.0,0,33.74,3,5586.82,1
190,183,11,17,0.8808,4.43,1,0,0.0,0,35.98,3,5586.82,1
112,183,3,27,0.6391,4.32,1,1,1.0,0,27.54,3,5586.82,1
75,183,7,60,0.7932,4.25,1,0,0.0,0,33.52,3,5586.82,0
194,183,14,19,0.8808,4.78,1,1,1.0,1,1.42,3,5586.82,1
123,183,4,18,0.7048,4.35,1,1,1.0,0,23.64,3,5586.82,1
180,183,9,69,0.8003,4.17,1,1,1.0,0,45.89,3,5586.82,1
35,183,3,5,0.6218,4.07,1,0,0.0,0,43.76,3,5586.82,0
188,183,14,18,0.8028,4.12,1,0,0.0,0,22.91,3,5586.82,1
47,183,11,93,0.8167,4.53,1,1,1.0,0,17.14,3,5586.82,1
186,183,2,13,0.5434,4.02,1,1,1.0,0,42.56,3,5586.82,1
197,183,14,61,0.817,4.58,1,0,0.0,1,9.9,3,5586.82,1
151,183,15,82,0.8701,4.24,1,1,1.0,0,30.77,3,5586.82,1
158,184,5,9,0.6669,3.92,3,1,0.3333,0,40.14,3,4695.33,0
81,184,9,41,0.7165,4.37,3,1,0.3333,0,36.66,3,4695.33,1
26,184,10,23,0.7448,4.1,3,1,0.3333,0,18.27,3,4695.33,0
89,184,6,46,0.638,4.19,3,2,0.6667,0,40.19,3,4695.33,1
73,184,3,16,0.6979,4.29,3,1,0.3333,0,46.1,3,4695.33,0
43,184,11,82,0.8841,4.49,3,1,0.3333,0,31.59,3,4695.33,1
31,184,1,1,0.5802,4.0,3,1,0.3333,0,10.27,3,4695.33,0
74,184,8,47,0.7955,4.4,3,1,0.3333,0,11.03,3,4695.33,1
71,184,7,13,0.7505,4.18,3,0,0.0,0,47.67,3,4695.33,0
125,184,0,5,0.6092,4.08,3,0,0.0,0,39.28,3,4695.33,0
113,184,1,6,0.6183,3.94,3,1,0.3333,0,43.24,3,4695.33,1
58,184,14,34,0.8839,4.53,3,1,0.3333,1,1.54,3,4695.33,1
44,184,5,31,0.5795,4.13,3,1,0.3333,0,43.79,3,4695.33,1
67,184,1,6,0.5154,3.62,3,0,0.0,0,27.29,3,4695.33,1
156,184,10,31,0.8442,4.54,3,0,0.0,0,44.58,3,4695.33,0
188,185,14,18,0.8028,4.12,3,0,0.0,0,35.22,2,14891.05,1
172,185,4,28,0.5778,3.8,3,0,0.0,0,41.08,2,14891.05,0
30,185,15,34,0.7842,4.19,3,0,0.0,1,3.49,2,14891.05,0
91,185,9,67,0.6878,4.03,3,2,0.6667,0,27.34,2,14891.05,0
21,185,11,67,0.8869,4.52,3,1,0.3333,0,41.77,2,14891.05,1
191,185,12,55,0.9253,4.61,3,1,0.3333,0,43.66,2,14891.05,1
57,185,7,61,0.6468,3.89,3,1,0.3333,0,45.1,2,14891.05,1
187,185,10,32,0.8495,4.59,3,2,0.6667,0,35.38,2,14891.05,1
20,185,5,21,0.67,4.22,3,1,0.3333,0,15.47,2,14891.05,1
84,185,1,9,0.5276,4.17,3,0,0.0,0,47.73,2,14891.05,0
41,185,2,6,0.5982,4.23,3,2,0.6667,0,20.61,2,14891.05,1
130,185,11,18,0.7967,4.2,3,1,0.3333,0,42.55,2,14891.05,1
86,185,12,74,0.7633,4.4,3,1,0.3333,1,3.18,2,14891.05,1
71,185,7,13,0.7505,4.18,3,0,0.0,0,45.03,2,14891.05,0
117,185,12,73,0.7692,4.26,3,1,0.3333,0,44.29,2,14891.05,1
1,186,3,3,0.6585,3.98,3,0,0.0,0,35.24,4,12512.99,1
112,186,3,27,0.6391,4.32,3,0,0.0,0,23.95,4,12512.99,0
18,186,10,72,0.7035,4.47,3,1,0.3333,0,48.17,4,12512.99,0
126,186,9,61,0.696,3.93,3,0,0.0,0,43.63,4,12512.99,0
143,186,10,25,0.7739,4.57,3,0,0.0,0,36.72,4,12512.99,1
157,186,3,10,0.6034,3.98,3,2,0.6667,0,35.2,4,12512.99,1
54,186,10,21,0.8473,4.63,3,2,0.6667,0,31.74,4,12512.99,1
182,186,3,4,0.5679,4.06,3,1,0.3333,0,18.76,4,12512.99,0
46,186,9,38,0.7151,4.33,3,1,0.3333,0,45.87,4,12512.99,0
10,186,1,4,0.6229,4.25,3,1,0.3333,0,26.78,4,12512.99,1
108,186,15,105,0.9144,4.52,3,1,0.3333,0,19.9,4,12512.99,1
177,186,8,36,0.813,4.2,3,1,0.3333,0,17.05,4,12512.99,0
68,186,6,7,0.7118,4.07,3,1,0.3333,0,36.42,4,12512.99,1
158,186,5,9,0.6669,3.92,3,1,0.3333,0,25.92,4,12512.99,1
98,186,15,51,0.8693,4.45,3,0,0.0,0,45.29,4,12512.99,0
126,187,9,61,0.696,3.93,2,0,0.0,0,20.46,1,5940.0,1
154,187,11,20,0.7965,4.53,2,0,0.0,1,4.22,1,5940.0,1
106,187,14,82,0.8372,4.36,2,0,0.0,0,25.95,1,5940.0,0
176,187,3,25,0.6773,4.38,2,1,0.5,0,20.73,1,5940.0,1
61,187,13,65,0.8096,4.39,2,0,0.0,0,23.59,1,5940.0,0
8,187,8,37,0.7644,4.24,2,1,0.5,0,22.34,1,5940.0,1
75,187,7,60,0.7932,4.25,2,0,0.0,0,32.9,1,5940.0,1
69,187,6,35,0.7259,4.42,2,1,0.5,0,18.25,1,5940.0,1
130,187,11,18,0.7967,4.2,2,0,0.0,0,47.92,1,5940.0,1
56,187,12,43,0.7766,4.46,2,1,0.5,0,23.19,1,5940.0,1
105,187,13,56,0.9182,4.61,2,2,1.0,0,10.8,1,5940.0,1
16,187,8,40,0.7872,4.37,2,1,0.5,0,42.1,1,5940.0,1
144,187,9,54,0.6936,4.2,2,0,0.0,0,38.19,1,5940.0,0
198,187,12,52,0.8669,4.36,2,1,0.5,0,40.67,1,5940.0,1
83,187,7,30,0.6573,3.84,2,1,0.5,0,36.2,1,5940.0,1
93,188,5,24,0.6821,4.37,3,2,0.6667,0,19.95,4,7093.09,1
138,188,4,8,0.5727,4.06,3,2,0.6667,0,43.82,4,7093.09,0
51,188,13,54,0.8224,4.31,3,1,0.3333,0,31.06,4,7093.09,1
41,188,2,6,0.5982,4.23,3,1,0.3333,0,41.65,4,7093.09,1
102,188,7,52,0.6535,4.16,3,1,0.3333,0,21.32,4,7093.09,1
184,188,13,36,0.8696,4.27,3,0,0.0,1,6.5,4,7093.09,1
59,188,15,95,0.7931,4.34,3,1,0.3333,0,11.35,4,7093.09,1
75,188,7,60,0.7932,4.25,3,1,0.3333,0,42.52,4,7093.09,1
42,188,1,5,0.5406,4.18,3,1,0.3333,0,26.03,4,7093.09,0
96,188,1,13,0.6111,4.03,3,1,0.3333,0,45.06,4,7093.09,0
85,188,9,69,0.7612,4.22,3,1,0.3333,0,13.06,4,7093.09,1
106,188,14,82,0.8372,4.36,3,0,0.0,0,38.14,4,7093.09,0
56,188,12,43,0.7766,4.46,3,0,0.0,0,10.81,4,7093.09,0
142,188,13,25,0.884,4.46,3,0,0.0,0,31.67,4,7093.09,0
188,188,14,18,0.8028,4.12,3,0,0.0,0,13.82,4,7093.09,0
101,189,4,22,0.6289,4.2,2,1,0.5,1,9.71,4,11098.51,1
50,189,13,21,0.9208,4.86,2,0,0.0,0,25.06,4,11098.51,1
156,189,10,31,0.8442,4.54,2,0,0.0,0,18.89,4,11098.51,1
80,189,15,85,0.8456,4.43,2,0,0.0,0,21.14,4,11098.51,1
83,189,7,30,0.6573,3.84,2,1,0.5,0,38.12,4,11098.51,1
109,189,3,17,0.5429,4.17,2,0,0.0,0,25.3,4,11098.51,0
132,189,6,43,0.6389,4.32,2,2,1.0,0,39.1,4,11098.51,0
191,189,12,55,0.9253,4.61,2,0,0.0,0,40.51,4,11098.51,0
6,189,3,15,0.5392,3.8,2,1,0.5,0,28.09,4,11098.51,1
78,189,6,11,0.6434,4.05,2,1,0.5,0,11.0,4,11098.51,0
71,189,7,13,0.7505,4.18,2,1,0.5,0,27.88,4,11098.51,1
118,189,8,8,0.7519,4.41,2,0,0.0,0,14.36,4,11098.51,1
52,189,5,44,0.6774,4.11,2,0,0.0,0,15.75,4,11098.51,0
26,189,10,23,0.7448,4.1,2,0,0.0,0,13.35,4,11098.51,0
68,189,6,7,0.7118,4.07,2,1,0.5,0,18.31,4,11098.51,0
152,190,6,25,0.7702,4.5,3,2,0.6667,0,20.08,2,14537.86,1
64,190,4,5,0.7132,4.29,3,1,0.3333,0,23.51,2,14537.86,1
22,190,0,5,0.5497,3.99,3,0,0.0,0,22.86,2,14537.86,0
37,190,9,22,0.844,4.25,3,0,0.0,0,26.26,2,14537.86,1
104,190,7,36,0.7242,4.18,3,1,0.3333,0,37.62,2,14537.86,1
158,190,5,9,0.6669,3.92,3,1,0.3333,0,41.79,2,14537.86,1
122,190,5,21,0.7395,4.55,3,1,0.3333,0,22.52,2,14537.86,1
134,190,4,4,0.6145,4.23,3,0,0.0,0,22.87,2,14537.86,0
186,190,2,13,0.5434,4.02,3,1,0.3333,0,30.58,2,14537.86,0
146,190,8,9,0.6825,4.3,3,1,0.3333,0,49.71,2,14537.86,1
195,190,12,58,0.8424,4.62,3,0,0.0,0,14.2,2,14537.86,1
60,190,10,79,0.7145,4.03,3,1,0.3333,0,25.03,2,14537.86,1
16,190,8,40,0.7872,4.37,3,0,0.0,0,16.48,2,14537.86,0
197,190,14,61,0.817,4.58,3,1,0.3333,0,16.65,2,14537.86,1
127,190,7,41,0.6494,4.09,3,2,0.6667,0,48.88,2,14537.86,1
109,191,3,17,0.5429,4.17,2,0,0.0,0,49.83,5,5397.45,0
127,191,7,41,0.6494,4.09,2,1,0.5,0,45.21,5,5397.45,1
44,191,5,31,0.5795,4.13,2,1,0.5,0,22.9,5,5397.45,0
161,191,2,17,0.5796,3.87,2,1,0.5,1,5.86,5,5397.45,1
135,191,1,3,0.6085,4.06,2,1,0.5,0,21.61,5,5397.45,0
125,191,0,5,0.6092,4.08,2,0,0.0,0,42.11,5,5397.45,0
36,191,9,29,0.7539,4.33,2,0,0.0,1,4.03,5,5397.45,1
192,191,13,23,0.8275,4.74,2,1,0.5,0,28.88,5,5397.45,1
141,191,13,53,0.8697,4.44,2,0,0.0,0,23.21,5,5397.45,0
108,191,15,105,0.9144,4.52,2,1,0.5,0,49.85,5,5397.45,0
103,191,3,23,0.6748,4.16,2,0,0.0,1,2.06,5,5397.45,0
3,191,6,51,0.717,4.27,2,1,0.5,0,28.95,5,5397.45,1
76,191,10,13,0.789,4.27,2,2,1.0,0,17.17,5,5397.45,1
31,191,1,1,0.5802,4.0,2,0,0.0,0,49.73,5,5397.45,1
112,191,3,27,0.6391,4.32,2,1,0.5,0,38.06,5,5397.45,1
25,192,3,6,0.6436,4.02,1,1,1.0,0,35.15,1,11930.4,1
138,192,4,8,0.5727,4.06,1,0,0.0,0,20.98,1,11930.4,0
118,192,8,8,0.7519,4.41,1,0,0.0,0,44.72,1,11930.4,1
85,192,9,69,0.7612,4.22,1,0,0.0,0,22.23,1,11930.4,1
16,192,8,40,0.7872,4.37,1,0,0.0,0,26.13,1,11930.4,1
160,192,15,74,0.8858,4.7,1,0,0.0,1,5.64,1,11930.4,1
120,192,9,65,0.681,4.09,1,0,0.0,0,13.1,1,11930.4,1
153,192,15,110,0.8275,4.22,1,1,1.0,0,39.23,1,11930.4,1
41,192,2,6,0.5982,4.23,1,0,0.0,0,20.52,1,11930.4,1
18,192,10,72,0.7035,4.47,1,0,0.0,0,41.88,1,11930.4,1
90,192,2,7,0.5005,3.82,1,0,0.0,0,40.64,1,11930.4,1
163,192,14,88,0.8498,4.65,1,1,1.0,0,40.88,1,11930.4,1
144,192,9,54,0.6936,4.2,1,0,0.0,0,21.09,1,11930.4,0
58,192,14,34,0.8839,4.53,1,0,0.0,0,44.85,1,11930.4,1
89,192,6,46,0.638,4.19,1,0,0.0,0,28.94,1,11930.4,1
60,193,10,79,0.7145,4.03,1,1,1.0,0,27.02,2,736.08,1
56,193,12,43,0.7766,4.46,1,0,0.0,0,22.1,2,736.08,0
24,193,6,40,0.6238,4.33,1,1,1.0,0,19.63,2,736.08,1
158,193,5,9,0.6669,3.92,1,0,0.0,0,40.96,2,736.08,0
38,193,4,21,0.6007,3.86,1,0,0.0,0,24.2,2,736.08,0
37,193,9,22,0.844,4.25,1,0,0.0,0,22.68,2,736.08,1
43,193,11,82,0.8841,4.49,1,0,0.0,0,34.22,2,736.08,1
122,193,5,21,0.7395,4.55,1,1,1.0,0,16.64,2,736.08,1
1,193,3,3,0.6585,3.98,1,0,0.0,0,21.11,2,736.08,1
83,193,7,30,0.6573,3.84,1,0,0.0,0,27.49,2,736.08,1
20,193,5,21,0.67,4.22,1,0,0.0,0,37.8,2,736.08,1
14,193,2,14,0.5687,4.27,1,1,1.0,0,14.81,2,736.08,1
36,193,9,29,0.7539,4.33,1,0,0.0,0,36.08,2,736.08,1
131,193,10,41,0.878,4.7,1,0,0.0,0,44.65,2,736.08,0
113,193,1,6,0.6183,3.94,1,0,0.0,0,40.83,2,736.08,1
109,194,3,17,0.5429,4.17,2,0,0.0,0,10.22,2,3433.61,1
55,194,0,1,0.5,3.84,2,0,0.0,0,13.76,2,3433.61,0
158,194,5,9,0.6669,3.92,2,0,0.0,0,20.15,2,3433.61,0
144,194,9,54,0.6936,4.2,2,0,0.0,0,34.27,2,3433.61,1
49,194,3,15,0.6869,4.0,2,1,0.5,0,21.0,2,3433.61,1
98,194,15,51,0.8693,4.45,2,1,0.5,0,11.76,2,3433.61,1
96,194,1,13,0.6111,4.03,2,1,0.5,0,20.12,2,3433.61,1
46,194,9,38,0.7151,4.33,2,0,0.0,1,9.73,2,3433.61,0
192,194,13,23,0.8275,4.74,2,0,0.0,0,44.53,2,3433.61,0
3,194,6,51,0.717,4.27,2,1,0.5,0,49.89,2,3433.61,1
51,194,13,54,0.8224,4.31,2,0,0.0,0,29.61,2,3433.61,1
114,194,5,15,0.6065,4.11,2,1,0.5,1,8.81,2,3433.61,1
93,194,5,24,0.6821,4.37,2,1,0.5,0,42.3,2,3433.61,1
135,194,1,3,0.6085,4.06,2,1,0.5,0,11.15,2,3433.61,0
50,194,13,21,0.9208,4.86,2,0,0.0,0,16.13,2,3433.61,1
34,195,8,33,0.6736,4.25,3,0,0.0,0,34.56,3,9991.53,1
22,195,0,5,0.5497,3.99,3,0,0.0,0,43.49,3,9991.53,0
108,195,15,105,0.9144,4.52,3,1,0.3333,0,22.66,3,9991.53,1
31,195,1,1,0.5802,4.0,3,0,0.0,0,46.23,3,9991.53,0
15,195,8,57,0.7654,4.09,3,0,0.0,0,47.77,3,9991.53,1
114,195,5,15,0.6065,4.11,3,1,0.3333,0,47.62,3,9991.53,1
164,195,15,79,0.7772,4.09,3,1,0.3333,1,8.46,3,9991.53,1
182,195,3,4,0.5679,4.06,3,2,0.6667,0,12.6,3,9991.53,0
16,195,8,40,0.7872,4.37,3,1,0.3333,1,5.26,3,9991.53,1
81,195,9,41,0.7165,4.37,3,0,0.0,0,13.36,3,9991.53,1
25,195,3,6,0.6436,4.02,3,1,0.3333,0,21.02,3,9991.53,1
140,195,7,33,0.686,4.16,3,0,0.0,0,30.22,3,9991.53,1
72,195,1,6,0.5709,4.07,3,0,0.0,1,7.59,3,9991.53,0
50,195,13,21,0.9208,4.86,3,1,0.3333,0,10.13,3,9991.53,1
168,195,2,20,0.6195,4.32,3,2,0.6667,0,24.03,3,9991.53,1
146,196,8,9,0.6825,4.3,1,1,1.0,0,16.77,3,1250.92,1
179,196,11,39,0.7301,4.52,1,0,0.0,0,35.52,3,1250.92,1
23,196,7,11,0.788,4.58,1,0,0.0,0,45.09,3,1250.92,0
145,196,11,25,0.8623,4.55,1,0,0.0,0,22.31,3,1250.92,0
119,196,6,45,0.6451,4.26,1,0,0.0,1,9.46,3,1250.92,0
30,196,15,34,0.7842,4.19,1,1,1.0,0,39.9,3,1250.92,1
24,196,6,40,0.6238,4.33,1,0,0.0,0,22.42,3,1250.92,1
47,196,11,93,0.8167,4.53,1,0,0.0,0,21.48,3,1250.92,1
187,196,10,32,0.8495,4.59,1,0,0.0,0,32.6,3,1250.92,1
48,196,5,42,0.7483,4.16,1,1,1.0,0,43.41,3,1250.92,1
82,196,5,17,0.6139,4.05,1,0,0.0,0,17.97,3,1250.92,0
152,196,6,25,0.7702,4.5,1,1,1.0,0,20.37,3,1250.92,1
161,196,2,17,0.5796,3.87,1,1,1.0,0,13.7,3,1250.92,1
6,196,3,15,0.5392,3.8,1,0,0.0,0,24.54,3,1250.92,0
197,196,14,61,0.817,4.58,1,1,1.0,0,30.92,3,1250.92,1
176,197,3,25,0.6773,4.38,3,0,0.0,0,18.3,4,515.75,0
44,197,5,31,0.5795,4.13,3,2,0.6667,0,30.15,4,515.75,0
10,197,1,4,0.6229,4.25,3,2,0.6667,0,41.77,4,515.75,1
150,197,14,67,0.7992,4.54,3,2,0.6667,1,7.85,4,515.75,1
99,197,2,12,0.5454,3.7,3,0,0.0,0,28.71,4,515.75,1
40,197,4,20,0.5791,3.96,3,1,0.3333,0,14.61,4,515.75,0
138,197,4,8,0.5727,4.06,3,1,0.3333,0,17.46,4,515.75,1
146,197,8,9,0.6825,4.3,3,0,0.0,0,33.47,4,515.75,1
54,197,10,21,0.8473,4.63,3,1,0.3333,0,25.12,4,515.75,1
180,197,9,69,0.8003,4.17,3,1,0.3333,0,11.35,4,515.75,1
112,197,3,27,0.6391,4.32,3,0,0.0,0,35.18,4,515.75,0
89,197,6,46,0.638,4.19,3,0,0.0,0,10.32,4,515.75,0
166,197,9,58,0.7486,4.2,3,0,0.0,0,23.39,4,515.75,0
175,197,13,33,0.897,4.75,3,0,0.0,0,14.01,4,515.75,0
74,197,8,47,0.7955,4.4,3,1,0.3333,0,22.25,4,515.75,1
48,198,5,42,0.7483,4.16,1,0,0.0,0,38.93,4,3779.77,0
193,198,10,47,0.7552,4.37,1,0,0.0,0,29.3,4,3779.77,1
6,198,3,15,0.5392,3.8,1,0,0.0,1,0.88,4,3779.77,0
113,198,1,6,0.6183,3.94,1,1,1.0,0,19.37,4,3779.77,0
158,198,5,9,0.6669,3.92,1,0,0.0,0,47.08,4,3779.77,1
117,198,12,73,0.7692,4.26,1,0,0.0,0,27.04,4,3779.77,1
152,198,6,25,0.7702,4.5,1,0,0.0,0,33.1,4,3779.77,0
148,198,6,30,0.6756,4.07,1,0,0.0,0,16.56,4,3779.77,1
178,198,14,58,0.9175,4.55,1,0,0.0,0,22.02,4,3779.77,1
112,198,3,27,0.6391,4.32,1,0,0.0,0,37.91,4,3779.77,0
188,198,14,18,0.8028,4.12,1,0,0.0,0,48.06,4,3779.77,1
103,198,3,23,0.6748,4.16,1,0,0.0,0,15.58,4,3779.77,0
122,198,5,21,0.7395,4.55,1,0,0.0,0,41.54,4,3779.77,1
63,198,15,43,0.7991,4.38,1,1,1.0,0,13.62,4,3779.77,1
65,198,4,33,0.5827,3.85,1,0,0.0,0,15.66,4,3779.77,0
102,199,7,52,0.6535,4.16,1,0,0.0,0,13.61,4,12348.08,1
43,199,11,82,0.8841,4.49,1,0,0.0,0,37.39,4,12348.08,0
118,199,8,8,0.7519,4.41,1,0,0.0,0,24.97,4,12348.08,1
1,199,3,3,0.6585,3.98,1,0,0.0,0,23.79,4,12348.08,0
169,199,12,94,0.8925,4.74,1,0,0.0,0,37.47,4,12348.08,0
38,199,4,21,0.6007,3.86,1,0,0.0,1,9.17,4,12348.08,0
52,199,5,44,0.6774,4.11,1,0,0.0,0,43.25,4,12348.08,0
45,199,3,15,0.682,4.39,1,0,0.0,0,40.52,4,12348.08,1
78,199,6,11,0.6434,4.05,1,0,0.0,0,15.14,4,12348.08,0
79,199,14,115,0.7531,4.18,1,0,0.0,0,15.34,4,12348.08,0
21,199,11,67,0.8869,4.52,1,0,0.0,0,45.92,4,12348.08,0
48,199,5,42,0.7483,4.16,1,0,0.0,0,39.21,4,12348.08,1
61,199,13,65,0.8096,4.39,1,0,0.0,0,25.75,4,12348.08,1
53,199,10,69,0.7795,4.46,1,0,0.0,0,29.53,4,12348.08,0
112,199,3,27,0.6391,4.32,1,1,1.0,0,33.46,4,12348.08,1
156,200,10,31,0.8442,4.54,3,0,0.0,0,19.2,1,6054.51,1
46,200,9,38,0.7151,4.33,3,1,0.3333,0,11.77,1,6054.51,1
197,200,14,61,0.817,4.58,3,0,0.0,0,13.71,1,6054.51,1
61,200,13,65,0.8096,4.39,3,0,0.0,0,17.2,1,6054.51,1
95,200,10,42,0.7047,4.06,3,0,0.0,0,22.44,1,6054.51,1
93,200,5,24,0.6821,4.37,3,2,0.6667,0,29.23,1,6054.51,1
88,200,14,70,0.8035,4.45,3,1,0.3333,0,48.2,1,6054.51,1
129,200,6,34,0.68,4.02,3,0,0.0,0,25.93,1,6054.51,1
1,200,3,3,0.6585,3.98,3,0,0.0,0,14.26,1,6054.51,0
157,200,3,10,0.6034,3.98,3,1,0.3333,0,23.85,1,6054.51,0
154,200,11,20,0.7965,4.53,3,1,0.3333,0,36.23,1,6054.51,1
193,200,10,47,0.7552,4.37,3,1,0.3333,0,42.28,1,6054.51,1
102,200,7,52,0.6535,4.16,3,1,0.3333,0,15.15,1,6054.51,1
20,200,5,21,0.67,4.22,3,0,0.0,1,7.02,1,6054.51,1
166,200,9,58,0.7486,4.2,3,0,0.0,0,36.15,1,6054.51,1
109,201,3,17,0.5429,4.17,1,0,0.0,0,23.4,2,13274.34,0
198,201,12,52,0.8669,4.36,1,0,0.0,0,24.59,2,13274.34,0
14,201,2,14,0.5687,4.27,1,0,0.0,0,49.23,2,13274.34,0
78,201,6,11,0.6434,4.05,1,0,0.0,0,25.34,2,13274.34,0
67,201,1,6,0.5154,3.62,1,0,0.0,0,16.02,2,13274.34,0
190,201,11,17,0.8808,4.43,1,0,0.0,0,47.37,2,13274.34,1
163,201,14,88,0.8498,4.65,1,1,1.0,0,17.9,2,13274.34,1
30,201,15,34,0.7842,4.19,1,1,1.0,0,39.11,2,13274.34,1
155,201,2,12,0.6036,4.08,1,0,0.0,0,11.94,2,13274.34,1
116,201,14,58,0.9278,4.5,1,0,0.0,0,14.86,2,13274.34,1
129,201,6,34,0.68,4.02,1,1,1.0,1,3.99,2,13274.34,1
96,201,1,13,0.6111,4.03,1,0,0.0,0,37.46,2,13274.34,1
200,201,15,40,0.7721,4.55,1,0,0.0,0,23.5,2,13274.34,1
122,201,5,21,0.7395,4.55,1,0,0.0,0,42.77,2,13274.34,1
183,201,0,5,0.5535,4.08,1,1,1.0,0,17.15,2,13274.34,1
5,202,12,24,0.8146,4.32,2,0,0.0,0,13.36,1,8192.37,1
115,202,7,36,0.7398,4.26,2,1,0.5,0,39.07,1,8192.37,1
84,202,1,9,0.5276,4.17,2,0,0.0,0,27.24,1,8192.37,1
77,202,10,45,0.8585,4.62,2,0,0.0,0,48.87,1,8192.37,1
163,202,14,88,0.8498,4.65,2,1,0.5,0,19.76,1,8192.37,1
10,202,1,4,0.6229,4.25,2,0,0.0,0,43.4,1,8192.37,0
153,202,15,110,0.8275,4.22,2,1,0.5,0,30.94,1,8192.37,1
29,202,12,19,0.7796,4.05,2,0,0.0,0,13.06,1,8192.37,1
92,202,7,48,0.6518,3.98,2,0,0.0,0,15.87,1,8192.37,0
188,202,14,18,0.8028,4.12,2,0,0.0,0,35.51,1,8192.37,0
137,202,15,123,0.8223,4.54,2,1,0.5,0,25.28,1,8192.37,0
190,202,11,17,0.8808,4.43,2,1,0.5,1,1.25,1,8192.37,1
102,202,7,52,0.6535,4.16,2,1,0.5,0,39.97,1,8192.37,1
64,202,4,5,0.7132,4.29,2,0,0.0,0,10.9,1,8192.37,0
45,202,3,15,0.682,4.39,2,0,0.0,0,20.27,1,8192.37,0
21,203,11,67,0.8869,4.52,3,1,0.3333,1,2.54,2,9607.16,0
111,203,15,84,0.7565,4.05,3,0,0.0,0,20.99,2,9607.16,0
30,203,15,34,0.7842,4.19,3,1,0.3333,0,17.43,2,9607.16,1
50,203,13,21,0.9208,4.86,3,0,0.0,0,11.83,2,9607.16,1
147,203,4,29,0.5625,4.11,3,0,0.0,0,17.25,2,9607.16,1
67,203,1,6,0.5154,3.62,3,0,0.0,0,10.2,2,9607.16,1
78,203,6,11,0.6434,4.05,3,1,0.3333,0,41.28,2,9607.16,1
158,203,5,9,0.6669,3.92,3,1,0.3333,0,20.99,2,9607.16,1
132,203,6,43,0.6389,4.32,3,0,0.0,0,41.61,2,9607.16,0
139,203,14,78,0.859,4.26,3,1,0.3333,0,13.89,2,9607.16,1
63,203,15,43,0.7991,4.38,3,2,0.6667,0,38.36,2,9607.16,1
178,203,14,58,0.9175,4.55,3,0,0.0,0,34.46,2,9607.16,1
13,203,4,36,0.6388,4.25,3,1,0.3333,0,34.37,2,9607.16,1
96,203,1,13,0.6111,4.03,3,2,0.6667,0,26.83,2,9607.16,1
122,203,5,21,0.7395,4.55,3,1,0.3333,0,31.66,2,9607.16,1
143,204,10,25,0.7739,4.57,2,0,0.0,0,25.6,1,1756.98,1
4,204,5,32,0.6362,3.89,2,0,0.0,0,36.43,1,1756.98,0
88,204,14,70,0.8035,4.45,2,1,0.5,0,13.14,1,1756.98,1
82,204,5,17,0.6139,4.05,2,0,0.0,0,49.4,1,1756.98,1
89,204,6,46,0.638,4.19,2,0,0.0,0,39.92,1,1756.98,1
114,204,5,15,0.6065,4.11,2,1,0.5,0,22.16,1,1756.98,1
39,204,15,47,0.913,4.8,2,0,0.0,0,28.06,1,1756.98,1
119,204,6,45,0.6451,4.26,2,0,0.0,0,16.24,1,1756.98,0
191,204,12,55,0.9253,4.61,2,0,0.0,0,34.97,1,1756.98,1
128,204,3,29,0.6131,4.0,2,0,0.0,0,26.62,1,1756.98,0
54,204,10,21,0.8473,4.63,2,0,0.0,0,40.06,1,1756.98,1
137,204,15,123,0.8223,4.54,2,1,0.5,0,39.76,1,1756.98,0
179,204,11,39,0.7301,4.52,2,0,0.0,0,25.01,1,1756.98,1
44,204,5,31,0.5795,4.13,2,0,0.0,0,25.14,1,1756.98,0
173,204,13,59,0.8717,4.36,2,1,0.5,0,14.94,1,1756.98,1
55,205,0,1,0.5,3.84,1,0,0.0,0,26.73,3,11085.13,0
29,205,12,19,0.7796,4.05,1,0,0.0,0,22.78,3,11085.13,1
147,205,4,29,0.5625,4.11,1,0,0.0,0,14.23,3,11085.13,0
75,205,7,60,0.7932,4.25,1,0,0.0,0,48.41,3,11085.13,0
46,205,9,38,0.7151,4.33,1,1,1.0,0,22.71,3,11085.13,1
41,205,2,6,0.5982,4.23,1,0,0.0,1,4.23,3,11085.13,0
197,205,14,61,0.817,4.58,1,0,0.0,1,5.2,3,11085.13,1
200,205,15,40,0.7721,4.55,1,1,1.0,0,43.05,3,11085.13,1
189,205,9,74,0.7467,4.48,1,0,0.0,0,46.96,3,11085.13,1
103,205,3,23,0.6748,4.16,1,0,0.0,0,21.54,3,11085.13,0
141,205,13,53,0.8697,4.44,1,1,1.0,0,23.36,3,11085.13,1
105,205,13,56,0.9182,4.61,1,0,0.0,0,16.89,3,11085.13,0
91,205,9,67,0.6878,4.03,1,1,1.0,0,25.33,3,11085.13,1
193,205,10,47,0.7552,4.37,1,0,0.0,0,48.97,3,11085.13,1
56,205,12,43,0.7766,4.46,1,0,0.0,0,35.46,3,11085.13,1
36,206,9,29,0.7539,4.33,2,0,0.0,0,28.88,1,4516.03,1
157,206,3,10,0.6034,3.98,2,2,1.0,0,24.81,1,4516.03,1
159,206,4,19,0.5685,3.83,2,1,0.5,0,45.34,1,4516.03,1
129,206,6,34,0.68,4.02,2,1,0.5,0,32.08,1,4516.03,0
21,206,11,67,0.8869,4.52,2,1,0.5,1,8.58,1,4516.03,1
154,206,11,20,0.7965,4.53,2,0,0.0,0,24.76,1,4516.03,0
147,206,4,29,0.5625,4.11,2,0,0.0,0,17.01,1,4516.03,0
188,206,14,18,0.8028,4.12,2,1,0.5,1,9.25,1,4516.03,1
105,206,13,56,0.9182,4.61,2,1,0.5,0,21.72,1,4516.03,1
6,206,3,15,0.5392,3.8,2,0,0.0,0,18.28,1,4516.03,0
84,206,1,9,0.5276,4.17,2,0,0.0,0,19.8,1,4516.03,0
64,206,4,5,0.7132,4.29,2,0,0.0,0,49.59,1,4516.03,0
43,206,11,82,0.8841,4.49,2,1,0.5,0,48.91,1,4516.03,1
146,206,8,9,0.6825,4.3,2,2,1.0,0,14.45,1,4516.03,1
161,206,2,17,0.5796,3.87,2,1,0.5,0,23.25,1,4516.03,0
41,207,2,6,0.5982,4.23,1,0,0.0,1,7.94,5,9200.11,0
63,207,15,43,0.7991,4.38,1,0,0.0,0,45.33,5,9200.11,0
119,207,6,45,0.6451,4.26,1,0,0.0,0,38.63,5,9200.11,0
185,207,0,4,0.6072,3.77,1,0,0.0,0,49.57,5,9200.11,0
18,207,10,72,0.7035,4.47,1,0,0.0,0,27.54,5,9200.11,0
2,207,2,20,0.5759,3.7,1,1,1.0,0,12.39,5,9200.11,1
192,207,13,23,0.8275,4.74,1,1,1.0,0,43.13,5,9200.11,1
9,207,5,39,0.7062,4.02,1,1,1.0,0,11.6,5,9200.11,1
175,207,13,33,0.897,4.75,1,0,0.0,0,47.1,5,9200.11,0
174,207,9,69,0.8377,4.27,1,1,1.0,1,4.68,5,9200.11,1
105,207,13,56,0.9182,4.61,1,0,0.0,0,14.14,5,9200.11,0
134,207,4,4,0.6145,4.23,1,0,0.0,1,7.7,5,9200.11,0
121,207,10,63,0.7316,4.05,1,1,1.0,0,41.66,5,9200.11,1
99,207,2,12,0.5454,3.7,1,1,1.0,0,24.66,5,9200.11,1
19,207,2,4,0.6317,4.28,1,0,0.0,0,15.68,5,9200.11,1
124,208,8,42,0.6722,4.08,2,0,0.0,0,23.7,5,8007.36,0
54,208,10,21,0.8473,4.63,2,0,0.0,0,23.23,5,8007.36,1
68,208,6,7,0.7118,4.07,2,0,0.0,0,20.32,5,8007.36,1
25,208,3,6,0.6436,4.02,2,1,0.5,0,11.43,5,8007.36,1
85,208,9,69,0.7612,4.22,2,0,0.0,0,30.87,5,8007.36,1
165,208,1,4,0.6024,4.33,2,0,0.0,0,45.21,5,8007.36,0
178,208,14,58,0.9175,4.55,2,0,0.0,0,38.55,5,8007.36,1
19,208,2,4,0.6317,4.28,2,0,0.0,0,38.63,5,8007.36,0
118,208,8,8,0.7519,4.41,2,1,0.5,0,22.19,5,8007.36,1
182,208,3,4,0.5679,4.06,2,1,0.5,0,36.93,5,8007.36,1
126,208,9,61,0.696,3.93,2,0,0.0,0,42.21,5,8007.36,1
193,208,10,47,0.7552,4.37,2,0,0.0,0,34.3,5,8007.36,0
63,208,15,43,0.7991,4.38,2,0,0.0,0,20.29,5,8007.36,1
194,208,14,19,0.8808,4.78,2,2,1.0,0,44.04,5,8007.36,1
67,208,1,6,0.5154,3.62,2,0,0.0,0,15.93,5,8007.36,1
94,209,12,46,0.8401,4.46,1,1,1.0,0,30.93,2,9869.46,1
185,209,0,4,0.6072,3.77,1,0,0.0,0,47.04,2,9869.46,0
131,209,10,41,0.878,4.7,1,0,0.0,0,44.83,2,9869.46,1
191,209,12,55,0.9253,4.61,1,0,0.0,0,29.36,2,9869.46,1
133,209,8,62,0.8271,4.73,1,0,0.0,0,36.75,2,9869.46,1
104,209,7,36,0.7242,4.18,1,0,0.0,0,18.99,2,9869.46,1
123,209,4,18,0.7048,4.35,1,1,1.0,0,16.0,2,9869.46,1
159,209,4,19,0.5685,3.83,1,0,0.0,0,39.15,2,9869.46,1
44,209,5,31,0.5795,4.13,1,1,1.0,0,17.88,2,9869.46,1
89,209,6,46,0.638,4.19,1,0,0.0,0,32.78,2,9869.46,0
165,209,1,4,0.6024,4.33,1,0,0.0,0,10.49,2,9869.46,0
40,209,4,20,0.5791,3.96,1,0,0.0,0,42.76,2,9869.46,0
151,209,15,82,0.8701,4.24,1,0,0.0,0,45.93,2,9869.46,0
129,209,6,34,0.68,4.02,1,0,0.0,0,24.54,2,9869.46,1
81,209,9,41,0.7165,4.37,1,0,0.0,0,35.06,2,9869.46,0
130,210,11,18,0.7967,4.2,2,1,0.5,0,41.89,5,7743.95,1
18,210,10,72,0.7035,4.47,2,0,0.0,0,47.45,5,7743.95,0
70,210,9,22,0.7792,4.61,2,2,1.0,0,19.13,5,7743.95,1
142,210,13,25,0.884,4.46,2,0,0.0,0,17.1,5,7743.95,0
137,210,15,123,0.8223,4.54,2,1,0.5,0,20.63,5,7743.95,1
190,210,11,17,0.8808,4.43,2,1,0.5,0,39.72,5,7743.95,1
138,210,4,8,0.5727,4.06,2,1,0.5,0,46.7,5,7743.95,0
21,210,11,67,0.8869,4.52,2,1,0.5,1,1.76,5,7743.95,1
15,210,8,57,0.7654,4.09,2,0,0.0,0,18.31,5,7743.95,1
115,210,7,36,0.7398,4.26,2,0,0.0,0,40.47,5,7743.95,0
146,210,8,9,0.6825,4.3,2,0,0.0,0,13.93,5,7743.95,0
134,210,4,4,0.6145,4.23,2,0,0.0,0,12.04,5,7743.95,0
64,210,4,5,0.7132,4.29,2,1,0.5,0,12.92,5,7743.95,1
63,210,15,43,0.7991,4.38,2,1,0.5,0,27.68,5,7743.95,1
66,210,10,58,0.7501,4.57,2,1,0.5,0,14.0,5,7743.95,1
154,211,11,20,0.7965,4.53,1,0,0.0,0,34.58,3,14809.8,1
125,211,0,5,0.6092,4.08,1,0,0.0,0,10.02,3,14809.8,0
77,211,10,45,0.8585,4.62,1,1,1.0,0,34.05,3,14809.8,1
146,211,8,9,0.6825,4.3,1,0,0.0,0,17.06,3,14809.8,1
3,211,6,51,0.717,4.27,1,0,0.0,0,30.57,3,14809.8,0
149,211,4,14,0.6858,3.91,1,0,0.0,0,21.99,3,14809.8,0
111,211,15,84,0.7565,4.05,1,0,0.0,0,19.96,3,14809.8,1
29,211,12,19,0.7796,4.05,1,0,0.0,0,32.45,3,14809.8,1
185,211,0,4,0.6072,3.77,1,0,0.0,0,27.6,3,14809.8,0
114,211,5,15,0.6065,4.11,1,0,0.0,0,47.83,3,14809.8,0
200,211,15,40,0.7721,4.55,1,0,0.0,0,22.77,3,14809.8,0
165,211,1,4,0.6024,4.33,1,0,0.0,0,28.82,3,14809.8,1
50,211,13,21,0.9208,4.86,1,1,1.0,0,12.62,3,14809.8,1
151,211,15,82,0.8701,4.24,1,0,0.0,0,22.19,3,14809.8,0
163,211,14,88,0.8498,4.65,1,0,0.0,1,4.71,3,14809.8,1
138,212,4,8,0.5727,4.06,1,1,1.0,1,7.01,5,6602.52,0
47,212,11,93,0.8167,4.53,1,0,0.0,0,18.41,5,6602.52,0
50,212,13,21,0.9208,4.86,1,0,0.0,1,3.58,5,6602.52,1
200,212,15,40,0.7721,4.55,1,0,0.0,0,25.85,5,6602.52,1
28,212,0,1,0.6167,4.27,1,1,1.0,0,16.32,5,6602.52,1
196,212,14,18,0.7727,4.18,1,1,1.0,0,23.03,5,6602.52,1
60,212,10,79,0.7145,4.03,1,0,0.0,0,28.95,5,6602.52,0
55,212,0,1,0.5,3.84,1,1,1.0,0,26.68,5,6602.52,1
79,212,14,115,0.7531,4.18,1,0,0.0,0,19.15,5,6602.52,1
129,212,6,34,0.68,4.02,1,0,0.0,0,47.37,5,6602.52,0
82,212,5,17,0.6139,4.05,1,0,0.0,1,4.02,5,6602.52,1
197,212,14,61,0.817,4.58,1,0,0.0,1,7.4,5,6602.52,0
136,212,7,46,0.6328,4.26,1,0,0.0,0,22.61,5,6602.52,1
121,212,10,63,0.7316,4.05,1,0,0.0,0,32.53,5,6602.52,0
27,212,8,37,0.695,4.45,1,0,0.0,0,10.23,5,6602.52,0
15,213,8,57,0.7654,4.09,3,1,0.3333,0,21.79,1,9016.77,1
105,213,13,56,0.9182,4.61,3,2,0.6667,1,3.56,1,9016.77,1
91,213,9,67,0.6878,4.03,3,1,0.3333,0,23.03,1,9016.77,1
166,213,9,58,0.7486,4.2,3,0,0.0,0,17.98,1,9016.77,1
36,213,9,29,0.7539,4.33,3,0,0.0,0,30.12,1,9016.77,0
117,213,12,73,0.7692,4.26,3,0,0.0,0,14.27,1,9016.77,1
197,213,14,61,0.817,4.58,3,0,0.0,0,23.02,1,9016.77,1
71,213,7,13,0.7505,4.18,3,0,0.0,0,38.85,1,9016.77,1
5,213,12,24,0.8146,4.32,3,1,0.3333,0,48.85,1,9016.77,1
181,213,8,21,0.8003,4.42,3,2,0.6667,0,36.38,1,9016.77,1
52,213,5,44,0.6774,4.11,3,0,0.0,1,9.13,1,9016.77,1
54,213,10,21,0.8473,4.63,3,1,0.3333,0,21.21,1,9016.77,1
170,213,11,13,0.7903,4.18,3,1,0.3333,0,25.0,1,9016.77,1
184,213,13,36,0.8696,4.27,3,0,0.0,0,35.59,1,9016.77,1
66,213,10,58,0.7501,4.57,3,2,0.6667,0,24.78,1,9016.77,1
29,214,12,19,0.7796,4.05,2,0,0.0,0,13.52,4,14255.86,1
121,214,10,63,0.7316,4.05,2,0,0.0,0,32.91,4,14255.86,0
35,214,3,5,0.6218,4.07,2,1,0.5,0,20.43,4,14255.86,1
192,214,13,23,0.8275,4.74,2,0,0.0,0,21.66,4,14255.86,1
19,214,2,4,0.6317,4.28,2,0,0.0,0,40.88,4,14255.86,1
84,214,1,9,0.5276,4.17,2,1,0.5,0,41.44,4,14255.86,0
199,214,15,81,0.8197,4.46,2,1,0.5,0,22.56,4,14255.86,1
188,214,14,18,0.8028,4.12,2,0,0.0,0,46.2,4,14255.86,1
106,214,14,82,0.8372,4.36,2,1,0.5,0,45.38,4,14255.86,1
39,214,15,47,0.913,4.8,2,1,0.5,0,28.73,4,14255.86,1
151,214,15,82,0.8701,4.24,2,1,0.5,0,23.32,4,14255.86,1
77,214,10,45,0.8585,4.62,2,0,0.0,0,38.16,4,14255.86,1
147,214,4,29,0.5625,4.11,2,0,0.0,1,7.6,4,14255.86,1
52,214,5,44,0.6774,4.11,2,1,0.5,1,1.63,4,14255.86,1
144,214,9,54,0.6936,4.2,2,1,0.5,0,25.85,4,14255.86,1
13,215,4,36,0.6388,4.25,3,1,0.3333,0,23.35,1,10676.25,1
136,215,7,46,0.6328,4.26,3,1,0.3333,0,13.02,1,10676.25,1
16,215,8,40,0.7872,4.37,3,1,0.3333,0,32.33,1,10676.25,1
132,215,6,43,0.6389,4.32,3,0,0.0,0,16.33,1,10676.25,1
96,215,1,13,0.6111,4.03,3,1,0.3333,0,44.06,1,10676.25,1
5,215,12,24,0.8146,4.32,3,0,0.0,0,28.74,1,10676.25,1
145,215,11,25,0.8623,4.55,3,0,0.0,1,2.31,1,10676.25,1
112,215,3,27,0.6391,4.32,3,1,0.3333,0,37.36,1,10676.25,0
9,215,5,39,0.7062,4.02,3,1,0.3333,1,4.92,1,10676.25,0
130,215,11,18,0.7967,4.2,3,0,0.0,0,49.77,1,10676.25,1
84,215,1,9,0.5276,4.17,3,0,0.0,0,23.22,1,10676.25,1
138,215,4,8,0.5727,4.06,3,3,1.0,0,33.01,1,10676.25,1
126,215,9,61,0.696,3.93,3,1,0.3333,0,41.24,1,10676.25,1
73,215,3,16,0.6979,4.29,3,1,0.3333,0,47.94,1,10676.25,0
148,215,6,30,0.6756,4.07,3,0,0.0,0,26.06,1,10676.25,1
160,216,15,74,0.8858,4.7,3,1,0.3333,0,36.14,1,1712.16,1
100,216,14,66,0.7598,4.33,3,1,0.3333,0,42.86,1,1712.16,0
5,216,12,24,0.8146,4.32,3,0,0.0,1,8.99,1,1712.16,1
3,216,6,51,0.717,4.27,3,1,0.3333,0,33.07,1,1712.16,1
58,216,14,34,0.8839,4.53,3,1,0.3333,1,1.91,1,1712.16,1
83,216,7,30,0.6573,3.84,3,0,0.0,0,14.04,1,1712.16,1
110,216,2,17,0.6407,3.96,3,1,0.3333,0,47.78,1,1712.16,1
39,216,15,47,0.913,4.8,3,2,0.6667,0,15.09,1,1712.16,1
67,216,1,6,0.5154,3.62,3,0,0.0,0,12.77,1,1712.16,0
150,216,14,67,0.7992,4.54,3,0,0.0,0,47.14,1,1712.16,1
173,216,13,59,0.8717,4.36,3,1,0.3333,0,18.07,1,1712.16,1
197,216,14,61,0.817,4.58,3,1,0.3333,0,49.64,1,1712.16,1
84,216,1,9,0.5276,4.17,3,0,0.0,0,46.8,1,1712.16,0
137,216,15,123,0.8223,4.54,3,1,0.3333,0,11.09,1,1712.16,1
118,216,8,8,0.7519,4.41,3,0,0.0,0,47.78,1,1712.16,1
97,217,2,17,0.5626,3.86,3,1,0.3333,0,42.58,1,9003.34,1
7,217,1,11,0.516,3.75,3,0,0.0,0,17.0,1,9003.34,0
114,217,5,15,0.6065,4.11,3,1,0.3333,1,7.38,1,9003.34,1
191,217,12,55,0.9253,4.61,3,0,0.0,0,40.26,1,9003.34,1
190,217,11,17,0.8808,4.43,3,0,0.0,0,29.56,1,9003.34,1
54,217,10,21,0.8473,4.63,3,2,0.6667,0,39.99,1,9003.34,1
98,217,15,51,0.8693,4.45,3,0,0.0,0,17.64,1,9003.34,0
13,217,4,36,0.6388,4.25,3,1,0.3333,0,41.99,1,9003.34,1
115,217,7,36,0.7398,4.26,3,1,0.3333,0,20.21,1,9003.34,1
113,217,1,6,0.6183,3.94,3,2,0.6667,0,28.28,1,9003.34,1
103,217,3,23,0.6748,4.16,3,0,0.0,0,42.14,1,9003.34,1
51,217,13,54,0.8224,4.31,3,0,0.0,0,44.3,1,9003.34,1
53,217,10,69,0.7795,4.46,3,1,0.3333,0,47.83,1,9003.34,1
198,217,12,52,0.8669,4.36,3,1,0.3333,0,27.37,1,9003.34,1
152,217,6,25,0.7702,4.5,3,1,0.3333,0,22.03,1,9003.34,0
22,218,0,5,0.5497,3.99,2,0,0.0,1,0.59,4,4044.96,0
167,218,2,12,0.517,3.99,2,0,0.0,0,15.61,4,4044.96,0
165,218,1,4,0.6024,4.33,2,0,0.0,0,11.56,4,4044.96,0
100,218,14,66,0.7598,4.33,2,1,0.5,0,18.39,4,4044.96,1
121,218,10,63,0.7316,4.05,2,0,0.0,0,21.72,4,4044.96,0
5,218,12,24,0.8146,4.32,2,0,0.0,0,42.93,4,4044.96,1
71,218,7,13,0.7505,4.18,2,0,0.0,0,16.99,4,4044.96,0
187,218,10,32,0.8495,4.59,2,0,0.0,0,16.06,4,4044.96,0
166,218,9,58,0.7486,4.2,2,0,0.0,0,36.75,4,4044.96,1
83,218,7,30,0.6573,3.84,2,0,0.0,0,47.0,4,4044.96,0
12,218,7,54,0.726,4.11,2,1,0.5,0,11.2,4,4044.96,1
37,218,9,22,0.844,4.25,2,0,0.0,0,26.15,4,4044.96,1
64,218,4,5,0.7132,4.29,2,1,0.5,1,8.49,4,4044.96,1
46,218,9,38,0.7151,4.33,2,0,0.0,0,11.14,4,4044.96,1
145,218,11,25,0.8623,4.55,2,0,0.0,0,11.14,4,4044.96,1
189,219,9,74,0.7467,4.48,1,0,0.0,0,45.89,3,9328.07,1
37,219,9,22,0.844,4.25,1,0,0.0,0,49.53,3,9328.07,1
105,219,13,56,0.9182,4.61,1,1,1.0,0,29.03,3,9328.07,0
12,219,7,54,0.726,4.11,1,0,0.0,1,8.63,3,9328.07,1
139,219,14,78,0.859,4.26,1,1,1.0,0,15.38,3,9328.07,1
97,219,2,17,0.5626,3.86,1,0,0.0,0,35.47,3,9328.07,1
196,219,14,18,0.7727,4.18,1,0,0.0,0,28.78,3,9328.07,0
154,219,11,20,0.7965,4.53,1,1,1.0,0,15.13,3,9328.07,1
185,219,0,4,0.6072,3.77,1,0,0.0,0,24.62,3,9328.07,0
135,219,1,3,0.6085,4.06,1,1,1.0,0,38.65,3,9328.07,1
44,219,5,31,0.5795,4.13,1,0,0.0,0,39.95,3,9328.07,0
41,219,2,6,0.5982,4.23,1,0,0.0,1,2.36,3,9328.07,1
26,219,10,23,0.7448,4.1,1,0,0.0,0,15.19,3,9328.07,0
4,219,5,32,0.6362,3.89,1,0,0.0,0,19.02,3,9328.07,1
90,219,2,7,0.5005,3.82,1,0,0.0,1,1.4,3,9328.07,1
158,220,5,9,0.6669,3.92,3,0,0.0,0,30.68,2,10671.74,0
27,220,8,37,0.695,4.45,3,1,0.3333,0,20.67,2,10671.74,0
64,220,4,5,0.7132,4.29,3,0,0.0,0,23.12,2,10671.74,1
58,220,14,34,0.8839,4.53,3,0,0.0,0,15.81,2,10671.74,0
65,220,4,33,0.5827,3.85,3,0,0.0,0,44.03,2,10671.74,0
48,220,5,42,0.7483,4.16,3,0,0.0,0,41.99,2,10671.74,0
187,220,10,32,0.8495,4.59,3,2,0.6667,0,41.77,2,10671.74,0
169,220,12,94,0.8925,4.74,3,0,0.0,0,10.57,2,10671.74,1
78,220,6,11,0.6434,4.05,3,0,0.0,0,43.42,2,10671.74,1
85,220,9,69,0.7612,4.22,3,1,0.3333,0,25.87,2,10671.74,1
182,220,3,4,0.5679,4.06,3,1,0.3333,0,29.23,2,10671.74,0
119,220,6,45,0.6451,4.26,3,1,0.3333,1,2.28,2,10671.74,0
172,220,4,28,0.5778,3.8,3,1,0.3333,0,48.83,2,10671.74,1
152,220,6,25,0.7702,4.5,3,2,0.6667,0,49.71,2,10671.74,1
134,220,4,4,0.6145,4.23,3,2,0.6667,0,20.51,2,10671.74,1
191,221,12,55,0.9253,4.61,2,1,0.5,0,36.72,3,11853.31,1
72,221,1,6,0.5709,4.07,2,0,0.0,0,30.76,3,11853.31,1
168,221,2,20,0.6195,4.32,2,0,0.0,0,24.62,3,11853.31,0
197,221,14,61,0.817,4.58,2,2,1.0,0,48.59,3,11853.31,1
132,221,6,43,0.6389,4.32,2,0,0.0,0,19.09,3,11853.31,1
87,221,2,9,0.5213,4.05,2,1,0.5,0,14.45,3,11853.31,1
48,221,5,42,0.7483,4.16,2,1,0.5,0,21.83,3,11853.31,0
66,221,10,58,0.7501,4.57,2,0,0.0,0,22.28,3,11853.31,1
88,221,14,70,0.8035,4.45,2,0,0.0,0,49.37,3,11853.31,1
125,221,0,5,0.6092,4.08,2,0,0.0,0,44.68,3,11853.31,0
198,221,12,52,0.8669,4.36,2,0,0.0,0,25.9,3,11853.31,0
141,221,13,53,0.8697,4.44,2,1,0.5,0,49.94,3,11853.31,1
117,221,12,73,0.7692,4.26,2,0,0.0,0,43.6,3,11853.31,1
170,221,11,13,0.7903,4.18,2,1,0.5,0,10.67,3,11853.31,1
25,221,3,6,0.6436,4.02,2,0,0.0,0,24.16,3,11853.31,0
39,222,15,47,0.913,4.8,1,0,0.0,0,16.63,3,11371.76,1
145,222,11,25,0.8623,4.55,1,0,0.0,0,34.73,3,11371.76,0
136,222,7,46,0.6328,4.26,1,0,0.0,0,40.04,3,11371.76,1
135,222,1,3,0.6085,4.06,1,1,1.0,0,47.69,3,11371.76,1
13,222,4,36,0.6388,4.25,1,0,0.0,0,44.33,3,11371.76,1
137,222,15,123,0.8223,4.54,1,1,1.0,0,48.36,3,11371.76,1
93,222,5,24,0.6821,4.37,1,1,1.0,0,21.86,3,11371.76,1
139,222,14,78,0.859,4.26,1,0,0.0,0,48.88,3,11371.76,0
59,222,15,95,0.7931,4.34,1,1,1.0,0,28.72,3,11371.76,1
178,222,14,58,0.9175,4.55,1,0,0.0,0,47.53,3,11371.76,1
43,222,11,82,0.8841,4.49,1,0,0.0,0,20.05,3,11371.76,1
96,222,1,13,0.6111,4.03,1,0,0.0,0,22.46,3,11371.76,0
41,222,2,6,0.5982,4.23,1,0,0.0,0,34.52,3,11371.76,0
26,222,10,23,0.7448,4.1,1,0,0.0,0,12.37,3,11371.76,1
175,222,13,33,0.897,4.75,1,1,1.0,1,1.87,3,11371.76,1
196,223,14,18,0.7727,4.18,3,1,0.3333,0,14.94,1,4443.72,1
63,223,15,43,0.7991,4.38,3,0,0.0,1,9.47,1,4443.72,1
101,223,4,22,0.6289,4.2,3,0,0.0,0,27.74,1,4443.72,0
41,223,2,6,0.5982,4.23,3,0,0.0,0,40.42,1,4443.72,1
166,223,9,58,0.7486,4.2,3,1,0.3333,0,14.69,1,4443.72,1
108,223,15,105,0.9144,4.52,3,2,0.6667,0,14.1,1,4443.72,1
152,223,6,25,0.7702,4.5,3,3,1.0,0,28.84,1,4443.72,1
50,223,13,21,0.9208,4.86,3,1,0.3333,0,21.95,1,4443.72,1
64,223,4,5,0.7132,4.29,3,0,0.0,0,39.72,1,4443.72,1
90,223,2,7,0.5005,3.82,3,1,0.3333,0,12.82,1,4443.72,0
19,223,2,4,0.6317,4.28,3,0,0.0,0,46.42,1,4443.72,1
58,223,14,34,0.8839,4.53,3,0,0.0,0,20.88,1,4443.72,0
71,223,7,13,0.7505,4.18,3,0,0.0,0,25.26,1,4443.72,0
36,223,9,29,0.7539,4.33,3,0,0.0,0,14.51,1,4443.72,1
103,223,3,23,0.6748,4.16,3,0,0.0,0,33.4,1,4443.72,0
178,224,14,58,0.9175,4.55,2,1,0.5,0,43.47,3,7100.37,0
125,224,0,5,0.6092,4.08,2,1,0.5,0,26.87,3,7100.37,0
195,224,12,58,0.8424,4.62,2,0,0.0,0,44.61,3,7100.37,1
75,224,7,60,0.7932,4.25,2,0,0.0,1,7.38,3,7100.37,1
58,224,14,34,0.8839,4.53,2,0,0.0,0,20.07,3,7100.37,1
134,224,4,4,0.6145,4.23,2,0,0.0,0,26.79,3,7100.37,0
27,224,8,37,0.695,4.45,2,0,0.0,1,9.84,3,7100.37,1
23,224,7,11,0.788,4.58,2,0,0.0,0,14.05,3,7100.37,0
188,224,14,18,0.8028,4.12,2,0,0.0,0,19.71,3,7100.37,1
155,224,2,12,0.6036,4.08,2,1,0.5,0,33.64,3,7100.37,1
154,224,11,20,0.7965,4.53,2,0,0.0,0,14.16,3,7100.37,0
93,224,5,24,0.6821,4.37,2,1,0.5,0,38.34,3,7100.37,1
62,224,0,5,0.5185,3.59,2,1,0.5,0,43.5,3,7100.37,1
171,224,4,13,0.5639,4.17,2,0,0.0,0,30.76,3,7100.37,0
127,224,7,41,0.6494,4.09,2,1,0.5,0,25.3,3,7100.37,1
152,225,6,25,0.7702,4.5,1,0,0.0,0,38.73,2,2919.78,1
165,225,1,4,0.6024,4.33,1,0,0.0,0,35.88,2,2919.78,0
26,225,10,23,0.7448,4.1,1,0,0.0,0,28.43,2,2919.78,0
148,225,6,30,0.6756,4.07,1,0,0.0,0,11.49,2,2919.78,1
25,225,3,6,0.6436,4.02,1,0,0.0,0,42.21,2,2919.78,0
31,225,1,1,0.5802,4.0,1,0,0.0,0,27.27,2,2919.78,0
196,225,14,18,0.7727,4.18,1,0,0.0,0,18.64,2,2919.78,1
62,225,0,5,0.5185,3.59,1,0,0.0,0,35.22,2,2919.78,0
93,225,5,24,0.6821,4.37,1,1,1.0,0,21.69,2,2919.78,1
149,225,4,14,0.6858,3.91,1,1,1.0,0,11.13,2,2919.78,1
173,225,13,59,0.8717,4.36,1,1,1.0,0,45.64,2,2919.78,1
182,225,3,4,0.5679,4.06,1,1,1.0,1,6.99,2,2919.78,1
155,225,2,12,0.6036,4.08,1,0,0.0,0,48.62,2,2919.78,1
108,225,15,105,0.9144,4.52,1,0,0.0,0,41.35,2,2919.78,1
101,225,4,22,0.6289,4.2,1,0,0.0,0,37.96,2,2919.78,0
197,226,14,61,0.817,4.58,2,0,0.0,0,44.27,1,11241.31,1
42,226,1,5,0.5406,4.18,2,2,1.0,0,34.66,1,11241.31,1
54,226,10,21,0.8473,4.63,2,0,0.0,0,43.45,1,11241.31,1
143,226,10,25,0.7739,4.57,2,0,0.0,0,43.15,1,11241.31,1
198,226,12,52,0.8669,4.36,2,0,0.0,0,38.88,1,11241.31,1
141,226,13,53,0.8697,4.44,2,2,1.0,0,22.52,1,11241.31,1
166,226,9,58,0.7486,4.2,2,0,0.0,0,17.45,1,11241.31,1
83,226,7,30,0.6573,3.84,2,0,0.0,0,20.59,1,11241.31,0
190,226,11,17,0.8808,4.43,2,1,0.5,0,24.02,1,11241.31,1
103,226,3,23,0.6748,4.16,2,0,0.0,0,45.83,1,11241.31,0
193,226,10,47,0.7552,4.37,2,0,0.0,0,48.37,1,11241.31,1
90,226,2,7,0.5005,3.82,2,0,0.0,0,14.46,1,11241.31,0
200,226,15,40,0.7721,4.55,2,1,0.5,0,46.35,1,11241.31,1
45,226,3,15,0.682,4.39,2,0,0.0,1,5.82,1,11241.31,0
128,226,3,29,0.6131,4.0,2,0,0.0,0,31.53,1,11241.31,1
179,227,11,39,0.7301,4.52,1,1,1.0,0,15.32,3,1166.73,1
20,227,5,21,0.67,4.22,1,0,0.0,1,8.53,3,1166.73,0
51,227,13,54,0.8224,4.31,1,0,0.0,0,45.06,3,1166.73,0
24,227,6,40,0.6238,4.33,1,0,0.0,0,34.54,3,1166.73,0
183,227,0,5,0.5535,4.08,1,1,1.0,0,22.95,3,1166.73,1
154,227,11,20,0.7965,4.53,1,0,0.0,0,43.05,3,1166.73,1
170,227,11,13,0.7903,4.18,1,0,0.0,1,1.97,3,1166.73,0
104,227,7,36,0.7242,4.18,1,0,0.0,0,11.05,3,1166.73,1
68,227,6,7,0.7118,4.07,1,0,0.0,0,37.8,3,1166.73,1
38,227,4,21,0.6007,3.86,1,0,0.0,0,45.01,3,1166.73,0
184,227,13,36,0.8696,4.27,1,0,0.0,0,42.46,3,1166.73,1
88,227,14,70,0.8035,4.45,1,1,1.0,0,21.87,3,1166.73,1
137,227,15,123,0.8223,4.54,1,0,0.0,0,44.3,3,1166.73,1
91,227,9,67,0.6878,4.03,1,0,0.0,0,27.56,3,1166.73,0
102,227,7,52,0.6535,4.16,1,0,0.0,0,49.93,3,1166.73,1
48,228,5,42,0.7483,4.16,2,1,0.5,0,22.81,4,8516.54,1
133,228,8,62,0.8271,4.73,2,1,0.5,0,48.32,4,8516.54,1
149,228,4,14,0.6858,3.91,2,1,0.5,0,44.4,4,8516.54,0
103,228,3,23,0.6748,4.16,2,0,0.0,0,19.88,4,8516.54,0
161,228,2,17,0.5796,3.87,2,0,0.0,0,15.15,4,8516.54,0
148,228,6,30,0.6756,4.07,2,0,0.0,0,41.37,4,8516.54,0
100,228,14,66,0.7598,4.33,2,1,0.5,0,29.03,4,8516.54,1
192,228,13,23,0.8275,4.74,2,0,0.0,0,42.29,4,8516.54,1
67,228,1,6,0.5154,3.62,2,0,0.0,1,7.34,4,8516.54,0
181,228,8,21,0.8003,4.42,2,1,0.5,0,35.8,4,8516.54,1
94,228,12,46,0.8401,4.46,2,0,0.0,0,49.4,4,8516.54,1
68,228,6,7,0.7118,4.07,2,1,0.5,0,32.97,4,8516.54,1
111,228,15,84,0.7565,4.05,2,0,0.0,0,34.75,4,8516.54,1
95,228,10,42,0.7047,4.06,2,0,0.0,0,27.45,4,8516.54,0
61,228,13,65,0.8096,4.39,2,1,0.5,1,2.13,4,8516.54,1
144,229,9,54,0.6936,4.2,1,1,1.0,0,11.1,3,6535.72,1
167,229,2,12,0.517,3.99,1,1,1.0,0,27.23,3,6535.72,1
15,229,8,57,0.7654,4.09,1,0,0.0,0,15.33,3,6535.72,1
89,229,6,46,0.638,4.19,1,0,0.0,0,36.47,3,6535.72,1
123,229,4,18,0.7048,4.35,1,0,0.0,0,37.89,3,6535.72,1
181,229,8,21,0.8003,4.42,1,0,0.0,0,19.3,3,6535.72,0
38,229,4,21,0.6007,3.86,1,0,0.0,0,30.32,3,6535.72,0
17,229,11,31,0.8221,4.6,1,0,0.0,0,40.65,3,6535.72,0
175,229,13,33,0.897,4.75,1,1,1.0,0,33.47,3,6535.72,1
91,229,9,67,0.6878,4.03,1,0,0.0,0,48.84,3,6535.72,1
185,229,0,4,0.6072,3.77,1,1,1.0,0,40.18,3,6535.72,1
71,229,7,13,0.7505,4.18,1,0,0.0,0,40.98,3,6535.72,1
146,229,8,9,0.6825,4.3,1,1,1.0,0,12.55,3,6535.72,1
65,229,4,33,0.5827,3.85,1,1,1.0,0,16.45,3,6535.72,1
187,229,10,32,0.8495,4.59,1,0,0.0,0,49.19,3,6535.72,0
46,230,9,38,0.7151,4.33,2,1,0.5,0,42.2,1,7779.59,1
47,230,11,93,0.8167,4.53,2,1,0.5,0,28.98,1,7779.59,1
8,230,8,37,0.7644,4.24,2,1,0.5,0,17.32,1,7779.59,1
167,230,2,12,0.517,3.99,2,1,0.5,0,17.1,1,7779.59,1
127,230,7,41,0.6494,4.09,2,1,0.5,0,20.08,1,7779.59,1
187,230,10,32,0.8495,4.59,2,1,0.5,0,20.42,1,7779.59,1
31,230,1,1,0.5802,4.0,2,0,0.0,0,24.05,1,7779.59,0
85,230,9,69,0.7612,4.22,2,1,0.5,0,13.26,1,7779.59,1
23,230,7,11,0.788,4.58,2,0,0.0,1,1.39,1,7779.59,1
25,230,3,6,0.6436,4.02,2,1,0.5,0,45.17,1,7779.59,1
104,230,7,36,0.7242,4.18,2,1,0.5,0,32.29,1,7779.59,1
147,230,4,29,0.5625,4.11,2,0,0.0,0,13.82,1,7779.59,1
180,230,9,69,0.8003,4.17,2,1,0.5,0,49.41,1,7779.59,1
176,230,3,25,0.6773,4.38,2,0,0.0,0,23.07,1,7779.59,1
100,230,14,66,0.7598,4.33,2,0,0.0,0,42.0,1,7779.59,1
96,231,1,13,0.6111,4.03,1,0,0.0,0,24.97,4,14730.5,1
18,231,10,72,0.7035,4.47,1,1,1.0,0,27.63,4,14730.5,1
45,231,3,15,0.682,4.39,1,0,0.0,0,40.88,4,14730.5,0
49,231,3,15,0.6869,4.0,1,1,1.0,0,42.57,4,14730.5,1
163,231,14,88,0.8498,4.65,1,1,1.0,0,34.88,4,14730.5,1
159,231,4,19,0.5685,3.83,1,0,0.0,0,45.53,4,14730.5,0
128,231,3,29,0.6131,4.0,1,0,0.0,0,14.81,4,14730.5,0
47,231,11,93,0.8167,4.53,1,0,0.0,1,9.38,4,14730.5,1
138,231,4,8,0.5727,4.06,1,0,0.0,0,37.32,4,14730.5,0
56,231,12,43,0.7766,4.46,1,1,1.0,0,16.7,4,14730.5,1
89,231,6,46,0.638,4.19,1,0,0.0,0,17.73,4,14730.5,1
25,231,3,6,0.6436,4.02,1,1,1.0,0,34.53,4,14730.5,1
175,231,13,33,0.897,4.75,1,0,0.0,0,28.19,4,14730.5,0
40,231,4,20,0.5791,3.96,1,0,0.0,0,43.27,4,14730.5,0
154,231,11,20,0.7965,4.53,1,0,0.0,0,47.76,4,14730.5,0
17,232,11,31,0.8221,4.6,1,0,0.0,0,40.18,3,11716.15,1
87,232,2,9,0.5213,4.05,1,0,0.0,0,43.91,3,11716.15,1
64,232,4,5,0.7132,4.29,1,0,0.0,0,36.19,3,11716.15,0
94,232,12,46,0.8401,4.46,1,0,0.0,0,32.52,3,11716.15,0
37,232,9,22,0.844,4.25,1,0,0.0,0,30.87,3,11716.15,0
62,232,0,5,0.5185,3.59,1,0,0.0,0,35.73,3,11716.15,0
126,232,9,61,0.696,3.93,1,1,1.0,0,15.42,3,11716.15,1
49,232,3,15,0.6869,4.0,1,0,0.0,0,21.72,3,11716.15,0
104,232,7,36,0.7242,4.18,1,0,0.0,0,26.17,3,11716.15,1
11,232,6,47,0.6899,4.42,1,0,0.0,0,29.62,3,11716.15,1
92,232,7,48,0.6518,3.98,1,0,0.0,0,22.86,3,11716.15,0
16,232,8,40,0.7872,4.37,1,0,0.0,0,25.55,3,11716.15,1
123,232,4,18,0.7048,4.35,1,0,0.0,0,41.45,3,11716.15,1
169,232,12,94,0.8925,4.74,1,0,0.0,0,37.36,3,11716.15,1
182,232,3,4,0.5679,4.06,1,1,1.0,0,43.25,3,11716.15,1
23,233,7,11,0.788,4.58,2,0,0.0,0,17.53,2,615.55,0
79,233,14,115,0.7531,4.18,2,0,0.0,0,12.1,2,615.55,0
151,233,15,82,0.8701,4.24,2,0,0.0,0,44.95,2,615.55,0
192,233,13,23,0.8275,4.74,2,2,1.0,0,30.96,2,615.55,1
147,233,4,29,0.5625,4.11,2,1,0.5,0,24.83,2,615.55,1
139,233,14,78,0.859,4.26,2,0,0.0,0,46.43,2,615.55,1
45,233,3,15,0.682,4.39,2,0,0.0,0,48.0,2,615.55,0
165,233,1,4,0.6024,4.33,2,0,0.0,0,38.5,2,615.55,1
81,233,9,41,0.7165,4.37,2,1,0.5,0,18.14,2,615.55,1
190,233,11,17,0.8808,4.43,2,0,0.0,0,35.62,2,615.55,1
13,233,4,36,0.6388,4.25,2,0,0.0,0,46.88,2,615.55,1
137,233,15,123,0.8223,4.54,2,1,0.5,1,7.05,2,615.55,1
8,233,8,37,0.7644,4.24,2,1,0.5,0,10.19,2,615.55,1
78,233,6,11,0.6434,4.05,2,0,0.0,0,42.55,2,615.55,0
99,233,2,12,0.5454,3.7,2,1,0.5,0,49.38,2,615.55,0
59,234,15,95,0.7931,4.34,2,1,0.5,0,44.55,3,4017.47,1
96,234,1,13,0.6111,4.03,2,0,0.0,0,18.2,3,4017.47,0
103,234,3,23,0.6748,4.16,2,0,0.0,0,39.47,3,4017.47,1
12,234,7,54,0.726,4.11,2,1,0.5,1,7.06,3,4017.47,1
40,234,4,20,0.5791,3.96,2,0,0.0,0,26.55,3,4017.47,1
37,234,9,22,0.844,4.25,2,0,0.0,0,46.04,3,4017.47,0
154,234,11,20,0.7965,4.53,2,0,0.0,0,29.53,3,4017.47,1
64,234,4,5,0.7132,4.29,2,0,0.0,0,35.06,3,4017.47,1
160,234,15,74,0.8858,4.7,2,0,0.0,0,37.84,3,4017.47,1
172,234,4,28,0.5778,3.8,2,0,0.0,1,6.8,3,4017.47,1
67,234,1,6,0.5154,3.62,2,0,0.0,0,35.5,3,4017.47,1
109,234,3,17,0.5429,4.17,2,0,0.0,0,46.09,3,4017.47,0
175,234,13,33,0.897,4.75,2,0,0.0,0,17.33,3,4017.47,1
147,234,4,29,0.5625,4.11,2,0,0.0,0,47.74,3,4017.47,1
182,234,3,4,0.5679,4.06,2,2,1.0,1,6.97,3,4017.47,1
102,235,7,52,0.6535,4.16,3,2,0.6667,0,49.82,4,592.48,1
73,235,3,16,0.6979,4.29,3,0,0.0,0,14.37,4,592.48,1
138,235,4,8,0.5727,4.06,3,1,0.3333,0,43.32,4,592.48,1
74,235,8,47,0.7955,4.4,3,0,0.0,0,40.5,4,592.48,0
146,235,8,9,0.6825,4.3,3,0,0.0,0,19.67,4,592.48,0
67,235,1,6,0.5154,3.62,3,1,0.3333,0,27.52,4,592.48,1
28,235,0,1,0.6167,4.27,3,2,0.6667,1,6.17,4,592.48,1
195,235,12,58,0.8424,4.62,3,0,0.0,1,9.37,4,592.48,0
31,235,1,1,0.5802,4.0,3,1,0.3333,0,17.56,4,592.48,1
52,235,5,44,0.6774,4.11,3,1,0.3333,0,22.72,4,592.48,1
23,235,7,11,0.788,4.58,3,1,0.3333,0,47.94,4,592.48,1
143,235,10,25,0.7739,4.57,3,0,0.0,0,48.02,4,592.48,0
128,235,3,29,0.6131,4.0,3,0,0.0,0,24.0,4,592.48,1
33,235,2,15,0.6183,4.1,3,1,0.3333,0,35.77,4,592.48,1
133,235,8,62,0.8271,4.73,3,0,0.0,0,16.12,4,592.48,1
17,236,11,31,0.8221,4.6,1,0,0.0,1,5.79,1,5523.14,1
58,236,14,34,0.8839,4.53,1,0,0.0,0,48.57,1,5523.14,1
48,236,5,42,0.7483,4.16,1,0,0.0,0,37.39,1,5523.14,1
161,236,2,17,0.5796,3.87,1,0,0.0,0,31.37,1,5523.14,0
50,236,13,21,0.9208,4.86,1,0,0.0,0,16.8,1,5523.14,0
86,236,12,74,0.7633,4.4,1,0,0.0,0,24.81,1,5523.14,1
169,236,12,94,0.8925,4.74,1,0,0.0,1,1.49,1,5523.14,1
185,236,0,4,0.6072,3.77,1,0,0.0,0,25.25,1,5523.14,0
113,236,1,6,0.6183,3.94,1,1,1.0,0,42.55,1,5523.14,1
7,236,1,11,0.516,3.75,1,0,0.0,0,14.79,1,5523.14,1
18,236,10,72,0.7035,4.47,1,1,1.0,0,35.13,1,5523.14,1
63,236,15,43,0.7991,4.38,1,0,0.0,0,12.96,1,5523.14,1
155,236,2,12,0.6036,4.08,1,0,0.0,0,46.43,1,5523.14,0
136,236,7,46,0.6328,4.26,1,0,0.0,1,6.63,1,5523.14,1
74,236,8,47,0.7955,4.4,1,0,0.0,0,34.64,1,5523.14,1
192,237,13,23,0.8275,4.74,2,0,0.0,0,21.47,5,2007.26,0
61,237,13,65,0.8096,4.39,2,1,0.5,0,48.52,5,2007.26,1
175,237,13,33,0.897,4.75,2,1,0.5,0,20.29,5,2007.26,1
126,237,9,61,0.696,3.93,2,0,0.0,0,39.6,5,2007.26,0
157,237,3,10,0.6034,3.98,2,0,0.0,0,21.99,5,2007.26,1
65,237,4,33,0.5827,3.85,2,0,0.0,0,26.41,5,2007.26,0
89,237,6,46,0.638,4.19,2,0,0.0,0,44.07,5,2007.26,0
163,237,14,88,0.8498,4.65,2,0,0.0,0,15.0,5,2007.26,0
117,237,12,73,0.7692,4.26,2,2,1.0,0,18.32,5,2007.26,1
123,237,4,18,0.7048,4.35,2,2,1.0,0,45.34,5,2007.26,1
40,237,4,20,0.5791,3.96,2,0,0.0,0,28.09,5,2007.26,0
138,237,4,8,0.5727,4.06,2,1,0.5,0,28.54,5,2007.26,1
93,237,5,24,0.6821,4.37,2,0,0.0,1,6.82,5,2007.26,1
58,237,14,34,0.8839,4.53,2,0,0.0,1,5.53,5,2007.26,1
37,237,9,22,0.844,4.25,2,0,0.0,0,38.5,5,2007.26,0
187,238,10,32,0.8495,4.59,1,0,0.0,1,1.53,2,14437.18,1
169,238,12,94,0.8925,4.74,1,1,1.0,0,22.01,2,14437.18,1
159,238,4,19,0.5685,3.83,1,0,0.0,0,40.98,2,14437.18,0
94,238,12,46,0.8401,4.46,1,1,1.0,0,12.04,2,14437.18,1
119,238,6,45,0.6451,4.26,1,0,0.0,0,32.07,2,14437.18,1
141,238,13,53,0.8697,4.44,1,0,0.0,0,25.37,2,14437.18,1
196,238,14,18,0.7727,4.18,1,1,1.0,0,17.21,2,14437.18,1
105,238,13,56,0.9182,4.61,1,0,0.0,0,37.76,2,14437.18,1
96,238,1,13,0.6111,4.03,1,1,1.0,1,6.84,2,14437.18,1
165,238,1,4,0.6024,4.33,1,0,0.0,0,39.84,2,14437.18,0
79,238,14,115,0.7531,4.18,1,0,0.0,0,16.23,2,14437.18,1
55,238,0,1,0.5,3.84,1,1,1.0,0,41.27,2,14437.18,1
101,238,4,22,0.6289,4.2,1,0,0.0,0,26.45,2,14437.18,0
37,238,9,22,0.844,4.25,1,0,0.0,0,44.72,2,14437.18,1
121,238,10,63,0.7316,4.05,1,0,0.0,0,47.25,2,14437.18,1
196,239,14,18,0.7727,4.18,3,1,0.3333,0,22.53,5,13510.67,0
157,239,3,10,0.6034,3.98,3,1,0.3333,0,18.12,5,13510.67,1
136,239,7,46,0.6328,4.26,3,1,0.3333,0,18.52,5,13510.67,0
189,239,9,74,0.7467,4.48,3,2,0.6667,0,24.52,5,13510.67,0
161,239,2,17,0.5796,3.87,3,0,0.0,0,33.34,5,13510.67,0
10,239,1,4,0.6229,4.25,3,1,0.3333,0,29.0,5,13510.67,0
174,239,9,69,0.8377,4.27,3,1,0.3333,0,21.59,5,13510.67,1
25,239,3,6,0.6436,4.02,3,2,0.6667,0,32.48,5,13510.67,0
17,239,11,31,0.8221,4.6,3,0,0.0,0,16.08,5,13510.67,1
22,239,0,5,0.5497,3.99,3,1,0.3333,0,31.29,5,13510.67,0
6,239,3,15,0.5392,3.8,3,1,0.3333,0,16.33,5,13510.67,0
3,239,6,51,0.717,4.27,3,2,0.6667,1,4.96,5,13510.67,0
14,239,2,14,0.5687,4.27,3,2,0.6667,0,37.6,5,13510.67,0
85,239,9,69,0.7612,4.22,3,1,0.3333,0,49.04,5,13510.67,1
24,239,6,40,0.6238,4.33,3,1,0.3333,0,15.87,5,13510.67,1
194,240,14,19,0.8808,4.78,2,1,0.5,0,17.27,5,8921.17,0
11,240,6,47,0.6899,4.42,2,0,0.0,0,48.81,5,8921.17,0
35,240,3,5,0.6218,4.07,2,1,0.5,0,32.67,5,8921.17,0
98,240,15,51,0.8693,4.45,2,1,0.5,0,49.51,5,8921.17,0
122,240,5,21,0.7395,4.55,2,1,0.5,0,12.76,5,8921.17,1
123,240,4,18,0.7048,4.35,2,0,0.0,0,22.0,5,8921.17,0
44,240,5,31,0.5795,4.13,2,0,0.0,0,15.98,5,8921.17,0
197,240,14,61,0.817,4.58,2,1,0.5,0,41.64,5,8921.17,1
6,240,3,15,0.5392,3.8,2,0,0.0,0,48.46,5,8921.17,0
151,240,15,82,0.8701,4.24,2,0,0.0,0,38.46,5,8921.17,0
177,240,8,36,0.813,4.2,2,0,0.0,0,13.32,5,8921.17,0
93,240,5,24,0.6821,4.37,2,2,1.0,0,41.97,5,8921.17,1
113,240,1,6,0.6183,3.94,2,0,0.0,0,45.64,5,8921.17,0
150,240,14,67,0.7992,4.54,2,0,0.0,1,2.11,5,8921.17,0
147,240,4,29,0.5625,4.11,2,0,0.0,0,17.68,5,8921.17,0
134,241,4,4,0.6145,4.23,1,0,0.0,0,20.91,1,9082.49,0
7,241,1,11,0.516,3.75,1,1,1.0,1,6.74,1,9082.49,1
126,241,9,61,0.696,3.93,1,0,0.0,0,23.32,1,9082.49,1
82,241,5,17,0.6139,4.05,1,0,0.0,0,44.88,1,9082.49,0
43,241,11,82,0.8841,4.49,1,0,0.0,0,10.43,1,9082.49,1
14,241,2,14,0.5687,4.27,1,0,0.0,0,22.11,1,9082.49,1
167,241,2,12,0.517,3.99,1,0,0.0,0,28.8,1,9082.49,1
62,241,0,5,0.5185,3.59,1,1,1.0,0,37.81,1,9082.49,1
180,241,9,69,0.8003,4.17,1,0,0.0,0,25.01,1,9082.49,1
79,241,14,115,0.7531,4.18,1,0,0.0,0,30.5,1,9082.49,0
68,241,6,7,0.7118,4.07,1,0,0.0,0,26.98,1,9082.49,0
115,241,7,36,0.7398,4.26,1,0,0.0,0,15.29,1,9082.49,1
111,241,15,84,0.7565,4.05,1,1,1.0,0,20.46,1,9082.49,1
87,241,2,9,0.5213,4.05,1,1,1.0,0,21.27,1,9082.49,1
11,241,6,47,0.6899,4.42,1,0,0.0,0,27.99,1,9082.49,0
171,242,4,13,0.5639,4.17,2,0,0.0,0,42.06,3,4284.37,0
82,242,5,17,0.6139,4.05,2,1,0.5,0,44.55,3,4284.37,1
131,242,10,41,0.878,4.7,2,0,0.0,0,10.54,3,4284.37,0
30,242,15,34,0.7842,4.19,2,0,0.0,0,44.81,3,4284.37,1
6,242,3,15,0.5392,3.8,2,1,0.5,0,16.25,3,4284.37,1
33,242,2,15,0.6183,4.1,2,1,0.5,0,44.85,3,4284.37,1
196,242,14,18,0.7727,4.18,2,1,0.5,0,44.94,3,4284.37,1
28,242,0,1,0.6167,4.27,2,1,0.5,0,14.23,3,4284.37,1
63,242,15,43,0.7991,4.38,2,1,0.5,0,38.17,3,4284.37,1
20,242,5,21,0.67,4.22,2,0,0.0,0,39.84,3,4284.37,1
46,242,9,38,0.7151,4.33,2,0,0.0,0,13.67,3,4284.37,0
96,242,1,13,0.6111,4.03,2,1,0.5,0,10.15,3,4284.37,0
17,242,11,31,0.8221,4.6,2,0,0.0,0,19.32,3,4284.37,1
40,242,4,20,0.5791,3.96,2,0,0.0,0,13.18,3,4284.37,1
147,242,4,29,0.5625,4.11,2,0,0.0,0,31.17,3,4284.37,0
51,243,13,54,0.8224,4.31,2,1,0.5,0,13.18,1,4443.36,0
182,243,3,4,0.5679,4.06,2,1,0.5,0,20.53,1,4443.36,0
127,243,7,41,0.6494,4.09,2,2,1.0,0,33.02,1,4443.36,1
155,243,2,12,0.6036,4.08,2,0,0.0,0,14.96,1,4443.36,0
181,243,8,21,0.8003,4.42,2,0,0.0,0,17.53,1,4443.36,0
48,243,5,42,0.7483,4.16,2,2,1.0,0,40.25,1,4443.36,1
121,243,10,63,0.7316,4.05,2,1,0.5,0,25.79,1,4443.36,1
74,243,8,47,0.7955,4.4,2,2,1.0,1,3.32,1,4443.36,1
188,243,14,18,0.8028,4.12,2,1,0.5,0,35.62,1,4443.36,1
174,243,9,69,0.8377,4.27,2,0,0.0,0,20.04,1,4443.36,1
152,243,6,25,0.7702,4.5,2,1,0.5,0,19.63,1,4443.36,1
16,243,8,40,0.7872,4.37,2,0,0.0,0,45.62,1,4443.36,1
114,243,5,15,0.6065,4.11,2,0,0.0,0,21.26,1,4443.36,1
130,243,11,18,0.7967,4.2,2,0,0.0,0,12.46,1,4443.36,1
2,243,2,20,0.5759,3.7,2,0,0.0,0,46.11,1,4443.36,1
194,244,14,19,0.8808,4.78,1,0,0.0,1,6.97,1,2080.11,1
111,244,15,84,0.7565,4.05,1,0,0.0,0,12.64,1,2080.11,1
21,244,11,67,0.8869,4.52,1,0,0.0,0,43.59,1,2080.11,1
173,244,13,59,0.8717,4.36,1,0,0.0,0,39.69,1,2080.11,1
196,244,14,18,0.7727,4.18,1,1,1.0,0,29.99,1,2080.11,1
184,244,13,36,0.8696,4.27,1,0,0.0,0,22.54,1,2080.11,0
115,244,7,36,0.7398,4.26,1,1,1.0,0,17.61,1,2080.11,1
4,244,5,32,0.6362,3.89,1,0,0.0,0,11.71,1,2080.11,1
191,244,12,55,0.9253,4.61,1,0,0.0,0,28.6,1,2080.11,1
23,244,7,11,0.788,4.58,1,0,0.0,0,46.94,1,2080.11,0
82,244,5,17,0.6139,4.05,1,0,0.0,1,9.74,1,2080.11,1
151,244,15,82,0.8701,4.24,1,0,0.0,0,45.96,1,2080.11,1
198,244,12,52,0.8669,4.36,1,1,1.0,0,15.68,1,2080.11,1
93,244,5,24,0.6821,4.37,1,0,0.0,0,26.78,1,2080.11,1
179,244,11,39,0.7301,4.52,1,1,1.0,0,15.58,1,2080.11,1
162,245,2,11,0.5831,3.72,1,0,0.0,0,16.0,1,5053.48,1
39,245,15,47,0.913,4.8,1,0,0.0,0,10.87,1,5053.48,1
103,245,3,23,0.6748,4.16,1,1,1.0,0,22.14,1,5053.48,0
94,245,12,46,0.8401,4.46,1,0,0.0,0,31.97,1,5053.48,1
4,245,5,32,0.6362,3.89,1,0,0.0,0,29.46,1,5053.48,0
112,245,3,27,0.6391,4.32,1,0,0.0,1,4.61,1,5053.48,0
170,245,11,13,0.7903,4.18,1,1,1.0,0,16.39,1,5053.48,1
45,245,3,15,0.682,4.39,1,1,1.0,0,12.39,1,5053.48,0
152,245,6,25,0.7702,4.5,1,0,0.0,0,12.68,1,5053.48,1
48,245,5,42,0.7483,4.16,1,0,0.0,0,29.07,1,5053.48,1
56,245,12,43,0.7766,4.46,1,1,1.0,0,19.41,1,5053.48,1
25,245,3,6,0.6436,4.02,1,0,0.0,0,42.14,1,5053.48,1
5,245,12,24,0.8146,4.32,1,1,1.0,0,10.52,1,5053.48,1
101,245,4,22,0.6289,4.2,1,0,0.0,0,16.34,1,5053.48,0
121,245,10,63,0.7316,4.05,1,0,0.0,0,37.36,1,5053.48,1
32,246,2,7,0.5123,3.61,3,1,0.3333,0,27.88,1,7218.53,1
154,246,11,20,0.7965,4.53,3,1,0.3333,0,18.38,1,7218.53,1
34,246,8,33,0.6736,4.25,3,1,0.3333,0,19.34,1,7218.53,0
136,246,7,46,0.6328,4.26,3,1,0.3333,0,22.5,1,7218.53,0
73,246,3,16,0.6979,4.29,3,0,0.0,0,48.9,1,7218.53,0
88,246,14,70,0.8035,4.45,3,0,0.0,0,32.2,1,7218.53,1
186,246,2,13,0.5434,4.02,3,1,0.3333,0,23.24,1,7218.53,1
96,246,1,13,0.6111,4.03,3,1,0.3333,0,15.09,1,7218.53,1
177,246,8,36,0.813,4.2,3,1,0.3333,0,35.31,1,7218.53,0
33,246,2,15,0.6183,4.1,3,2,0.6667,0,19.16,1,7218.53,1
95,246,10,42,0.7047,4.06,3,0,0.0,0,19.48,1,7218.53,0
145,246,11,25,0.8623,4.55,3,0,0.0,0,29.54,1,7218.53,1
122,246,5,21,0.7395,4.55,3,1,0.3333,1,0.68,1,7218.53,1
17,246,11,31,0.8221,4.6,3,0,0.0,0,13.82,1,7218.53,1
5,246,12,24,0.8146,4.32,3,1,0.3333,1,6.42,1,7218.53,1
126,247,9,61,0.696,3.93,1,0,0.0,0,43.91,5,12482.61,1
119,247,6,45,0.6451,4.26,1,0,0.0,0,19.86,5,12482.61,0
155,247,2,12,0.6036,4.08,1,0,0.0,0,23.09,5,12482.61,0
187,247,10,32,0.8495,4.59,1,1,1.0,0,29.3,5,12482.61,1
69,247,6,35,0.7259,4.42,1,1,1.0,0,20.91,5,12482.61,1
18,247,10,72,0.7035,4.47,1,0,0.0,1,9.86,5,12482.61,1
116,247,14,58,0.9278,4.5,1,0,0.0,0,31.45,5,12482.61,0
100,247,14,66,0.7598,4.33,1,1,1.0,0,35.83,5,12482.61,0
200,247,15,40,0.7721,4.55,1,0,0.0,0,33.9,5,12482.61,1
50,247,13,21,0.9208,4.86,1,0,0.0,0,39.34,5,12482.61,0
198,247,12,52,0.8669,4.36,1,1,1.0,0,17.8,5,12482.61,1
71,247,7,13,0.7505,4.18,1,0,0.0,0,21.3,5,12482.61,0
183,247,0,5,0.5535,4.08,1,0,0.0,1,4.52,5,12482.61,0
37,247,9,22,0.844,4.25,1,0,0.0,0,10.44,5,12482.61,1
94,247,12,46,0.8401,4.46,1,0,0.0,0,15.76,5,12482.61,1
167,248,2,12,0.517,3.99,1,0,0.0,0,27.77,2,2650.7,1
165,248,1,4,0.6024,4.33,1,0,0.0,0,47.48,2,2650.7,0
196,248,14,18,0.7727,4.18,1,0,0.0,1,2.38,2,2650.7,1
108,248,15,105,0.9144,4.52,1,0,0.0,0,21.39,2,2650.7,1
21,248,11,67,0.8869,4.52,1,0,0.0,0,22.91,2,2650.7,1
95,248,10,42,0.7047,4.06,1,0,0.0,0,12.1,2,2650.7,1
120,248,9,65,0.681,4.09,1,0,0.0,0,29.08,2,2650.7,1
199,248,15,81,0.8197,4.46,1,1,1.0,0,43.27,2,2650.7,1
38,248,4,21,0.6007,3.86,1,0,0.0,1,0.74,2,2650.7,1
115,248,7,36,0.7398,4.26,1,0,0.0,0,22.96,2,2650.7,1
161,248,2,17,0.5796,3.87,1,0,0.0,0,34.52,2,2650.7,0
98,248,15,51,0.8693,4.45,1,0,0.0,0,35.74,2,2650.7,1
143,248,10,25,0.7739,4.57,1,0,0.0,0,40.26,2,2650.7,1
41,248,2,6,0.5982,4.23,1,0,0.0,0,30.47,2,2650.7,0
153,248,15,110,0.8275,4.22,1,0,0.0,0,38.55,2,2650.7,1
18,249,10,72,0.7035,4.47,2,0,0.0,0,23.74,3,10319.16,1
36,249,9,29,0.7539,4.33,2,1,0.5,0,26.02,3,10319.16,1
39,249,15,47,0.913,4.8,2,1,0.5,0,26.65,3,10319.16,1
27,249,8,37,0.695,4.45,2,0,0.0,0,37.78,3,10319.16,0
134,249,4,4,0.6145,4.23,2,0,0.0,0,13.58,3,10319.16,1
42,249,1,5,0.5406,4.18,2,0,0.0,1,2.01,3,10319.16,0
183,249,0,5,0.5535,4.08,2,0,0.0,0,44.75,3,10319.16,1
61,249,13,65,0.8096,4.39,2,1,0.5,1,1.04,3,10319.16,1
24,249,6,40,0.6238,4.33,2,1,0.5,0,10.97,3,10319.16,1
194,249,14,19,0.8808,4.78,2,0,0.0,0,37.89,3,10319.16,1
93,249,5,24,0.6821,4.37,2,0,0.0,0,11.69,3,10319.16,0
92,249,7,48,0.6518,3.98,2,0,0.0,0,48.0,3,10319.16,0
87,249,2,9,0.5213,4.05,2,2,1.0,0,15.51,3,10319.16,1
21,249,11,67,0.8869,4.52,2,0,0.0,0,25.5,3,10319.16,1
106,249,14,82,0.8372,4.36,2,1,0.5,0,25.83,3,10319.16,1
75,250,7,60,0.7932,4.25,1,0,0.0,0,33.31,5,12891.72,1
127,250,7,41,0.6494,4.09,1,0,0.0,0,38.07,5,12891.72,0
7,250,1,11,0.516,3.75,1,0,0.0,0,24.72,5,12891.72,0
172,250,4,28,0.5778,3.8,1,1,1.0,0,16.57,5,12891.72,1
183,250,0,5,0.5535,4.08,1,1,1.0,0,31.45,5,12891.72,0
179,250,11,39,0.7301,4.52,1,1,1.0,0,39.77,5,12891.72,1
107,250,7,43,0.6939,4.41,1,0,0.0,1,5.78,5,12891.72,1
141,250,13,53,0.8697,4.44,1,1,1.0,0,16.39,5,12891.72,1
18,250,10,72,0.7035,4.47,1,1,1.0,0,34.3,5,12891.72,1
11,250,6,47,0.6899,4.42,1,0,0.0,0,23.08,5,12891.72,1
52,250,5,44,0.6774,4.11,1,0,0.0,0,14.77,5,12891.72,1
151,250,15,82,0.8701,4.24,1,1,1.0,1,0.77,5,12891.72,1
10,250,1,4,0.6229,4.25,1,0,0.0,1,6.69,5,12891.72,0
54,250,10,21,0.8473,4.63,1,0,0.0,0,26.23,5,12891.72,1
59,250,15,95,0.7931,4.34,1,0,0.0,0,11.67,5,12891.72,0
191,251,12,55,0.9253,4.61,3,2,0.6667,1,1.02,2,1977.66,1
53,251,10,69,0.7795,4.46,3,1,0.3333,0,32.67,2,1977.66,0
52,251,5,44,0.6774,4.11,3,1,0.3333,0,20.09,2,1977.66,1
195,251,12,58,0.8424,4.62,3,0,0.0,0,22.4,2,1977.66,1
146,251,8,9,0.6825,4.3,3,0,0.0,0,17.24,2,1977.66,1
189,251,9,74,0.7467,4.48,3,1,0.3333,1,5.25,2,1977.66,1
192,251,13,23,0.8275,4.74,3,2,0.6667,0,38.8,2,1977.66,1
77,251,10,45,0.8585,4.62,3,1,0.3333,0,25.63,2,1977.66,1
177,251,8,36,0.813,4.2,3,1,0.3333,0,46.83,2,1977.66,1
173,251,13,59,0.8717,4.36,3,2,0.6667,1,6.17,2,1977.66,1
55,251,0,1,0.5,3.84,3,2,0.6667,0,36.68,2,1977.66,0
152,251,6,25,0.7702,4.5,3,1,0.3333,0,13.11,2,1977.66,1
78,251,6,11,0.6434,4.05,3,0,0.0,0,10.01,2,1977.66,1
93,251,5,24,0.6821,4.37,3,1,0.3333,0,12.0,2,1977.66,1
119,251,6,45,0.6451,4.26,3,0,0.0,0,20.97,2,1977.66,1
114,252,5,15,0.6065,4.11,1,0,0.0,0,21.2,2,12540.4,0
98,252,15,51,0.8693,4.45,1,0,0.0,0,21.9,2,12540.4,1
187,252,10,32,0.8495,4.59,1,0,0.0,0,14.8,2,12540.4,1
146,252,8,9,0.6825,4.3,1,1,1.0,0,28.28,2,12540.4,1
41,252,2,6,0.5982,4.23,1,0,0.0,0,49.33,2,12540.4,0
25,252,3,6,0.6436,4.02,1,1,1.0,0,14.81,2,12540.4,1
14,252,2,14,0.5687,4.27,1,1,1.0,0,48.1,2,12540.4,1
95,252,10,42,0.7047,4.06,1,0,0.0,0,45.21,2,12540.4,0
56,252,12,43,0.7766,4.46,1,1,1.0,0,16.98,2,12540.4,1
166,252,9,58,0.7486,4.2,1,0,0.0,0,38.99,2,12540.4,1
49,252,3,15,0.6869,4.0,1,1,1.0,1,8.92,2,12540.4,1
109,252,3,17,0.5429,4.17,1,0,0.0,1,3.09,2,12540.4,1
190,252,11,17,0.8808,4.43,1,0,0.0,0,32.53,2,12540.4,1
96,252,1,13,0.6111,4.03,1,0,0.0,0,37.67,2,12540.4,1
20,252,5,21,0.67,4.22,1,0,0.0,0,25.9,2,12540.4,1
10,253,1,4,0.6229,4.25,1,1,1.0,1,7.33,1,5897.48,1
128,253,3,29,0.6131,4.0,1,0,0.0,0,20.69,1,5897.48,0
111,253,15,84,0.7565,4.05,1,0,0.0,0,48.53,1,5897.48,1
120,253,9,65,0.681,4.09,1,0,0.0,0,37.59,1,5897.48,0
106,253,14,82,0.8372,4.36,1,1,1.0,0,49.83,1,5897.48,1
45,253,3,15,0.682,4.39,1,0,0.0,0,32.53,1,5897.48,0
4,253,5,32,0.6362,3.89,1,0,0.0,0,32.36,1,5897.48,0
148,253,6,30,0.6756,4.07,1,0,0.0,0,41.68,1,5897.48,0
12,253,7,54,0.726,4.11,1,0,0.0,0,39.7,1,5897.48,1
169,253,12,94,0.8925,4.74,1,0,0.0,0,13.54,1,5897.48,1
17,253,11,31,0.8221,4.6,1,0,0.0,0,42.83,1,5897.48,1
198,253,12,52,0.8669,4.36,1,0,0.0,0,24.93,1,5897.48,0
72,253,1,6,0.5709,4.07,1,0,0.0,0,39.05,1,5897.48,0
182,253,3,4,0.5679,4.06,1,0,0.0,0,22.83,1,5897.48,0
73,253,3,16,0.6979,4.29,1,0,0.0,0,26.28,1,5897.48,0
96,254,1,13,0.6111,4.03,3,0,0.0,0,20.13,2,14958.84,1
120,254,9,65,0.681,4.09,3,1,0.3333,0,46.99,2,14958.84,1
89,254,6,46,0.638,4.19,3,0,0.0,0,28.03,2,14958.84,0
197,254,14,61,0.817,4.58,3,0,0.0,0,37.21,2,14958.84,0
75,254,7,60,0.7932,4.25,3,0,0.0,0,23.74,2,14958.84,0
38,254,4,21,0.6007,3.86,3,1,0.3333,0,49.31,2,14958.84,1
173,254,13,59,0.8717,4.36,3,0,0.0,0,23.67,2,14958.84,1
193,254,10,47,0.7552,4.37,3,0,0.0,0,39.79,2,14958.84,0
127,254,7,41,0.6494,4.09,3,1,0.3333,0,32.95,2,14958.84,0
139,254,14,78,0.859,4.26,3,0,0.0,0,41.69,2,14958.84,0
105,254,13,56,0.9182,4.61,3,1,0.3333,1,4.27,2,14958.84,1
93,254,5,24,0.6821,4.37,3,2,0.6667,0,45.23,2,14958.84,0
111,254,15,84,0.7565,4.05,3,1,0.3333,0,31.76,2,14958.84,1
23,254,7,11,0.788,4.58,3,1,0.3333,0,33.02,2,14958.84,1
155,254,2,12,0.6036,4.08,3,1,0.3333,0,32.02,2,14958.84,0
190,255,11,17,0.8808,4.43,3,1,0.3333,0,18.76,4,2276.65,1
59,255,15,95,0.7931,4.34,3,0,0.0,0,26.32,4,2276.65,0
176,255,3,25,0.6773,4.38,3,1,0.3333,0,14.26,4,2276.65,0
182,255,3,4,0.5679,4.06,3,2,0.6667,0,28.15,4,2276.65,0
86,255,12,74,0.7633,4.4,3,1,0.3333,0,45.81,4,2276.65,1
126,255,9,61,0.696,3.93,3,2,0.6667,0,10.02,4,2276.65,1
30,255,15,34,0.7842,4.19,3,0,0.0,0,30.18,4,2276.65,1
84,255,1,9,0.5276,4.17,3,0,0.0,0,15.77,4,2276.65,1
188,255,14,18,0.8028,4.12,3,0,0.0,0,48.0,4,2276.65,1
96,255,1,13,0.6111,4.03,3,2,0.6667,0,26.24,4,2276.65,0
141,255,13,53,0.8697,4.44,3,1,0.3333,0,31.68,4,2276.65,1
102,255,7,52,0.6535,4.16,3,1,0.3333,0,42.58,4,2276.65,1
134,255,4,4,0.6145,4.23,3,1,0.3333,0,11.24,4,2276.65,1
169,255,12,94,0.8925,4.74,3,0,0.0,0,17.43,4,2276.65,0
101,255,4,22,0.6289,4.2,3,0,0.0,0,12.85,4,2276.65,1
31,256,1,1,0.5802,4.0,1,0,0.0,0,34.77,4,6780.77,0
109,256,3,17,0.5429,4.17,1,1,1.0,0,35.41,4,6780.77,1
92,256,7,48,0.6518,3.98,1,0,0.0,0,37.16,4,6780.77,0
170,256,11,13,0.7903,4.18,1,0,0.0,0,30.0,4,6780.77,1
104,256,7,36,0.7242,4.18,1,0,0.0,1,2.93,4,6780.77,1
3,256,6,51,0.717,4.27,1,0,0.0,0,41.91,4,6780.77,0
179,256,11,39,0.7301,4.52,1,1,1.0,0,40.79,4,6780.77,1
153,256,15,110,0.8275,4.22,1,0,0.0,0,33.48,4,6780.77,0
77,256,10,45,0.8585,4.62,1,0,0.0,0,47.96,4,6780.77,0
88,256,14,70,0.8035,4.45,1,0,0.0,0,49.79,4,6780.77,1
100,256,14,66,0.7598,4.33,1,1,1.0,1,9.65,4,6780.77,1
96,256,1,13,0.6111,4.03,1,1,1.0,0,13.47,4,6780.77,1
54,256,10,21,0.8473,4.63,1,1,1.0,0,13.68,4,6780.77,1
78,256,6,11,0.6434,4.05,1,0,0.0,0,43.23,4,6780.77,0
110,256,2,17,0.6407,3.96,1,1,1.0,1,1.39,4,6780.77,1
87,257,2,9,0.5213,4.05,2,1,0.5,0,10.41,2,3005.7,1
62,257,0,5,0.5185,3.59,2,1,0.5,0,44.51,2,3005.7,0
155,257,2,12,0.6036,4.08,2,2,1.0,1,9.39,2,3005.7,1
121,257,10,63,0.7316,4.05,2,0,0.0,0,30.08,2,3005.7,1
9,257,5,39,0.7062,4.02,2,0,0.0,1,7.12,2,3005.7,1
83,257,7,30,0.6573,3.84,2,1,0.5,0,47.0,2,3005.7,1
80,257,15,85,0.8456,4.43,2,0,0.0,0,11.95,2,3005.7,1
142,257,13,25,0.884,4.46,2,0,0.0,0,37.93,2,3005.7,1
199,257,15,81,0.8197,4.46,2,0,0.0,0,46.09,2,3005.7,1
181,257,8,21,0.8003,4.42,2,0,0.0,0,16.51,2,3005.7,1
116,257,14,58,0.9278,4.5,2,0,0.0,1,3.65,2,3005.7,1
56,257,12,43,0.7766,4.46,2,1,0.5,0,16.19,2,3005.7,1
158,257,5,9,0.6669,3.92,2,0,0.0,0,17.96,2,3005.7,1
106,257,14,82,0.8372,4.36,2,0,0.0,0,10.23,2,3005.7,0
25,257,3,6,0.6436,4.02,2,1,0.5,1,8.16,2,3005.7,0
198,258,12,52,0.8669,4.36,1,0,0.0,0,14.06,2,6967.17,1
97,258,2,17,0.5626,3.86,1,0,0.0,0,39.61,2,6967.17,0
12,258,7,54,0.726,4.11,1,0,0.0,0,32.51,2,6967.17,1
78,258,6,11,0.6434,4.05,1,0,0.0,0,24.67,2,6967.17,0
47,258,11,93,0.8167,4.53,1,1,1.0,0,10.82,2,6967.17,1
58,258,14,34,0.8839,4.53,1,1,1.0,1,7.09,2,6967.17,1
88,258,14,70,0.8035,4.45,1,0,0.0,0,14.25,2,6967.17,1
175,258,13,33,0.897,4.75,1,0,0.0,0,21.16,2,6967.17,1
150,258,14,67,0.7992,4.54,1,1,1.0,0,26.89,2,6967.17,1
127,258,7,41,0.6494,4.09,1,0,0.0,0,20.51,2,6967.17,0
59,258,15,95,0.7931,4.34,1,1,1.0,1,3.9,2,6967.17,1
183,258,0,5,0.5535,4.08,1,1,1.0,1,9.23,2,6967.17,1
114,258,5,15,0.6065,4.11,1,0,0.0,0,45.02,2,6967.17,1
180,258,9,69,0.8003,4.17,1,0,0.0,0,16.48,2,6967.17,1
30,258,15,34,0.7842,4.19,1,0,0.0,0,36.59,2,6967.17,1
140,259,7,33,0.686,4.16,1,0,0.0,0,15.9,3,9446.17,1
96,259,1,13,0.6111,4.03,1,0,0.0,0,38.06,3,9446.17,1
143,259,10,25,0.7739,4.57,1,0,0.0,0,12.4,3,9446.17,0
68,259,6,7,0.7118,4.07,1,1,1.0,0,14.51,3,9446.17,1
123,259,4,18,0.7048,4.35,1,0,0.0,0,33.42,3,9446.17,1
18,259,10,72,0.7035,4.47,1,0,0.0,0,45.22,3,9446.17,1
169,259,12,94,0.8925,4.74,1,0,0.0,0,46.83,3,9446.17,0
48,259,5,42,0.7483,4.16,1,1,1.0,0,42.05,3,9446.17,1
150,259,14,67,0.7992,4.54,1,0,0.0,0,28.99,3,9446.17,1
106,259,14,82,0.8372,4.36,1,0,0.0,0,13.96,3,9446.17,1
30,259,15,34,0.7842,4.19,1,0,0.0,0,35.34,3,9446.17,1
144,259,9,54,0.6936,4.2,1,0,0.0,0,42.15,3,9446.17,1
11,259,6,47,0.6899,4.42,1,0,0.0,0,15.08,3,9446.17,0
60,259,10,79,0.7145,4.03,1,0,0.0,0,44.45,3,9446.17,1
52,259,5,44,0.6774,4.11,1,0,0.0,0,30.54,3,9446.17,0
145,260,11,25,0.8623,4.55,2,0,0.0,0,25.79,3,1384.2,1
43,260,11,82,0.8841,4.49,2,0,0.0,0,39.06,3,1384.2,1
64,260,4,5,0.7132,4.29,2,1,0.5,0,27.99,3,1384.2,0
161,260,2,17,0.5796,3.87,2,0,0.0,0,18.99,3,1384.2,0
193,260,10,47,0.7552,4.37,2,0,0.0,0,29.17,3,1384.2,0
106,260,14,82,0.8372,4.36,2,1,0.5,0,30.38,3,1384.2,1
93,260,5,24,0.6821,4.37,2,0,0.0,0,44.87,3,1384.2,0
58,260,14,34,0.8839,4.53,2,1,0.5,0,19.65,3,1384.2,1
68,260,6,7,0.7118,4.07,2,0,0.0,1,5.22,3,1384.2,1
105,260,13,56,0.9182,4.61,2,0,0.0,0,33.99,3,1384.2,1
16,260,8,40,0.7872,4.37,2,1,0.5,0,32.47,3,1384.2,1
111,260,15,84,0.7565,4.05,2,1,0.5,0,41.08,3,1384.2,1
11,260,6,47,0.6899,4.42,2,0,0.0,1,0.88,3,1384.2,1
83,260,7,30,0.6573,3.84,2,0,0.0,0,21.23,3,1384.2,0
200,260,15,40,0.7721,4.55,2,0,0.0,1,9.87,3,1384.2,1
138,261,4,8,0.5727,4.06,2,1,0.5,0,36.44,5,9818.46,1
155,261,2,12,0.6036,4.08,2,1,0.5,0,28.77,5,9818.46,1
84,261,1,9,0.5276,4.17,2,0,0.0,0,29.59,5,9818.46,0
79,261,14,115,0.7531,4.18,2,0,0.0,0,30.68,5,9818.46,0
121,261,10,63,0.7316,4.05,2,0,0.0,0,20.06,5,9818.46,1
131,261,10,41,0.878,4.7,2,0,0.0,1,3.08,5,9818.46,1
125,261,0,5,0.6092,4.08,2,0,0.0,0,30.54,5,9818.46,0
99,261,2,12,0.5454,3.7,2,0,0.0,0,46.23,5,9818.46,0
194,261,14,19,0.8808,4.78,2,0,0.0,0,32.64,5,9818.46,1
177,261,8,36,0.813,4.2,2,0,0.0,0,22.25,5,9818.46,0
151,261,15,82,0.8701,4.24,2,0,0.0,0,30.71,5,9818.46,1
178,261,14,58,0.9175,4.55,2,1,0.5,0,20.56,5,9818.46,1
144,261,9,54,0.6936,4.2,2,1,0.5,0,36.36,5,9818.46,0
175,261,13,33,0.897,4.75,2,0,0.0,0,45.62,5,9818.46,1
154,261,11,20,0.7965,4.53,2,0,0.0,0,40.8,5,9818.46,1
176,262,3,25,0.6773,4.38,1,0,0.0,0,19.88,3,14846.35,0
93,262,5,24,0.6821,4.37,1,0,0.0,0,35.34,3,14846.35,1
183,262,0,5,0.5535,4.08,1,0,0.0,0,45.49,3,14846.35,0
139,262,14,78,0.859,4.26,1,0,0.0,0,25.0,3,14846.35,1
142,262,13,25,0.884,4.46,1,0,0.0,0,38.68,3,14846.35,0
83,262,7,30,0.6573,3.84,1,0,0.0,0,28.36,3,14846.35,1
53,262,10,69,0.7795,4.46,1,0,0.0,0,20.19,3,14846.35,1
119,262,6,45,0.6451,4.26,1,0,0.0,0,14.98,3,14846.35,1
149,262,4,14,0.6858,3.91,1,0,0.0,0,32.03,3,14846.35,1
134,262,4,4,0.6145,4.23,1,0,0.0,0,12.66,3,14846.35,0
45,262,3,15,0.682,4.39,1,0,0.0,0,20.19,3,14846.35,0
31,262,1,1,0.5802,4.0,1,1,1.0,0,47.39,3,14846.35,1
186,262,2,13,0.5434,4.02,1,0,0.0,0,42.85,3,14846.35,0
75,262,7,60,0.7932,4.25,1,0,0.0,0,26.82,3,14846.35,1
164,262,15,79,0.7772,4.09,1,1,1.0,0,49.26,3,14846.35,1
126,263,9,61,0.696,3.93,2,2,1.0,0,43.89,5,13733.82,1
153,263,15,110,0.8275,4.22,2,1,0.5,0,31.94,5,13733.82,1
28,263,0,1,0.6167,4.27,2,1,0.5,0,41.35,5,13733.82,0
122,263,5,21,0.7395,4.55,2,1,0.5,0,37.47,5,13733.82,1
112,263,3,27,0.6391,4.32,2,0,0.0,0,45.65,5,13733.82,0
100,263,14,66,0.7598,4.33,2,1,0.5,0,10.39,5,13733.82,1
81,263,9,41,0.7165,4.37,2,1,0.5,1,6.43,5,13733.82,1
31,263,1,1,0.5802,4.0,2,1,0.5,0,27.19,5,13733.82,1
36,263,9,29,0.7539,4.33,2,1,0.5,0,34.73,5,13733.82,1
47,263,11,93,0.8167,4.53,2,0,0.0,0,20.67,5,13733.82,0
32,263,2,7,0.5123,3.61,2,0,0.0,0,43.63,5,13733.82,1
93,263,5,24,0.6821,4.37,2,1,0.5,0,32.15,5,13733.82,1
195,263,12,58,0.8424,4.62,2,0,0.0,0,18.79,5,13733.82,0
14,263,2,14,0.5687,4.27,2,1,0.5,0,43.0,5,13733.82,1
11,263,6,47,0.6899,4.42,2,0,0.0,0,34.65,5,13733.82,0
24,264,6,40,0.6238,4.33,2,1,0.5,0,45.68,5,877.91,0
147,264,4,29,0.5625,4.11,2,0,0.0,0,21.18,5,877.91,1
190,264,11,17,0.8808,4.43,2,1,0.5,0,36.85,5,877.91,1
158,264,5,9,0.6669,3.92,2,0,0.0,0,44.44,5,877.91,0
70,264,9,22,0.7792,4.61,2,2,1.0,0,27.85,5,877.91,1
125,264,0,5,0.6092,4.08,2,0,0.0,0,43.89,5,877.91,0
32,264,2,7,0.5123,3.61,2,1,0.5,0,27.77,5,877.91,1
25,264,3,6,0.6436,4.02,2,0,0.0,0,45.52,5,877.91,0
64,264,4,5,0.7132,4.29,2,1,0.5,0,40.03,5,877.91,1
105,264,13,56,0.9182,4.61,2,1,0.5,0,40.6,5,877.91,1
57,264,7,61,0.6468,3.89,2,1,0.5,0,36.93,5,877.91,1
62,264,0,5,0.5185,3.59,2,1,0.5,0,45.01,5,877.91,1
118,264,8,8,0.7519,4.41,2,1,0.5,0,10.83,5,877.91,1
157,264,3,10,0.6034,3.98,2,1,0.5,0,25.52,5,877.91,1
43,264,11,82,0.8841,4.49,2,0,0.0,0,18.22,5,877.91,1
20,265,5,21,0.67,4.22,1,0,0.0,0,45.94,4,1349.57,1
154,265,11,20,0.7965,4.53,1,0,0.0,0,45.11,4,1349.57,0
179,265,11,39,0.7301,4.52,1,1,1.0,0,37.46,4,1349.57,1
175,265,13,33,0.897,4.75,1,1,1.0,0,35.82,4,1349.57,1
97,265,2,17,0.5626,3.86,1,0,0.0,0,38.52,4,1349.57,1
44,265,5,31,0.5795,4.13,1,0,0.0,0,32.87,4,1349.57,0
104,265,7,36,0.7242,4.18,1,0,0.0,0,10.82,4,1349.57,1
54,265,10,21,0.8473,4.63,1,0,0.0,1,4.73,4,1349.57,1
56,265,12,43,0.7766,4.46,1,1,1.0,0,27.49,4,1349.57,1
81,265,9,41,0.7165,4.37,1,0,0.0,0,20.76,4,1349.57,0
91,265,9,67,0.6878,4.03,1,0,0.0,1,2.97,4,1349.57,1
71,265,7,13,0.7505,4.18,1,0,0.0,0,18.77,4,1349.57,0
64,265,4,5,0.7132,4.29,1,0,0.0,0,30.69,4,1349.57,0
184,265,13,36,0.8696,4.27,1,0,0.0,0,17.83,4,1349.57,1
75,265,7,60,0.7932,4.25,1,0,0.0,0,25.26,4,1349.57,1
59,266,15,95,0.7931,4.34,3,1,0.3333,0,15.67,2,4093.93,1
24,266,6,40,0.6238,4.33,3,1,0.3333,0,44.84,2,4093.93,1
182,266,3,4,0.5679,4.06,3,0,0.0,0,26.38,2,4093.93,1
41,266,2,6,0.5982,4.23,3,1,0.3333,0,12.67,2,4093.93,0
158,266,5,9,0.6669,3.92,3,1,0.3333,0,34.84,2,4093.93,1
179,266,11,39,0.7301,4.52,3,1,0.3333,0,41.32,2,4093.93,0
142,266,13,25,0.884,4.46,3,0,0.0,0,44.67,2,4093.93,0
13,266,4,36,0.6388,4.25,3,1,0.3333,1,3.24,2,4093.93,1
65,266,4,33,0.5827,3.85,3,1,0.3333,0,26.93,2,4093.93,1
21,266,11,67,0.8869,4.52,3,1,0.3333,0,10.69,2,4093.93,0
135,266,1,3,0.6085,4.06,3,2,0.6667,1,6.23,2,4093.93,1
66,266,10,58,0.7501,4.57,3,0,0.0,0,40.91,2,4093.93,1
116,266,14,58,0.9278,4.5,3,1,0.3333,0,41.33,2,4093.93,1
39,266,15,47,0.913,4.8,3,1,0.3333,1,7.9,2,4093.93,1
76,266,10,13,0.789,4.27,3,1,0.3333,0,24.76,2,4093.93,1
137,267,15,123,0.8223,4.54,2,0,0.0,0,16.68,4,8847.54,1
48,267,5,42,0.7483,4.16,2,0,0.0,0,43.86,4,8847.54,1
63,267,15,43,0.7991,4.38,2,0,0.0,0,34.36,4,8847.54,1
3,267,6,51,0.717,4.27,2,1,0.5,1,7.94,4,8847.54,1
84,267,1,9,0.5276,4.17,2,1,0.5,0,28.2,4,8847.54,0
44,267,5,31,0.5795,4.13,2,0,0.0,0,38.54,4,8847.54,1
197,267,14,61,0.817,4.58,2,1,0.5,0,34.24,4,8847.54,1
70,267,9,22,0.7792,4.61,2,0,0.0,0,49.31,4,8847.54,1
132,267,6,43,0.6389,4.32,2,1,0.5,0,21.49,4,8847.54,1
6,267,3,15,0.5392,3.8,2,0,0.0,0,29.6,4,8847.54,0
129,267,6,34,0.68,4.02,2,0,0.0,0,32.01,4,8847.54,0
130,267,11,18,0.7967,4.2,2,1,0.5,0,45.55,4,8847.54,1
15,267,8,57,0.7654,4.09,2,1,0.5,0,35.89,4,8847.54,1
101,267,4,22,0.6289,4.2,2,0,0.0,0,41.46,4,8847.54,0
35,267,3,5,0.6218,4.07,2,0,0.0,0,43.51,4,8847.54,0
65,268,4,33,0.5827,3.85,2,0,0.0,0,46.17,3,9091.53,0
135,268,1,3,0.6085,4.06,2,0,0.0,0,21.98,3,9091.53,1
105,268,13,56,0.9182,4.61,2,1,0.5,0,29.49,3,9091.53,1
43,268,11,82,0.8841,4.49,2,1,0.5,0,18.62,3,9091.53,1
129,268,6,34,0.68,4.02,2,0,0.0,0,40.01,3,9091.53,1
128,268,3,29,0.6131,4.0,2,0,0.0,0,33.62,3,9091.53,0
33,268,2,15,0.6183,4.1,2,1,0.5,0,15.59,3,9091.53,0
10,268,1,4,0.6229,4.25,2,0,0.0,0,25.85,3,9091.53,1
53,268,10,69,0.7795,4.46,2,1,0.5,0,46.02,3,9091.53,0
19,268,2,4,0.6317,4.28,2,1,0.5,0,20.12,3,9091.53,1
154,268,11,20,0.7965,4.53,2,0,0.0,0,38.52,3,9091.53,1
95,268,10,42,0.7047,4.06,2,0,0.0,0,18.19,3,9091.53,1
77,268,10,45,0.8585,4.62,2,0,0.0,0,48.38,3,9091.53,1
30,268,15,34,0.7842,4.19,2,0,0.0,0,15.82,3,9091.53,0
155,268,2,12,0.6036,4.08,2,0,0.0,0,14.05,3,9091.53,0
90,269,2,7,0.5005,3.82,3,2,0.6667,1,2.34,4,14251.34,0
120,269,9,65,0.681,4.09,3,0,0.0,0,16.64,4,14251.34,0
99,269,2,12,0.5454,3.7,3,0,0.0,0,15.84,4,14251.34,0
168,269,2,20,0.6195,4.32,3,1,0.3333,0,20.78,4,14251.34,1
111,269,15,84,0.7565,4.05,3,0,0.0,0,18.75,4,14251.34,1
20,269,5,21,0.67,4.22,3,0,0.0,0,10.97,4,14251.34,0
154,269,11,20,0.7965,4.53,3,0,0.0,0,41.94,4,14251.34,1
76,269,10,13,0.789,4.27,3,1,0.3333,0,34.87,4,14251.34,1
91,269,9,67,0.6878,4.03,3,0,0.0,0,12.04,4,14251.34,0
132,269,6,43,0.6389,4.32,3,1,0.3333,0,14.93,4,14251.34,1
142,269,13,25,0.884,4.46,3,0,0.0,0,29.5,4,14251.34,0
123,269,4,18,0.7048,4.35,3,1,0.3333,0,11.45,4,14251.34,0
11,269,6,47,0.6899,4.42,3,1,0.3333,0,39.15,4,14251.34,1
18,269,10,72,0.7035,4.47,3,1,0.3333,0,12.69,4,14251.34,0
85,269,9,69,0.7612,4.22,3,0,0.0,0,47.32,4,14251.34,1
170,270,11,13,0.7903,4.18,3,1,0.3333,0,18.81,2,1808.73,1
183,270,0,5,0.5535,4.08,3,1,0.3333,0,10.48,2,1808.73,1
113,270,1,6,0.6183,3.94,3,2,0.6667,0,26.74,2,1808.73,1
188,270,14,18,0.8028,4.12,3,0,0.0,0,41.98,2,1808.73,0
185,270,0,4,0.6072,3.77,3,1,0.3333,0,27.08,2,1808.73,0
163,270,14,88,0.8498,4.65,3,1,0.3333,1,9.91,2,1808.73,1
69,270,6,35,0.7259,4.42,3,1,0.3333,0,49.64,2,1808.73,1
37,270,9,22,0.844,4.25,3,0,0.0,0,11.5,2,1808.73,0
196,270,14,18,0.7727,4.18,3,1,0.3333,0,41.48,2,1808.73,1
51,270,13,54,0.8224,4.31,3,0,0.0,0,46.61,2,1808.73,1
24,270,6,40,0.6238,4.33,3,1,0.3333,0,36.9,2,1808.73,1
158,270,5,9,0.6669,3.92,3,0,0.0,0,36.78,2,1808.73,0
99,270,2,12,0.5454,3.7,3,0,0.0,0,23.71,2,1808.73,0
71,270,7,13,0.7505,4.18,3,0,0.0,0,24.88,2,1808.73,1
101,270,4,22,0.6289,4.2,3,0,0.0,0,48.26,2,1808.73,0
141,271,13,53,0.8697,4.44,3,1,0.3333,0,45.86,5,5310.14,1
190,271,11,17,0.8808,4.43,3,1,0.3333,0,10.89,5,5310.14,1
85,271,9,69,0.7612,4.22,3,1,0.3333,1,3.62,5,5310.14,1
162,271,2,11,0.5831,3.72,3,0,0.0,0,29.95,5,5310.14,0
171,271,4,13,0.5639,4.17,3,0,0.0,0,26.19,5,5310.14,0
84,271,1,9,0.5276,4.17,3,1,0.3333,0,22.01,5,5310.14,0
135,271,1,3,0.6085,4.06,3,2,0.6667,0,14.26,5,5310.14,1
40,271,4,20,0.5791,3.96,3,0,0.0,0,18.95,5,5310.14,0
175,271,13,33,0.897,4.75,3,2,0.6667,0,45.23,5,5310.14,1
184,271,13,36,0.8696,4.27,3,0,0.0,0,46.21,5,5310.14,0
151,271,15,82,0.8701,4.24,3,1,0.3333,0,37.9,5,5310.14,1
134,271,4,4,0.6145,4.23,3,1,0.3333,0,26.51,5,5310.14,1
72,271,1,6,0.5709,4.07,3,2,0.6667,0,32.66,5,5310.14,1
153,271,15,110,0.8275,4.22,3,0,0.0,0,19.7,5,5310.14,0
200,271,15,40,0.7721,4.55,3,1,0.3333,0,47.94,5,5310.14,1
199,272,15,81,0.8197,4.46,1,0,0.0,0,29.46,3,10895.6,0
81,272,9,41,0.7165,4.37,1,0,0.0,1,9.31,3,10895.6,1
15,272,8,57,0.7654,4.09,1,0,0.0,0,18.56,3,10895.6,1
112,272,3,27,0.6391,4.32,1,0,0.0,0,19.4,3,10895.6,1
104,272,7,36,0.7242,4.18,1,0,0.0,0,42.18,3,10895.6,1
111,272,15,84,0.7565,4.05,1,0,0.0,0,33.92,3,10895.6,1
40,272,4,20,0.5791,3.96,1,0,0.0,0,44.13,3,10895.6,1
107,272,7,43,0.6939,4.41,1,0,0.0,0,13.29,3,10895.6,0
122,272,5,21,0.7395,4.55,1,0,0.0,0,16.0,3,10895.6,1
8,272,8,37,0.7644,4.24,1,0,0.0,1,9.02,3,10895.6,0
86,272,12,74,0.7633,4.4,1,1,1.0,0,41.74,3,10895.6,1
95,272,10,42,0.7047,4.06,1,0,0.0,0,16.08,3,10895.6,1
31,272,1,1,0.5802,4.0,1,0,0.0,0,28.85,3,10895.6,1
79,272,14,115,0.7531,4.18,1,0,0.0,0,21.66,3,10895.6,0
61,272,13,65,0.8096,4.39,1,0,0.0,0,37.15,3,10895.6,0
180,273,9,69,0.8003,4.17,1,1,1.0,0,42.86,2,9005.83,1
92,273,7,48,0.6518,3.98,1,1,1.0,1,2.11,2,9005.83,1
171,273,4,13,0.5639,4.17,1,0,0.0,0,49.74,2,9005.83,1
147,273,4,29,0.5625,4.11,1,0,0.0,0,33.73,2,9005.83,0
23,273,7,11,0.788,4.58,1,0,0.0,0,31.04,2,9005.83,0
11,273,6,47,0.6899,4.42,1,0,0.0,0,21.38,2,9005.83,1
43,273,11,82,0.8841,4.49,1,0,0.0,0,34.25,2,9005.83,1
80,273,15,85,0.8456,4.43,1,0,0.0,0,35.74,2,9005.83,1
85,273,9,69,0.7612,4.22,1,0,0.0,0,13.84,2,9005.83,1
26,273,10,23,0.7448,4.1,1,0,0.0,0,37.56,2,9005.83,1
10,273,1,4,0.6229,4.25,1,0,0.0,0,44.09,2,9005.83,0
150,273,14,67,0.7992,4.54,1,0,0.0,0,37.8,2,9005.83,0
22,273,0,5,0.5497,3.99,1,1,1.0,0,24.35,2,9005.83,1
158,273,5,9,0.6669,3.92,1,0,0.0,0,21.75,2,9005.83,0
1,273,3,3,0.6585,3.98,1,0,0.0,1,4.31,2,9005.83,0
61,274,13,65,0.8096,4.39,1,0,0.0,0,15.91,3,14428.1,0
80,274,15,85,0.8456,4.43,1,0,0.0,0,15.04,3,14428.1,0
171,274,4,13,0.5639,4.17,1,0,0.0,0,21.3,3,14428.1,1
84,274,1,9,0.5276,4.17,1,0,0.0,0,22.8,3,14428.1,1
54,274,10,21,0.8473,4.63,1,0,0.0,0,29.26,3,14428.1,1
62,274,0,5,0.5185,3.59,1,0,0.0,1,9.33,3,14428.1,0
119,274,6,45,0.6451,4.26,1,0,0.0,0,36.87,3,14428.1,0
39,274,15,47,0.913,4.8,1,1,1.0,0,22.1,3,14428.1,1
181,274,8,21,0.8003,4.42,1,0,0.0,0,45.82,3,14428.1,0
40,274,4,20,0.5791,3.96,1,0,0.0,0,24.57,3,14428.1,0
10,274,1,4,0.6229,4.25,1,0,0.0,0,23.8,3,14428.1,1
21,274,11,67,0.8869,4.52,1,0,0.0,0,43.64,3,14428.1,0
16,274,8,40,0.7872,4.37,1,1,1.0,0,25.58,3,14428.1,1
151,274,15,82,0.8701,4.24,1,0,0.0,0,28.54,3,14428.1,0
31,274,1,1,0.5802,4.0,1,1,1.0,0,41.35,3,14428.1,1
116,275,14,58,0.9278,4.5,3,0,0.0,0,26.63,2,5177.75,1
35,275,3,5,0.6218,4.07,3,2,0.6667,0,49.53,2,5177.75,1
84,275,1,9,0.5276,4.17,3,0,0.0,0,45.37,2,5177.75,1
191,275,12,55,0.9253,4.61,3,1,0.3333,0,34.16,2,5177.75,0
182,275,3,4,0.5679,4.06,3,1,0.3333,0,46.29,2,5177.75,0
109,275,3,17,0.5429,4.17,3,1,0.3333,0,26.71,2,5177.75,0
169,275,12,94,0.8925,4.74,3,1,0.3333,0,35.26,2,5177.75,1
81,275,9,41,0.7165,4.37,3,0,0.0,0,42.01,2,5177.75,1
193,275,10,47,0.7552,4.37,3,1,0.3333,0,10.11,2,5177.75,1
146,275,8,9,0.6825,4.3,3,1,0.3333,1,8.33,2,5177.75,1
180,275,9,69,0.8003,4.17,3,1,0.3333,0,18.44,2,5177.75,1
48,275,5,42,0.7483,4.16,3,2,0.6667,0,36.35,2,5177.75,1
2,275,2,20,0.5759,3.7,3,0,0.0,0,30.2,2,5177.75,0
43,275,11,82,0.8841,4.49,3,0,0.0,0,45.58,2,5177.75,0
65,275,4,33,0.5827,3.85,3,1,0.3333,0,34.5,2,5177.75,1
112,276,3,27,0.6391,4.32,3,0,0.0,0,26.29,5,10754.15,0
198,276,12,52,0.8669,4.36,3,0,0.0,0,41.67,5,10754.15,1
188,276,14,18,0.8028,4.12,3,1,0.3333,0,45.13,5,10754.15,0
11,276,6,47,0.6899,4.42,3,0,0.0,0,46.56,5,10754.15,0
117,276,12,73,0.7692,4.26,3,1,0.3333,0,19.24,5,10754.15,1
185,276,0,4,0.6072,3.77,3,1,0.3333,0,33.64,5,10754.15,0
152,276,6,25,0.7702,4.5,3,1,0.3333,0,22.01,5,10754.15,0
141,276,13,53,0.8697,4.44,3,0,0.0,1,0.87,5,10754.15,1
75,276,7,60,0.7932,4.25,3,2,0.6667,0,46.18,5,10754.15,1
138,276,4,8,0.5727,4.06,3,1,0.3333,0,20.61,5,10754.15,0
194,276,14,19,0.8808,4.78,3,1,0.3333,0,11.62,5,10754.15,0
12,276,7,54,0.726,4.11,3,2,0.6667,0,27.97,5,10754.15,1
73,276,3,16,0.6979,4.29,3,1,0.3333,0,27.2,5,10754.15,0
86,276,12,74,0.7633,4.4,3,0,0.0,0,42.1,5,10754.15,1
5,276,12,24,0.8146,4.32,3,1,0.3333,0,42.58,5,10754.15,1
107,277,7,43,0.6939,4.41,3,1,0.3333,0,21.5,4,12309.59,1
5,277,12,24,0.8146,4.32,3,0,0.0,0,19.39,4,12309.59,0
129,277,6,34,0.68,4.02,3,1,0.3333,0,32.43,4,12309.59,1
188,277,14,18,0.8028,4.12,3,1,0.3333,0,31.8,4,12309.59,1
197,277,14,61,0.817,4.58,3,1,0.3333,1,7.01,4,12309.59,1
164,277,15,79,0.7772,4.09,3,0,0.0,0,35.87,4,12309.59,0
79,277,14,115,0.7531,4.18,3,1,0.3333,0,10.83,4,12309.59,1
154,277,11,20,0.7965,4.53,3,0,0.0,0,39.98,4,12309.59,1
170,277,11,13,0.7903,4.18,3,1,0.3333,0,36.3,4,12309.59,1
14,277,2,14,0.5687,4.27,3,0,0.0,0,26.62,4,12309.59,0
128,277,3,29,0.6131,4.0,3,1,0.3333,0,18.16,4,12309.59,1
149,277,4,14,0.6858,3.91,3,1,0.3333,0,13.9,4,12309.59,0
55,277,0,1,0.5,3.84,3,2,0.6667,0,22.38,4,12309.59,1
137,277,15,123,0.8223,4.54,3,2,0.6667,0,31.95,4,12309.59,1
142,277,13,25,0.884,4.46,3,1,0.3333,0,49.31,4,12309.59,0
1,278,3,3,0.6585,3.98,2,0,0.0,1,8.43,5,11068.05,0
62,278,0,5,0.5185,3.59,2,0,0.0,0,30.43,5,11068.05,0
17,278,11,31,0.8221,4.6,2,0,0.0,0,34.57,5,11068.05,0
200,278,15,40,0.7721,4.55,2,0,0.0,0,24.25,5,11068.05,1
198,278,12,52,0.8669,4.36,2,1,0.5,0,17.06,5,11068.05,1
195,278,12,58,0.8424,4.62,2,1,0.5,1,5.68,5,11068.05,1
70,278,9,22,0.7792,4.61,2,1,0.5,0,10.73,5,11068.05,0
46,278,9,38,0.7151,4.33,2,1,0.5,0,42.18,5,11068.05,0
30,278,15,34,0.7842,4.19,2,0,0.0,0,13.46,5,11068.05,1
196,278,14,18,0.7727,4.18,2,1,0.5,0,15.83,5,11068.05,1
116,278,14,58,0.9278,4.5,2,1,0.5,0,42.61,5,11068.05,1
87,278,2,9,0.5213,4.05,2,0,0.0,0,29.15,5,11068.05,0
32,278,2,7,0.5123,3.61,2,1,0.5,0,35.26,5,11068.05,1
129,278,6,34,0.68,4.02,2,0,0.0,0,44.14,5,11068.05,0
197,278,14,61,0.817,4.58,2,0,0.0,0,27.3,5,11068.05,0
199,279,15,81,0.8197,4.46,2,0,0.0,0,47.35,5,9234.64,0
104,279,7,36,0.7242,4.18,2,0,0.0,0,32.3,5,9234.64,0
55,279,0,1,0.5,3.84,2,1,0.5,0,22.89,5,9234.64,1
43,279,11,82,0.8841,4.49,2,0,0.0,0,46.0,5,9234.64,1
49,279,3,15,0.6869,4.0,2,1,0.5,0,17.52,5,9234.64,1
159,279,4,19,0.5685,3.83,2,0,0.0,1,0.66,5,9234.64,0
164,279,15,79,0.7772,4.09,2,0,0.0,0,24.9,5,9234.64,1
124,279,8,42,0.6722,4.08,2,0,0.0,0,39.99,5,9234.64,1
151,279,15,82,0.8701,4.24,2,1,0.5,0,22.61,5,9234.64,1
192,279,13,23,0.8275,4.74,2,0,0.0,1,1.77,5,9234.64,1
179,279,11,39,0.7301,4.52,2,1,0.5,0,30.82,5,9234.64,1
18,279,10,72,0.7035,4.47,2,1,0.5,0,33.72,5,9234.64,1
191,279,12,55,0.9253,4.61,2,0,0.0,0,32.14,5,9234.64,1
59,279,15,95,0.7931,4.34,2,0,0.0,0,40.46,5,9234.64,1
169,279,12,94,0.8925,4.74,2,0,0.0,0,42.43,5,9234.64,0
164,280,15,79,0.7772,4.09,1,0,0.0,1,8.25,2,14081.97,0
82,280,5,17,0.6139,4.05,1,0,0.0,0,21.23,2,14081.97,0
63,280,15,43,0.7991,4.38,1,0,0.0,0,49.25,2,14081.97,0
80,280,15,85,0.8456,4.43,1,0,0.0,0,24.55,2,14081.97,1
138,280,4,8,0.5727,4.06,1,0,0.0,0,39.55,2,14081.97,1
109,280,3,17,0.5429,4.17,1,0,0.0,0,11.05,2,14081.97,1
76,280,10,13,0.789,4.27,1,0,0.0,0,17.39,2,14081.97,1
10,280,1,4,0.6229,4.25,1,0,0.0,0,15.5,2,14081.97,0
28,280,0,1,0.6167,4.27,1,1,1.0,0,33.98,2,14081.97,1
15,280,8,57,0.7654,4.09,1,0,0.0,0,14.53,2,14081.97,0
77,280,10,45,0.8585,4.62,1,0,0.0,0,40.72,2,14081.97,1
171,280,4,13,0.5639,4.17,1,0,0.0,1,1.68,2,14081.97,1
36,280,9,29,0.7539,4.33,1,0,0.0,0,33.29,2,14081.97,1
179,280,11,39,0.7301,4.52,1,0,0.0,0,11.96,2,14081.97,1
67,280,1,6,0.5154,3.62,1,0,0.0,0,40.43,2,14081.97,0
21,281,11,67,0.8869,4.52,2,1,0.5,0,13.72,2,14744.5,1
183,281,0,5,0.5535,4.08,2,1,0.5,0,39.64,2,14744.5,1
141,281,13,53,0.8697,4.44,2,1,0.5,0,13.77,2,14744.5,0
148,281,6,30,0.6756,4.07,2,1,0.5,1,0.54,2,14744.5,1
177,281,8,36,0.813,4.2,2,1,0.5,0,11.7,2,14744.5,1
140,281,7,33,0.686,4.16,2,0,0.0,0,26.24,2,14744.5,1
77,281,10,45,0.8585,4.62,2,0,0.0,0,16.35,2,14744.5,0
142,281,13,25,0.884,4.46,2,0,0.0,0,45.8,2,14744.5,1
169,281,12,94,0.8925,4.74,2,0,0.0,0,23.36,2,14744.5,1
26,281,10,23,0.7448,4.1,2,0,0.0,0,46.73,2,14744.5,0
104,281,7,36,0.7242,4.18,2,1,0.5,0,14.15,2,14744.5,1
193,281,10,47,0.7552,4.37,2,0,0.0,0,28.81,2,14744.5,0
11,281,6,47,0.6899,4.42,2,0,0.0,0,15.07,2,14744.5,0
80,281,15,85,0.8456,4.43,2,0,0.0,0,42.89,2,14744.5,1
108,281,15,105,0.9144,4.52,2,0,0.0,0,19.54,2,14744.5,1
175,282,13,33,0.897,4.75,3,2,0.6667,0,25.54,2,4345.58,1
134,282,4,4,0.6145,4.23,3,0,0.0,0,21.71,2,4345.58,1
70,282,9,22,0.7792,4.61,3,1,0.3333,0,48.95,2,4345.58,1
148,282,6,30,0.6756,4.07,3,2,0.6667,0,33.13,2,4345.58,1
187,282,10,32,0.8495,4.59,3,1,0.3333,0,34.66,2,4345.58,0
199,282,15,81,0.8197,4.46,3,1,0.3333,0,38.28,2,4345.58,1
49,282,3,15,0.6869,4.0,3,0,0.0,1,6.25,2,4345.58,1
127,282,7,41,0.6494,4.09,3,1,0.3333,0,14.58,2,4345.58,1
141,282,13,53,0.8697,4.44,3,1,0.3333,0,39.87,2,4345.58,1
61,282,13,65,0.8096,4.39,3,0,0.0,1,5.98,2,4345.58,1
16,282,8,40,0.7872,4.37,3,0,0.0,0,33.21,2,4345.58,0
111,282,15,84,0.7565,4.05,3,1,0.3333,0,19.95,2,4345.58,1
55,282,0,1,0.5,3.84,3,0,0.0,0,19.23,2,4345.58,1
157,282,3,10,0.6034,3.98,3,1,0.3333,0,11.86,2,4345.58,1
171,282,4,13,0.5639,4.17,3,1,0.3333,0,25.79,2,4345.58,0
71,283,7,13,0.7505,4.18,3,0,0.0,0,15.88,1,10946.0,1
29,283,12,19,0.7796,4.05,3,1,0.3333,0,14.93,1,10946.0,1
148,283,6,30,0.6756,4.07,3,2,0.6667,0,49.09,1,10946.0,1
1,283,3,3,0.6585,3.98,3,0,0.0,0,30.75,1,10946.0,1
167,283,2,12,0.517,3.99,3,1,0.3333,0,36.52,1,10946.0,0
54,283,10,21,0.8473,4.63,3,0,0.0,0,15.84,1,10946.0,1
184,283,13,36,0.8696,4.27,3,0,0.0,0,17.52,1,10946.0,1
179,283,11,39,0.7301,4.52,3,0,0.0,0,47.87,1,10946.0,1
4,283,5,32,0.6362,3.89,3,1,0.3333,0,29.56,1,10946.0,1
106,283,14,82,0.8372,4.36,3,1,0.3333,0,11.96,1,10946.0,1
28,283,0,1,0.6167,4.27,3,0,0.0,0,28.54,1,10946.0,1
88,283,14,70,0.8035,4.45,3,1,0.3333,0,45.56,1,10946.0,1
53,283,10,69,0.7795,4.46,3,2,0.6667,0,28.35,1,10946.0,1
115,283,7,36,0.7398,4.26,3,1,0.3333,0,26.54,1,10946.0,0
37,283,9,22,0.844,4.25,3,0,0.0,1,1.84,1,10946.0,1
110,284,2,17,0.6407,3.96,2,1,0.5,0,37.54,4,13326.0,1
197,284,14,61,0.817,4.58,2,0,0.0,0,29.07,4,13326.0,1
4,284,5,32,0.6362,3.89,2,0,0.0,0,16.42,4,13326.0,1
122,284,5,21,0.7395,4.55,2,1,0.5,0,46.19,4,13326.0,1
196,284,14,18,0.7727,4.18,2,1,0.5,0,19.38,4,13326.0,1
136,284,7,46,0.6328,4.26,2,1,0.5,0,18.75,4,13326.0,0
17,284,11,31,0.8221,4.6,2,0,0.0,0,30.39,4,13326.0,0
151,284,15,82,0.8701,4.24,2,0,0.0,0,14.39,4,13326.0,0
117,284,12,73,0.7692,4.26,2,1,0.5,0,30.88,4,13326.0,1
90,284,2,7,0.5005,3.82,2,0,0.0,0,20.87,4,13326.0,0
78,284,6,11,0.6434,4.05,2,1,0.5,0,41.98,4,13326.0,0
165,284,1,4,0.6024,4.33,2,0,0.0,0,10.81,4,13326.0,0
58,284,14,34,0.8839,4.53,2,0,0.0,0,45.39,4,13326.0,1
116,284,14,58,0.9278,4.5,2,1,0.5,0,21.31,4,13326.0,1
52,284,5,44,0.6774,4.11,2,1,0.5,0,40.31,4,13326.0,1
143,285,10,25,0.7739,4.57,2,0,0.0,1,4.49,4,1970.71,1
158,285,5,9,0.6669,3.92,2,1,0.5,0,29.24,4,1970.71,1
148,285,6,30,0.6756,4.07,2,1,0.5,0,39.3,4,1970.71,1
136,285,7,46,0.6328,4.26,2,1,0.5,0,26.99,4,1970.71,1
47,285,11,93,0.8167,4.53,2,0,0.0,0,20.88,4,1970.71,1
161,285,2,17,0.5796,3.87,2,1,0.5,0,26.08,4,1970.71,0
128,285,3,29,0.6131,4.0,2,1,0.5,0,34.06,4,1970.71,1
1,285,3,3,0.6585,3.98,2,1,0.5,0,13.84,4,1970.71,1
39,285,15,47,0.913,4.8,2,1,0.5,0,17.85,4,1970.71,1
6,285,3,15,0.5392,3.8,2,0,0.0,0,11.83,4,1970.71,0
84,285,1,9,0.5276,4.17,2,0,0.0,0,28.86,4,1970.71,1
197,285,14,61,0.817,4.58,2,2,1.0,0,23.34,4,1970.71,1
177,285,8,36,0.813,4.2,2,0,0.0,1,9.6,4,1970.71,1
198,285,12,52,0.8669,4.36,2,0,0.0,0,13.05,4,1970.71,1
142,285,13,25,0.884,4.46,2,0,0.0,0,15.48,4,1970.71,1
12,286,7,54,0.726,4.11,3,0,0.0,0,18.58,1,12088.32,1
53,286,10,69,0.7795,4.46,3,2,0.6667,0,11.46,1,12088.32,1
120,286,9,65,0.681,4.09,3,0,0.0,0,33.5,1,12088.32,1
106,286,14,82,0.8372,4.36,3,2,0.6667,0,21.22,1,12088.32,1
137,286,15,123,0.8223,4.54,3,0,0.0,0,27.99,1,12088.32,1
190,286,11,17,0.8808,4.43,3,1,0.3333,1,3.74,1,12088.32,1
19,286,2,4,0.6317,4.28,3,2,0.6667,0,14.75,1,12088.32,1
27,286,8,37,0.695,4.45,3,0,0.0,0,41.64,1,12088.32,1
175,286,13,33,0.897,4.75,3,1,0.3333,0,35.16,1,12088.32,1
141,286,13,53,0.8697,4.44,3,0,0.0,0,11.77,1,12088.32,1
113,286,1,6,0.6183,3.94,3,2,0.6667,0,31.64,1,12088.32,1
184,286,13,36,0.8696,4.27,3,0,0.0,0,37.83,1,12088.32,1
35,286,3,5,0.6218,4.07,3,1,0.3333,0,43.68,1,12088.32,0
57,286,7,61,0.6468,3.89,3,1,0.3333,0,18.65,1,12088.32,1
189,286,9,74,0.7467,4.48,3,1,0.3333,0,23.23,1,12088.32,1
150,287,14,67,0.7992,4.54,2,0,0.0,0,13.9,1,14299.1,1
59,287,15,95,0.7931,4.34,2,1,0.5,1,0.7,1,14299.1,1
148,287,6,30,0.6756,4.07,2,2,1.0,0,16.88,1,14299.1,1
72,287,1,6,0.5709,4.07,2,1,0.5,0,39.5,1,14299.1,1
1,287,3,3,0.6585,3.98,2,0,0.0,0,17.83,1,14299.1,1
110,287,2,17,0.6407,3.96,2,1,0.5,0,15.31,1,14299.1,1
179,287,11,39,0.7301,4.52,2,1,0.5,0,36.47,1,14299.1,1
90,287,2,7,0.5005,3.82,2,1,0.5,0,15.38,1,14299.1,1
92,287,7,48,0.6518,3.98,2,1,0.5,0,46.49,1,14299.1,1
193,287,10,47,0.7552,4.37,2,1,0.5,0,35.09,1,14299.1,1
116,287,14,58,0.9278,4.5,2,0,0.0,0,21.98,1,14299.1,1
143,287,10,25,0.7739,4.57,2,0,0.0,0,16.16,1,14299.1,1
43,287,11,82,0.8841,4.49,2,0,0.0,0,46.05,1,14299.1,1
7,287,1,11,0.516,3.75,2,0,0.0,0,10.3,1,14299.1,1
190,287,11,17,0.8808,4.43,2,0,0.0,0,31.32,1,14299.1,1
108,288,15,105,0.9144,4.52,2,2,1.0,1,5.44,5,11113.78,1
28,288,0,1,0.6167,4.27,2,1,0.5,1,6.93,5,11113.78,0
22,288,0,5,0.5497,3.99,2,0,0.0,0,47.28,5,11113.78,0
196,288,14,18,0.7727,4.18,2,2,1.0,0,46.69,5,11113.78,0
41,288,2,6,0.5982,4.23,2,2,1.0,0,45.46,5,11113.78,1
55,288,0,1,0.5,3.84,2,1,0.5,0,49.89,5,11113.78,0
19,288,2,4,0.6317,4.28,2,1,0.5,0,32.69,5,11113.78,0
40,288,4,20,0.5791,3.96,2,0,0.0,0,27.0,5,11113.78,0
107,288,7,43,0.6939,4.41,2,0,0.0,0,41.79,5,11113.78,1
112,288,3,27,0.6391,4.32,2,0,0.0,0,20.41,5,11113.78,1
59,288,15,95,0.7931,4.34,2,0,0.0,0,39.34,5,11113.78,0
180,288,9,69,0.8003,4.17,2,0,0.0,0,10.8,5,11113.78,1
43,288,11,82,0.8841,4.49,2,1,0.5,0,25.02,5,11113.78,1
69,288,6,35,0.7259,4.42,2,1,0.5,1,9.31,5,11113.78,0
183,288,0,5,0.5535,4.08,2,0,0.0,0,14.61,5,11113.78,0
14,289,2,14,0.5687,4.27,1,0,0.0,0,31.56,4,14786.5,1
59,289,15,95,0.7931,4.34,1,1,1.0,0,15.06,4,14786.5,1
189,289,9,74,0.7467,4.48,1,0,0.0,0,30.34,4,14786.5,0
180,289,9,69,0.8003,4.17,1,0,0.0,0,45.38,4,14786.5,1
137,289,15,123,0.8223,4.54,1,1,1.0,0,32.09,4,14786.5,1
29,289,12,19,0.7796,4.05,1,0,0.0,0,31.5,4,14786.5,1
144,289,9,54,0.6936,4.2,1,1,1.0,0,23.28,4,14786.5,1
123,289,4,18,0.7048,4.35,1,0,0.0,0,17.13,4,14786.5,0
102,289,7,52,0.6535,4.16,1,0,0.0,0,44.01,4,14786.5,1
167,289,2,12,0.517,3.99,1,1,1.0,0,42.11,4,14786.5,1
149,289,4,14,0.6858,3.91,1,0,0.0,0,35.45,4,14786.5,0
183,289,0,5,0.5535,4.08,1,1,1.0,0,34.99,4,14786.5,1
35,289,3,5,0.6218,4.07,1,1,1.0,0,38.84,4,14786.5,1
133,289,8,62,0.8271,4.73,1,0,0.0,0,39.51,4,14786.5,1
47,289,11,93,0.8167,4.53,1,0,0.0,0,16.59,4,14786.5,1
87,290,2,9,0.5213,4.05,3,1,0.3333,1,7.55,2,13401.42,1
8,290,8,37,0.7644,4.24,3,0,0.0,0,13.24,2,13401.42,0
9,290,5,39,0.7062,4.02,3,0,0.0,0,29.23,2,13401.42,0
196,290,14,18,0.7727,4.18,3,3,1.0,0,27.56,2,13401.42,1
3,290,6,51,0.717,4.27,3,2,0.6667,0,35.9,2,13401.42,1
200,290,15,40,0.7721,4.55,3,0,0.0,0,35.23,2,13401.42,0
7,290,1,11,0.516,3.75,3,1,0.3333,0,11.03,2,13401.42,1
199,290,15,81,0.8197,4.46,3,0,0.0,0,24.13,2,13401.42,1
171,290,4,13,0.5639,4.17,3,0,0.0,0,14.61,2,13401.42,0
177,290,8,36,0.813,4.2,3,0,0.0,0,35.82,2,13401.42,0
186,290,2,13,0.5434,4.02,3,2,0.6667,0,20.43,2,13401.42,1
22,290,0,5,0.5497,3.99,3,1,0.3333,0,42.51,2,13401.42,0
83,290,7,30,0.6573,3.84,3,1,0.3333,0,33.06,2,13401.42,1
43,290,11,82,0.8841,4.49,3,1,0.3333,1,5.17,2,13401.42,1
194,290,14,19,0.8808,4.78,3,1,0.3333,1,1.23,2,13401.42,1
196,291,14,18,0.7727,4.18,1,0,0.0,1,0.53,2,3480.48,1
74,291,8,47,0.7955,4.4,1,0,0.0,0,19.82,2,3480.48,1
129,291,6,34,0.68,4.02,1,0,0.0,1,3.74,2,3480.48,1
160,291,15,74,0.8858,4.7,1,0,0.0,0,30.64,2,3480.48,1
11,291,6,47,0.6899,4.42,1,0,0.0,0,26.21,2,3480.48,0
81,291,9,41,0.7165,4.37,1,0,0.0,1,2.74,2,3480.48,1
98,291,15,51,0.8693,4.45,1,0,0.0,0,20.78,2,3480.48,1
121,291,10,63,0.7316,4.05,1,0,0.0,0,22.87,2,3480.48,0
130,291,11,18,0.7967,4.2,1,1,1.0,0,24.65,2,3480.48,1
112,291,3,27,0.6391,4.32,1,0,0.0,0,41.41,2,3480.48,1
120,291,9,65,0.681,4.09,1,0,0.0,0,11.67,2,3480.48,0
7,291,1,11,0.516,3.75,1,1,1.0,0,35.0,2,3480.48,1
12,291,7,54,0.726,4.11,1,1,1.0,0,18.32,2,3480.48,1
154,291,11,20,0.7965,4.53,1,0,0.0,0,44.24,2,3480.48,1
13,291,4,36,0.6388,4.25,1,0,0.0,0,34.72,2,3480.48,0
5,292,12,24,0.8146,4.32,2,0,0.0,1,8.43,3,10078.67,1
198,292,12,52,0.8669,4.36,2,0,0.0,0,32.23,3,10078.67,1
160,292,15,74,0.8858,4.7,2,0,0.0,0,10.2,3,10078.67,1
200,292,15,40,0.7721,4.55,2,0,0.0,0,20.35,3,10078.67,0
163,292,14,88,0.8498,4.65,2,1,0.5,0,17.1,3,10078.67,0
135,292,1,3,0.6085,4.06,2,0,0.0,0,29.94,3,10078.67,0
48,292,5,42,0.7483,4.16,2,1,0.5,0,30.63,3,10078.67,1
33,292,2,15,0.6183,4.1,2,1,0.5,0,40.55,3,10078.67,1
17,292,11,31,0.8221,4.6,2,1,0.5,0,12.57,3,10078.67,1
16,292,8,40,0.7872,4.37,2,1,0.5,0,16.19,3,10078.67,1
69,292,6,35,0.7259,4.42,2,0,0.0,0,37.87,3,10078.67,0
13,292,4,36,0.6388,4.25,2,0,0.0,0,21.81,3,10078.67,1
32,292,2,7,0.5123,3.61,2,0,0.0,0,32.86,3,10078.67,0
101,292,4,22,0.6289,4.2,2,1,0.5,0,39.22,3,10078.67,1
65,292,4,33,0.5827,3.85,2,0,0.0,0,16.34,3,10078.67,1
108,293,15,105,0.9144,4.52,1,0,0.0,0,28.48,5,6197.08,1
194,293,14,19,0.8808,4.78,1,1,1.0,0,25.61,5,6197.08,1
184,293,13,36,0.8696,4.27,1,0,0.0,0,35.27,5,6197.08,1
34,293,8,33,0.6736,4.25,1,1,1.0,0,47.85,5,6197.08,1
95,293,10,42,0.7047,4.06,1,0,0.0,0,21.62,5,6197.08,0
185,293,0,4,0.6072,3.77,1,0,0.0,0,17.46,5,6197.08,0
186,293,2,13,0.5434,4.02,1,0,0.0,0,38.84,5,6197.08,0
136,293,7,46,0.6328,4.26,1,0,0.0,0,31.74,5,6197.08,1
111,293,15,84,0.7565,4.05,1,1,1.0,0,17.67,5,6197.08,1
55,293,0,1,0.5,3.84,1,0,0.0,0,39.17,5,6197.08,0
27,293,8,37,0.695,4.45,1,0,0.0,0,28.79,5,6197.08,1
80,293,15,85,0.8456,4.43,1,0,0.0,0,41.68,5,6197.08,0
200,293,15,40,0.7721,4.55,1,1,1.0,0,30.52,5,6197.08,0
65,293,4,33,0.5827,3.85,1,0,0.0,0,31.21,5,6197.08,0
22,293,0,5,0.5497,3.99,1,0,0.0,1,0.71,5,6197.08,1
28,294,0,1,0.6167,4.27,2,0,0.0,0,36.95,1,555.33,1
95,294,10,42,0.7047,4.06,2,0,0.0,0,21.59,1,555.33,1
62,294,0,5,0.5185,3.59,2,0,0.0,1,9.93,1,555.33,1
143,294,10,25,0.7739,4.57,2,0,0.0,0,18.19,1,555.33,1
179,294,11,39,0.7301,4.52,2,2,1.0,1,9.71,1,555.33,1
129,294,6,34,0.68,4.02,2,0,0.0,1,2.35,1,555.33,1
133,294,8,62,0.8271,4.73,2,2,1.0,0,33.48,1,555.33,1
46,294,9,38,0.7151,4.33,2,0,0.0,0,14.89,1,555.33,0
71,294,7,13,0.7505,4.18,2,0,0.0,0,42.27,1,555.33,0
85,294,9,69,0.7612,4.22,2,0,0.0,0,13.6,1,555.33,0
186,294,2,13,0.5434,4.02,2,2,1.0,0,28.19,1,555.33,1
35,294,3,5,0.6218,4.07,2,0,0.0,0,45.14,1,555.33,1
120,294,9,65,0.681,4.09,2,0,0.0,0,11.93,1,555.33,0
157,294,3,10,0.6034,3.98,2,1,0.5,0,19.64,1,555.33,1
16,294,8,40,0.7872,4.37,2,1,0.5,0,37.15,1,555.33,1
35,295,3,5,0.6218,4.07,2,0,0.0,0,29.87,2,1906.31,0
104,295,7,36,0.7242,4.18,2,0,0.0,0,49.66,2,1906.31,1
165,295,1,4,0.6024,4.33,2,1,0.5,0,48.43,2,1906.31,0
83,295,7,30,0.6573,3.84,2,0,0.0,0,41.16,2,1906.31,0
58,295,14,34,0.8839,4.53,2,0,0.0,0,30.98,2,1906.31,1
11,295,6,47,0.6899,4.42,2,0,0.0,0,46.46,2,1906.31,1
105,295,13,56,0.9182,4.61,2,1,0.5,0,11.06,2,1906.31,1
9,295,5,39,0.7062,4.02,2,0,0.0,0,33.44,2,1906.31,1
186,295,2,13,0.5434,4.02,2,0,0.0,0,26.6,2,1906.31,0
20,295,5,21,0.67,4.22,2,0,0.0,1,8.46,2,1906.31,1
22,295,0,5,0.5497,3.99,2,0,0.0,0,10.52,2,1906.31,0
193,295,10,47,0.7552,4.37,2,1,0.5,0,23.35,2,1906.31,1
157,295,3,10,0.6034,3.98,2,0,0.0,0,29.89,2,1906.31,0
195,295,12,58,0.8424,4.62,2,0,0.0,0,42.92,2,1906.31,1
130,295,11,18,0.7967,4.2,2,1,0.5,0,48.41,2,1906.31,0
1,296,3,3,0.6585,3.98,1,0,0.0,0,44.83,1,7366.77,0
159,296,4,19,0.5685,3.83,1,0,0.0,0,33.0,1,7366.77,1
175,296,13,33,0.897,4.75,1,0,0.0,0,21.69,1,7366.77,1
55,296,0,1,0.5,3.84,1,0,0.0,1,5.53,1,7366.77,1
101,296,4,22,0.6289,4.2,1,0,0.0,1,0.75,1,7366.77,1
95,296,10,42,0.7047,4.06,1,1,1.0,0,49.88,1,7366.77,1
157,296,3,10,0.6034,3.98,1,1,1.0,1,8.24,1,7366.77,1
89,296,6,46,0.638,4.19,1,0,0.0,0,18.62,1,7366.77,0
35,296,3,5,0.6218,4.07,1,0,0.0,0,15.92,1,7366.77,1
15,296,8,57,0.7654,4.09,1,0,0.0,0,21.0,1,7366.77,1
20,296,5,21,0.67,4.22,1,1,1.0,0,13.07,1,7366.77,1
80,296,15,85,0.8456,4.43,1,1,1.0,0,11.46,1,7366.77,1
155,296,2,12,0.6036,4.08,1,0,0.0,0,39.23,1,7366.77,1
19,296,2,4,0.6317,4.28,1,0,0.0,0,31.44,1,7366.77,0
32,296,2,7,0.5123,3.61,1,1,1.0,0,11.71,1,7366.77,1
6,297,3,15,0.5392,3.8,2,0,0.0,0,15.15,3,13475.72,0
200,297,15,40,0.7721,4.55,2,1,0.5,1,0.67,3,13475.72,1
87,297,2,9,0.5213,4.05,2,1,0.5,0,17.72,3,13475.72,0
61,297,13,65,0.8096,4.39,2,1,0.5,0,30.81,3,13475.72,1
127,297,7,41,0.6494,4.09,2,1,0.5,0,25.62,3,13475.72,0
102,297,7,52,0.6535,4.16,2,0,0.0,0,13.54,3,13475.72,0
110,297,2,17,0.6407,3.96,2,1,0.5,0,11.09,3,13475.72,1
112,297,3,27,0.6391,4.32,2,0,0.0,1,4.83,3,13475.72,1
191,297,12,55,0.9253,4.61,2,0,0.0,1,7.58,3,13475.72,1
12,297,7,54,0.726,4.11,2,1,0.5,0,17.02,3,13475.72,1
133,297,8,62,0.8271,4.73,2,0,0.0,0,45.9,3,13475.72,1
178,297,14,58,0.9175,4.55,2,1,0.5,0,42.7,3,13475.72,1
25,297,3,6,0.6436,4.02,2,0,0.0,0,17.34,3,13475.72,0
30,297,15,34,0.7842,4.19,2,0,0.0,0,29.42,3,13475.72,0
192,297,13,23,0.8275,4.74,2,0,0.0,0,26.98,3,13475.72,1
37,298,9,22,0.844,4.25,1,1,1.0,0,41.21,4,3180.78,1
160,298,15,74,0.8858,4.7,1,0,0.0,0,19.5,4,3180.78,0
54,298,10,21,0.8473,4.63,1,0,0.0,0,46.51,4,3180.78,0
135,298,1,3,0.6085,4.06,1,0,0.0,0,31.14,4,3180.78,0
68,298,6,7,0.7118,4.07,1,0,0.0,0,18.48,4,3180.78,0
75,298,7,60,0.7932,4.25,1,0,0.0,0,34.58,4,3180.78,1
192,298,13,23,0.8275,4.74,1,1,1.0,0,14.1,4,3180.78,1
11,298,6,47,0.6899,4.42,1,0,0.0,0,37.64,4,3180.78,1
30,298,15,34,0.7842,4.19,1,0,0.0,0,42.89,4,3180.78,1
62,298,0,5,0.5185,3.59,1,0,0.0,0,49.73,4,3180.78,0
78,298,6,11,0.6434,4.05,1,0,0.0,0,12.59,4,3180.78,1
142,298,13,25,0.884,4.46,1,0,0.0,0,32.96,4,3180.78,0
2,298,2,20,0.5759,3.7,1,1,1.0,0,38.59,4,3180.78,1
136,298,7,46,0.6328,4.26,1,1,1.0,0,20.21,4,3180.78,1
115,298,7,36,0.7398,4.26,1,1,1.0,0,26.11,4,3180.78,1
147,299,4,29,0.5625,4.11,2,0,0.0,1,7.43,4,4317.79,0
160,299,15,74,0.8858,4.7,2,2,1.0,0,49.25,4,4317.79,1
161,299,2,17,0.5796,3.87,2,0,0.0,0,45.57,4,4317.79,0
108,299,15,105,0.9144,4.52,2,1,0.5,0,31.41,4,4317.79,1
197,299,14,61,0.817,4.58,2,0,0.0,0,25.36,4,4317.79,0
97,299,2,17,0.5626,3.86,2,0,0.0,0,19.93,4,4317.79,0
200,299,15,40,0.7721,4.55,2,1,0.5,0,14.12,4,4317.79,1
169,299,12,94,0.8925,4.74,2,0,0.0,0,30.02,4,4317.79,1
76,299,10,13,0.789,4.27,2,0,0.0,0,34.75,4,4317.79,0
142,299,13,25,0.884,4.46,2,0,0.0,0,17.78,4,4317.79,1
165,299,1,4,0.6024,4.33,2,0,0.0,0,17.62,4,4317.79,1
155,299,2,12,0.6036,4.08,2,0,0.0,0,41.21,4,4317.79,0
195,299,12,58,0.8424,4.62,2,1,0.5,0,21.78,4,4317.79,1
154,299,11,20,0.7965,4.53,2,1,0.5,0,48.76,4,4317.79,1
191,299,12,55,0.9253,4.61,2,0,0.0,0,32.39,4,4317.79,0
105,300,13,56,0.9182,4.61,2,1,0.5,0,27.68,1,1393.77,1
160,300,15,74,0.8858,4.7,2,0,0.0,0,22.38,1,1393.77,0
180,300,9,69,0.8003,4.17,2,0,0.0,0,38.98,1,1393.77,1
6,300,3,15,0.5392,3.8,2,1,0.5,1,2.59,1,1393.77,1
143,300,10,25,0.7739,4.57,2,1,0.5,0,34.1,1,1393.77,1
122,300,5,21,0.7395,4.55,2,0,0.0,0,19.76,1,1393.77,0
40,300,4,20,0.5791,3.96,2,0,0.0,0,15.54,1,1393.77,0
102,300,7,52,0.6535,4.16,2,1,0.5,0,40.28,1,1393.77,1
164,300,15,79,0.7772,4.09,2,0,0.0,0,49.24,1,1393.77,0
31,300,1,1,0.5802,4.0,2,0,0.0,0,45.89,1,1393.77,0
118,300,8,8,0.7519,4.41,2,2,1.0,0,45.49,1,1393.77,1
196,300,14,18,0.7727,4.18,2,0,0.0,0,15.7,1,1393.77,1
107,300,7,43,0.6939,4.41,2,0,0.0,0,34.4,1,1393.77,1
8,300,8,37,0.7644,4.24,2,2,1.0,0,31.97,1,1393.77,1
165,300,1,4,0.6024,4.33,2,0,0.0,0,15.89,1,1393.77,0
